id_docente,asignatura,semestre,numero_estudiantes,puntaje_claridad,puntaje_metodologia,puntaje_evaluacion,comentario,tendencia_desempeno,sentimiento,sentimiento_final,puntaje_promedio
Docente_41,Matemáticas Básicas,2020-1,38,3.2,4.1,3.9,Cumple con el programa.,Estable,NEU,NEU,3.733333333333333
Docente_16,Programación Orientada a Objetos,2021-1,38,4.3,3.7,4.1,La clase es muy dinámica y entretenida.,Estable,POS,POS,4.033333333333333
Docente_44,Ingeniería de Software,2020-2,33,4.2,4.2,3.1,Me inspiró a seguir aprendiendo sobre este tema.,Mejora,POS,POS,3.8333333333333335
Docente_3,Matemáticas Básicas,2020-2,21,5.0,4.2,4.6,La clase es muy dinámica y entretenida.,Mejora,POS,POS,4.6
Docente_33,Estructuras de Datos,2020-1,32,4.1,3.7,4.1,La clase es muy dinámica y entretenida.,Mejora,POS,POS,3.9666666666666663
Docente_46,Ingeniería de Software,2023-1,22,4.1,3.6,3.9,La clase es muy aburrida y monótona.,Estable,NEG,NEG,3.8666666666666667
Docente_38,Bases de Datos,2020-1,39,3.5,4.4,3.9,Los talleres son muy útiles para aprender.,Estable,POS,POS,3.9333333333333336
Docente_45,Inteligencia Artificial,2022-2,23,3.5,3.9,3.3,Resuelve las dudas con mucha paciencia.,Estable,NEU,NEU,3.5666666666666664
Docente_14,Ética Profesional,2022-2,18,4.4,4.8,3.8,"Excelente profesor, muy claro.",Mejora,POS,POS,4.333333333333333
Docente_25,Matemáticas Básicas,2022-2,42,4.3,3.2,3.9,Se podría mejorar un poco el material de estudio.,Estable,NEU,NEG,3.8000000000000003
Docente_39,Bases de Datos,2020-1,38,2.7,3.2,1.8,La clase estuvo bien.,En riesgo,POS,NEU,2.566666666666667
Docente_35,Matemáticas Básicas,2023-1,17,3.7,4.4,4.9,Cumple con el programa.,Mejora,NEU,NEU,4.333333333333334
Docente_19,Ética Profesional,2022-2,33,3.9,4.7,4.7,La clase es muy dinámica y entretenida.,Mejora,POS,POS,4.433333333333334
Docente_46,Matemáticas Básicas,2020-1,36,4.2,3.5,3.6,La clase estuvo bien.,Estable,POS,NEU,3.766666666666667
Docente_50,Bases de Datos,2020-2,42,1.4,3.4,2.3,No resuelve las dudas de los estudiantes.,En riesgo,NEG,NEG,2.3666666666666667
Docente_7,Inteligencia Artificial,2022-1,29,3.6,4.3,4.5,Se podría mejorar un poco el material de estudio.,Estable,NEU,NEG,4.133333333333334
Docente_11,Bases de Datos,2022-2,21,1.8,2.5,3.0,Los temas son difíciles pero se entienden.,En riesgo,NEU,NEU,2.433333333333333
Docente_18,Ingeniería de Software,2020-2,34,4.2,3.9,4.6,Los talleres son muy útiles para aprender.,Estable,POS,POS,4.233333333333333
Docente_35,Ingeniería de Software,2021-2,20,3.6,3.9,3.1,La clase es muy aburrida y monótona.,Estable,NEG,NEG,3.533333333333333
Docente_25,Bases de Datos,2021-2,36,4.3,3.8,4.0,Los temas son difíciles pero se entienden.,Estable,NEU,NEU,4.033333333333333
Docente_50,Ética Profesional,2020-1,22,3.4,4.3,3.7,"Excelente profesor, muy claro.",Estable,POS,POS,3.7999999999999994
Docente_21,Inteligencia Artificial,2022-1,17,4.3,5.0,4.6,La clase es muy dinámica y entretenida.,Mejora,POS,POS,4.633333333333334
Docente_37,Ingeniería de Software,2022-2,21,3.5,2.7,2.2,Los temas son difíciles pero se entienden.,En riesgo,NEU,NEU,2.8000000000000003
Docente_32,Inteligencia Artificial,2023-2,19,4.8,4.4,3.7,Resuelve las dudas con mucha paciencia.,Mejora,NEU,NEU,4.3
Docente_9,Programación Orientada a Objetos,2022-1,38,1.0,2.8,2.2,"El profesor es normal, ni muy bueno ni muy malo.",En riesgo,NEU,NEU,2.0
Docente_28,Estructuras de Datos,2023-1,26,3.7,3.8,4.0,La clase estuvo bien.,Estable,POS,NEU,3.8333333333333335
Docente_9,Estructuras de Datos,2023-2,17,3.3,4.6,3.8,"Excelente profesor, muy claro.",Estable,POS,POS,3.9
Docente_8,Programación Orientada a Objetos,2021-1,40,3.0,3.9,5.0,"No explica bien, me siento perdido.",Estable,NEG,NEG,3.966666666666667
Docente_39,Matemáticas Básicas,2023-1,27,4.7,4.5,4.1,"El profesor es normal, ni muy bueno ni muy malo.",Mejora,NEU,NEU,4.433333333333333
Docente_30,Estructuras de Datos,2022-1,32,3.6,4.5,4.2,Explica muy bien los temas.,Estable,POS,POS,4.1000000000000005
Docente_44,Ingeniería de Software,2020-2,36,4.1,5.0,5.0,Cumple con el programa.,Mejora,NEU,NEU,4.7
Docente_49,Bases de Datos,2022-2,18,4.5,3.4,3.5,"El profesor es normal, ni muy bueno ni muy malo.",Estable,NEU,NEU,3.8000000000000003
Docente_28,Programación Orientada a Objetos,2023-2,15,5.0,4.9,4.4,Se podría mejorar un poco el material de estudio.,Mejora,NEU,NEG,4.766666666666667
Docente_47,Bases de Datos,2021-1,31,4.3,4.2,4.6,"Excelente profesor, muy claro.",Mejora,POS,POS,4.366666666666666
Docente_41,Bases de Datos,2021-2,19,4.1,3.8,3.6,Se podría mejorar un poco el material de estudio.,Estable,NEU,NEG,3.8333333333333335
Docente_49,Programación Orientada a Objetos,2020-1,34,4.1,4.9,3.8,Los talleres son muy útiles para aprender.,Mejora,POS,POS,4.266666666666667
Docente_32,Matemáticas Básicas,2020-2,44,3.5,4.4,2.2,Los parciales no tienen nada que ver con lo visto en clase.,En riesgo,NEU,NEG,3.366666666666667
Docente_20,Programación Orientada a Objetos,2020-1,22,2.4,2.8,2.9,"El profesor es normal, ni muy bueno ni muy malo.",En riesgo,NEU,NEU,2.6999999999999997
Docente_6,Matemáticas Básicas,2023-2,41,4.4,3.5,4.1,Se nota que sabe mucho de la materia.,Estable,NEU,NEU,4.0
Docente_49,Estructuras de Datos,2021-1,19,5.0,4.7,4.0,Los temas son difíciles pero se entienden.,Mejora,NEU,NEU,4.566666666666666
Docente_31,Estructuras de Datos,2021-1,23,4.6,4.1,4.9,Cumple con el programa.,Mejora,NEU,NEU,4.533333333333333
Docente_39,Inteligencia Artificial,2021-2,44,5.0,4.2,4.8,Cumple con el programa.,Mejora,NEU,NEU,4.666666666666667
Docente_49,Ingeniería de Software,2021-2,37,4.2,4.5,4.0,"El profesor es normal, ni muy bueno ni muy malo.",Estable,NEU,NEU,4.233333333333333
Docente_26,Ingeniería de Software,2022-2,29,4.3,3.8,3.4,No resuelve las dudas de los estudiantes.,Estable,NEG,NEG,3.8333333333333335
Docente_29,Matemáticas Básicas,2021-2,22,4.9,4.5,5.0,"Excelente profesor, muy claro.",Mejora,POS,POS,4.8
Docente_22,Matemáticas Básicas,2021-2,33,4.1,3.8,5.0,La clase estuvo bien.,Estable,POS,NEU,4.3
Docente_1,Matemáticas Básicas,2020-1,22,4.0,5.0,4.4,"Excelente profesor, muy claro.",Mejora,POS,POS,4.466666666666667
Docente_3,Ética Profesional,2022-2,17,4.4,4.5,4.8,Cumple con el programa.,Mejora,NEU,NEU,4.566666666666666
Docente_16,Bases de Datos,2023-2,21,4.4,4.9,4.2,Cumple con el programa.,Mejora,NEU,NEU,4.5
Docente_9,Ingeniería de Software,2023-2,22,4.2,3.7,4.2,Califica de forma injusta.,Estable,NEG,NEG,4.033333333333334
Docente_27,Programación Orientada a Objetos,2020-2,18,4.9,4.6,4.7,Los temas son difíciles pero se entienden.,Mejora,NEU,NEU,4.733333333333333
Docente_28,Bases de Datos,2023-1,28,5.0,4.6,3.8,La clase estuvo bien.,Mejora,POS,NEU,4.466666666666666
Docente_47,Matemáticas Básicas,2020-2,16,3.1,3.3,1.8,Falta mucha pedagogía.,En riesgo,NEG,NEG,2.733333333333334
Docente_47,Bases de Datos,2020-2,22,5.0,4.8,4.7,La clase es muy dinámica y entretenida.,Mejora,POS,POS,4.833333333333333
Docente_13,Estructuras de Datos,2023-2,19,2.5,3.2,3.3,Falta mucha pedagogía.,En riesgo,NEG,NEG,3.0
Docente_12,Bases de Datos,2023-2,22,3.8,4.4,4.1,Se nota que sabe mucho de la materia.,Estable,NEU,NEU,4.1
Docente_29,Ética Profesional,2020-2,16,1.7,1.5,2.5,Los temas son difíciles pero se entienden.,En riesgo,NEU,NEU,1.9000000000000001
Docente_35,Ética Profesional,2020-1,17,4.1,5.0,3.5,"Asistencia puntual, pero falta dinamismo.",Mejora,NEG,NEG,4.2
Docente_16,Programación Orientada a Objetos,2023-1,30,4.3,4.6,4.0,La clase estuvo bien.,Mejora,POS,NEU,4.3
Docente_14,Ética Profesional,2023-1,43,3.6,3.5,4.1,"Excelente profesor, muy claro.",Estable,POS,POS,3.733333333333333
Docente_11,Inteligencia Artificial,2020-1,27,5.0,4.8,4.5,Cumple con el programa.,Estable,NEU,NEU,4.766666666666667
Docente_30,Bases de Datos,2023-1,37,3.1,1.2,2.5,Se podría mejorar un poco el material de estudio.,En riesgo,NEU,NEG,2.2666666666666666
Docente_36,Ingeniería de Software,2023-2,19,3.6,3.1,3.4,Me inspiró a seguir aprendiendo sobre este tema.,Estable,POS,POS,3.3666666666666667
Docente_19,Programación Orientada a Objetos,2020-1,33,5.0,4.4,4.1,Se podría mejorar un poco el material de estudio.,Mejora,NEU,NEG,4.5
Docente_35,Matemáticas Básicas,2022-2,16,4.3,4.5,4.0,"Excelente profesor, muy claro.",Estable,POS,POS,4.266666666666667
Docente_38,Inteligencia Artificial,2021-1,16,4.6,3.1,3.6,No resuelve las dudas de los estudiantes.,Estable,NEG,NEG,3.766666666666666
Docente_6,Ética Profesional,2021-1,17,3.7,4.8,3.8,Falta mucha pedagogía.,Estable,NEG,NEG,4.1000000000000005
Docente_5,Ingeniería de Software,2021-2,27,3.3,3.8,3.2,La clase es muy dinámica y entretenida.,Estable,POS,POS,3.4333333333333336
Docente_37,Programación Orientada a Objetos,2020-1,34,4.6,4.6,3.7,Se nota que sabe mucho de la materia.,Estable,NEU,NEU,4.3
Docente_27,Ingeniería de Software,2022-2,44,3.6,4.5,3.8,Cumple con el programa.,Estable,NEU,NEU,3.9666666666666663
Docente_14,Ingeniería de Software,2022-2,22,3.7,3.9,4.1,Cumple con el programa.,Estable,NEU,NEU,3.9
Docente_26,Programación Orientada a Objetos,2022-1,29,3.9,4.7,3.2,Los temas son difíciles pero se entienden.,Estable,NEU,NEU,3.9333333333333336
Docente_49,Matemáticas Básicas,2020-1,29,4.1,3.9,4.0,Falta mucha pedagogía.,Estable,NEG,NEG,4.0
Docente_37,Matemáticas Básicas,2020-2,32,2.4,2.8,2.0,No resuelve las dudas de los estudiantes.,En riesgo,NEG,NEG,2.4
Docente_33,Bases de Datos,2021-1,44,4.9,4.4,4.1,Los talleres son muy útiles para aprender.,Mejora,POS,POS,4.466666666666667
Docente_5,Programación Orientada a Objetos,2022-2,24,3.6,4.3,4.0,Los talleres son muy útiles para aprender.,Estable,POS,POS,3.966666666666667
Docente_29,Ética Profesional,2022-1,34,3.5,4.3,4.1,No resuelve las dudas de los estudiantes.,Estable,NEG,NEG,3.9666666666666663
Docente_1,Ingeniería de Software,2022-1,44,2.0,2.6,2.5,Los temas son difíciles pero se entienden.,En riesgo,NEU,NEU,2.3666666666666667
Docente_7,Programación Orientada a Objetos,2022-1,18,3.5,4.5,4.6,La clase es muy dinámica y entretenida.,Estable,POS,POS,4.2
Docente_48,Estructuras de Datos,2021-1,23,3.6,4.6,3.8,"El profesor es normal, ni muy bueno ni muy malo.",Estable,NEU,NEU,4.0
Docente_39,Programación Orientada a Objetos,2022-2,21,3.7,4.3,3.7,Cumple con el programa.,Estable,NEU,NEU,3.9
Docente_33,Inteligencia Artificial,2022-1,43,2.1,2.7,2.8,"No explica bien, me siento perdido.",En riesgo,NEG,NEG,2.5333333333333337
Docente_6,Ingeniería de Software,2023-1,41,2.9,3.7,4.4,Cumple con el programa.,Estable,NEU,NEU,3.6666666666666665
Docente_3,Matemáticas Básicas,2022-2,39,3.2,4.2,4.1,Resuelve las dudas con mucha paciencia.,Estable,NEU,NEU,3.8333333333333335
Docente_41,Bases de Datos,2021-1,38,4.2,4.6,3.4,La clase estuvo bien.,Mejora,POS,NEU,4.066666666666667
Docente_36,Ingeniería de Software,2023-1,32,3.7,2.0,2.2,"No explica bien, me siento perdido.",En riesgo,NEG,NEG,2.6333333333333333
Docente_8,Matemáticas Básicas,2021-1,32,4.8,5.0,4.2,Explica muy bien los temas.,Mejora,POS,POS,4.666666666666667
Docente_24,Estructuras de Datos,2021-1,28,2.6,2.3,2.5,Califica de forma injusta.,En riesgo,NEG,NEG,2.466666666666667
Docente_3,Bases de Datos,2022-2,43,5.0,4.4,4.1,"Asistencia puntual, pero falta dinamismo.",Mejora,NEG,NEG,4.5
Docente_3,Bases de Datos,2021-2,36,5.0,4.7,5.0,La clase es muy dinámica y entretenida.,Mejora,POS,POS,4.8999999999999995
Docente_43,Matemáticas Básicas,2022-2,39,3.6,3.9,3.5,Llega tarde a las clases frecuentemente.,Estable,NEG,NEG,3.6666666666666665
Docente_27,Estructuras de Datos,2021-1,44,4.5,4.7,4.0,La clase es muy dinámica y entretenida.,Mejora,POS,POS,4.3999999999999995
Docente_11,Ética Profesional,2021-1,43,4.0,3.9,3.1,"No explica bien, me siento perdido.",Estable,NEG,NEG,3.6666666666666665
Docente_2,Programación Orientada a Objetos,2022-2,40,1.9,2.8,2.4,Falta mucha pedagogía.,En riesgo,NEG,NEG,2.3666666666666667
Docente_43,Ética Profesional,2021-2,23,4.7,4.6,5.0,Se nota que sabe mucho de la materia.,Mejora,NEU,NEU,4.766666666666667
Docente_45,Matemáticas Básicas,2023-1,42,4.0,5.0,3.4,"Excelente profesor, muy claro.",Estable,POS,POS,4.133333333333334
Docente_31,Programación Orientada a Objetos,2021-2,41,3.7,4.4,3.1,La clase es muy aburrida y monótona.,Estable,NEG,NEG,3.733333333333334
Docente_23,Bases de Datos,2021-2,22,4.9,3.8,4.1,Explica muy bien los temas.,Mejora,POS,POS,4.266666666666667
Docente_43,Programación Orientada a Objetos,2023-1,25,2.8,4.1,4.1,Cumple con el programa.,Estable,NEU,NEU,3.6666666666666665
Docente_5,Ética Profesional,2022-1,26,5.0,4.1,5.0,Los temas son difíciles pero se entienden.,Mejora,NEU,NEU,4.7
Docente_33,Inteligencia Artificial,2022-2,45,2.4,2.4,2.6,"No explica bien, me siento perdido.",En riesgo,NEG,NEG,2.466666666666667
Docente_8,Bases de Datos,2021-1,33,3.3,3.8,4.4,Cumple con el programa.,Estable,NEU,NEU,3.8333333333333335
Docente_3,Matemáticas Básicas,2023-1,26,3.7,3.9,3.9,Los temas son difíciles pero se entienden.,Estable,NEU,NEU,3.8333333333333335
Docente_28,Estructuras de Datos,2020-2,27,2.7,2.6,2.4,"El profesor es normal, ni muy bueno ni muy malo.",En riesgo,NEU,NEU,2.566666666666667
Docente_13,Bases de Datos,2020-1,37,3.6,3.1,3.1,"No explica bien, me siento perdido.",Estable,NEG,NEG,3.266666666666667
Docente_1,Estructuras de Datos,2021-2,26,4.1,3.1,4.4,"No explica bien, me siento perdido.",Estable,NEG,NEG,3.8666666666666667
Docente_5,Ingeniería de Software,2022-2,34,4.6,5.0,4.5,Los talleres son muy útiles para aprender.,Mejora,POS,POS,4.7
Docente_43,Ética Profesional,2020-2,38,3.6,4.0,3.5,Llega tarde a las clases frecuentemente.,En riesgo,NEG,NEG,3.6999999999999997
Docente_33,Bases de Datos,2023-1,25,1.8,2.4,3.3,Falta mucha pedagogía.,En riesgo,NEG,NEG,2.5
Docente_45,Bases de Datos,2021-1,21,4.9,5.0,3.5,Me inspiró a seguir aprendiendo sobre este tema.,Mejora,POS,POS,4.466666666666667
Docente_43,Inteligencia Artificial,2021-1,34,4.2,3.8,3.9,Los parciales no tienen nada que ver con lo visto en clase.,Estable,NEU,NEG,3.966666666666667
Docente_20,Inteligencia Artificial,2020-1,24,2.7,4.7,3.1,"El profesor es normal, ni muy bueno ni muy malo.",Estable,NEU,NEU,3.5
Docente_14,Inteligencia Artificial,2022-2,29,2.5,3.2,2.2,La clase estuvo bien.,En riesgo,POS,NEU,2.6333333333333333
Docente_29,Ingeniería de Software,2021-2,31,1.3,1.2,2.3,La clase estuvo bien.,En riesgo,POS,NEU,1.5999999999999999
Docente_48,Programación Orientada a Objetos,2020-2,24,3.7,3.9,3.2,No resuelve las dudas de los estudiantes.,Estable,NEG,NEG,3.6
Docente_43,Ingeniería de Software,2022-2,17,4.0,3.9,4.3,La clase estuvo bien.,Estable,POS,NEU,4.066666666666666
Docente_44,Bases de Datos,2021-2,40,3.6,3.7,3.4,Me inspiró a seguir aprendiendo sobre este tema.,Estable,POS,POS,3.566666666666667
Docente_10,Matemáticas Básicas,2020-1,22,4.2,4.6,3.9,La clase estuvo bien.,Mejora,POS,NEU,4.233333333333333
Docente_40,Ética Profesional,2020-2,29,4.5,3.7,4.3,Me inspiró a seguir aprendiendo sobre este tema.,Mejora,POS,POS,4.166666666666667
Docente_41,Estructuras de Datos,2021-2,37,3.8,3.6,3.9,"Asistencia puntual, pero falta dinamismo.",Estable,NEG,NEG,3.766666666666667
Docente_32,Inteligencia Artificial,2021-2,19,3.1,2.2,2.0,Los temas son difíciles pero se entienden.,En riesgo,NEU,NEU,2.4333333333333336
Docente_45,Matemáticas Básicas,2020-2,39,4.8,4.5,3.2,Me inspiró a seguir aprendiendo sobre este tema.,Mejora,POS,POS,4.166666666666667
Docente_15,Programación Orientada a Objetos,2023-2,16,3.5,2.8,4.2,Llega tarde a las clases frecuentemente.,Estable,NEG,NEG,3.5
Docente_16,Ética Profesional,2020-2,29,1.8,4.8,3.1,Califica de forma injusta.,En riesgo,NEG,NEG,3.233333333333333
Docente_30,Ingeniería de Software,2022-2,45,5.0,3.6,4.0,"Asistencia puntual, pero falta dinamismo.",Mejora,NEG,NEG,4.2
Docente_29,Estructuras de Datos,2023-1,41,3.3,3.6,3.3,Llega tarde a las clases frecuentemente.,Estable,NEG,NEG,3.4
Docente_29,Programación Orientada a Objetos,2023-2,29,4.6,5.0,4.9,Resuelve las dudas con mucha paciencia.,Mejora,NEU,NEU,4.833333333333333
Docente_49,Programación Orientada a Objetos,2022-1,39,4.1,3.9,3.4,No resuelve las dudas de los estudiantes.,Estable,NEG,NEG,3.8000000000000003
Docente_32,Ingeniería de Software,2021-2,23,3.6,4.7,3.6,La clase es muy aburrida y monótona.,Estable,NEG,NEG,3.966666666666667
Docente_5,Ingeniería de Software,2022-1,22,3.5,4.4,4.8,Cumple con el programa.,Estable,NEU,NEU,4.233333333333333
Docente_22,Bases de Datos,2020-2,19,3.8,4.0,3.6,Resuelve las dudas con mucha paciencia.,Estable,NEU,NEU,3.8000000000000003
Docente_15,Inteligencia Artificial,2021-1,37,4.4,4.3,4.2,La clase es muy dinámica y entretenida.,Mejora,POS,POS,4.3
Docente_5,Inteligencia Artificial,2023-1,25,4.1,4.4,3.1,Cumple con el programa.,Mejora,NEU,NEU,3.8666666666666667
Docente_30,Inteligencia Artificial,2020-1,21,3.0,2.4,1.9,Falta mucha pedagogía.,En riesgo,NEG,NEG,2.4333333333333336
Docente_25,Ética Profesional,2020-1,42,2.7,2.8,2.0,"Asistencia puntual, pero falta dinamismo.",En riesgo,NEG,NEG,2.5
Docente_37,Inteligencia Artificial,2023-2,15,3.5,3.9,4.2,Se podría mejorar un poco el material de estudio.,Estable,NEU,NEG,3.866666666666667
Docente_20,Ética Profesional,2023-1,42,4.3,3.5,3.5,"No explica bien, me siento perdido.",Estable,NEG,NEG,3.766666666666667
Docente_35,Ingeniería de Software,2021-2,30,3.3,3.1,3.8,La clase estuvo bien.,Estable,POS,NEU,3.4
Docente_18,Inteligencia Artificial,2023-2,15,3.7,4.9,3.8,Me inspiró a seguir aprendiendo sobre este tema.,Mejora,POS,POS,4.133333333333334
Docente_22,Ingeniería de Software,2023-1,38,3.9,3.6,3.8,Los talleres son muy útiles para aprender.,Estable,POS,POS,3.766666666666667
Docente_30,Programación Orientada a Objetos,2020-1,44,3.5,4.3,4.4,"Asistencia puntual, pero falta dinamismo.",Estable,NEG,NEG,4.066666666666666
Docente_38,Estructuras de Datos,2020-1,17,4.2,2.7,3.4,"No explica bien, me siento perdido.",Estable,NEG,NEG,3.4333333333333336
Docente_9,Ética Profesional,2023-2,20,3.9,3.9,4.0,"Excelente profesor, muy claro.",Estable,POS,POS,3.9333333333333336
Docente_17,Inteligencia Artificial,2022-2,21,3.6,2.8,2.2,La clase estuvo bien.,En riesgo,POS,NEU,2.866666666666667
Docente_21,Bases de Datos,2023-1,23,4.3,4.5,4.7,"Asistencia puntual, pero falta dinamismo.",Mejora,NEG,NEG,4.5
Docente_27,Bases de Datos,2020-2,30,4.3,4.3,3.6,Explica muy bien los temas.,Estable,POS,POS,4.066666666666666
Docente_48,Estructuras de Datos,2020-1,45,3.7,4.6,3.5,Se podría mejorar un poco el material de estudio.,Estable,NEU,NEG,3.9333333333333336
Docente_15,Ingeniería de Software,2020-2,39,2.7,3.9,4.6,"Excelente profesor, muy claro.",Estable,POS,POS,3.733333333333333
Docente_49,Matemáticas Básicas,2021-2,21,4.4,4.9,4.8,Explica muy bien los temas.,Mejora,POS,POS,4.7
Docente_40,Programación Orientada a Objetos,2021-2,19,3.8,3.2,4.4,Califica de forma injusta.,Estable,NEG,NEG,3.8000000000000003
Docente_43,Matemáticas Básicas,2021-2,29,4.8,5.0,4.9,Se podría mejorar un poco el material de estudio.,Mejora,NEU,NEG,4.9
Docente_17,Ética Profesional,2022-2,20,3.8,3.7,3.4,Falta mucha pedagogía.,Estable,NEG,NEG,3.6333333333333333
Docente_39,Ingeniería de Software,2020-2,39,5.0,4.8,4.2,Se nota que sabe mucho de la materia.,Mejora,NEU,NEU,4.666666666666667
Docente_20,Matemáticas Básicas,2020-1,44,3.1,2.4,1.8,Llega tarde a las clases frecuentemente.,En riesgo,NEG,NEG,2.433333333333333
Docente_37,Ingeniería de Software,2023-1,27,3.6,3.6,4.3,Me inspiró a seguir aprendiendo sobre este tema.,Estable,POS,POS,3.8333333333333335
Docente_5,Estructuras de Datos,2021-2,18,4.3,4.1,4.7,"El profesor es normal, ni muy bueno ni muy malo.",Estable,NEU,NEU,4.366666666666666
Docente_44,Estructuras de Datos,2020-2,40,4.0,4.4,4.5,"El profesor es normal, ni muy bueno ni muy malo.",Mejora,NEU,NEU,4.3
Docente_3,Bases de Datos,2023-1,36,4.2,4.2,3.8,Se podría mejorar un poco el material de estudio.,Estable,NEU,NEG,4.066666666666666
Docente_5,Estructuras de Datos,2022-2,15,4.6,5.0,4.3,Me inspiró a seguir aprendiendo sobre este tema.,Mejora,POS,POS,4.633333333333333
Docente_32,Matemáticas Básicas,2023-1,45,2.5,2.7,2.8,Los parciales no tienen nada que ver con lo visto en clase.,En riesgo,NEU,NEG,2.6666666666666665
Docente_41,Ética Profesional,2023-2,37,3.9,4.1,3.9,Resuelve las dudas con mucha paciencia.,Estable,NEU,NEU,3.966666666666667
Docente_28,Programación Orientada a Objetos,2022-1,34,3.2,4.7,3.5,Llega tarde a las clases frecuentemente.,Estable,NEG,NEG,3.8000000000000003
Docente_50,Inteligencia Artificial,2023-2,28,2.4,3.1,3.9,Se podría mejorar un poco el material de estudio.,En riesgo,NEU,NEG,3.1333333333333333
Docente_38,Bases de Datos,2022-2,42,4.1,3.8,3.6,La clase estuvo bien.,Estable,POS,NEU,3.8333333333333335
Docente_6,Bases de Datos,2023-2,22,3.1,1.0,2.3,"Asistencia puntual, pero falta dinamismo.",En riesgo,NEG,NEG,2.1333333333333333
Docente_30,Estructuras de Datos,2023-1,25,4.1,3.7,4.6,Explica muy bien los temas.,Estable,POS,POS,4.133333333333333
Docente_32,Ética Profesional,2022-2,20,3.9,4.5,4.4,La clase estuvo bien.,Mejora,POS,NEU,4.266666666666667
Docente_14,Bases de Datos,2022-1,25,3.1,3.8,4.1,Cumple con el programa.,Estable,NEU,NEU,3.6666666666666665
Docente_39,Ingeniería de Software,2022-1,32,3.3,4.2,3.4,Explica muy bien los temas.,Estable,POS,POS,3.6333333333333333
Docente_34,Programación Orientada a Objetos,2020-2,22,2.4,4.4,2.4,Se podría mejorar un poco el material de estudio.,En riesgo,NEU,NEG,3.066666666666667
Docente_27,Inteligencia Artificial,2021-2,37,4.1,4.9,4.3,La clase estuvo bien.,Mejora,POS,NEU,4.433333333333334
Docente_42,Ingeniería de Software,2023-2,29,4.6,4.6,4.1,"Asistencia puntual, pero falta dinamismo.",Mejora,NEG,NEG,4.433333333333333
Docente_2,Matemáticas Básicas,2022-1,22,4.5,2.6,2.8,"Asistencia puntual, pero falta dinamismo.",Estable,NEG,NEG,3.2999999999999994
Docente_45,Programación Orientada a Objetos,2022-1,36,3.2,3.7,3.6,Los parciales no tienen nada que ver con lo visto en clase.,Estable,NEU,NEG,3.5
Docente_24,Inteligencia Artificial,2022-2,28,2.4,3.0,2.9,Se podría mejorar un poco el material de estudio.,En riesgo,NEU,NEG,2.766666666666667
Docente_36,Bases de Datos,2022-2,37,3.1,4.4,4.4,La clase es muy aburrida y monótona.,Estable,NEG,NEG,3.966666666666667
Docente_18,Bases de Datos,2022-1,22,4.1,4.3,4.4,"Excelente profesor, muy claro.",Mejora,POS,POS,4.266666666666667
Docente_47,Programación Orientada a Objetos,2022-2,18,4.4,4.1,4.8,Se podría mejorar un poco el material de estudio.,Mejora,NEU,NEG,4.433333333333334
Docente_35,Ética Profesional,2021-1,21,4.9,4.2,4.5,La clase es muy dinámica y entretenida.,Mejora,POS,POS,4.533333333333334
Docente_48,Inteligencia Artificial,2022-1,38,3.9,3.4,4.1,Los parciales no tienen nada que ver con lo visto en clase.,Estable,NEU,NEG,3.7999999999999994
Docente_49,Estructuras de Datos,2022-1,18,3.7,5.0,3.8,La clase es muy dinámica y entretenida.,Mejora,POS,POS,4.166666666666667
Docente_19,Programación Orientada a Objetos,2022-2,20,3.4,3.1,4.1,"El profesor es normal, ni muy bueno ni muy malo.",Estable,NEU,NEU,3.533333333333333
Docente_1,Ingeniería de Software,2021-1,23,4.4,2.8,2.9,"Excelente profesor, muy claro.",Estable,POS,POS,3.3666666666666667
Docente_4,Estructuras de Datos,2022-1,37,2.1,2.2,2.6,Califica de forma injusta.,En riesgo,NEG,NEG,2.3000000000000003
Docente_41,Ética Profesional,2023-2,18,3.2,2.6,2.2,"No explica bien, me siento perdido.",En riesgo,NEG,NEG,2.6666666666666665
Docente_37,Bases de Datos,2023-2,30,5.0,4.7,3.5,La clase estuvo bien.,Mejora,POS,NEU,4.3999999999999995
Docente_22,Programación Orientada a Objetos,2020-1,23,3.5,3.7,3.2,Califica de forma injusta.,Estable,NEG,NEG,3.466666666666667
Docente_8,Ética Profesional,2020-2,27,4.6,4.7,3.9,La clase estuvo bien.,Mejora,POS,NEU,4.4
Docente_5,Estructuras de Datos,2020-1,19,5.0,4.9,4.2,Se nota que sabe mucho de la materia.,Mejora,NEU,NEU,4.7
Docente_37,Bases de Datos,2020-2,22,4.8,4.7,4.9,"Excelente profesor, muy claro.",Mejora,POS,POS,4.8
Docente_36,Ética Profesional,2023-1,34,3.3,4.2,3.7,Falta mucha pedagogía.,Estable,NEG,NEG,3.733333333333333
Docente_40,Programación Orientada a Objetos,2023-1,29,4.2,3.6,3.8,La clase es muy aburrida y monótona.,Estable,NEG,NEG,3.866666666666667
Docente_20,Ética Profesional,2023-1,24,4.3,4.7,3.7,"El profesor es normal, ni muy bueno ni muy malo.",Mejora,NEU,NEU,4.233333333333333
Docente_40,Matemáticas Básicas,2020-2,45,4.1,3.4,3.1,Me inspiró a seguir aprendiendo sobre este tema.,Estable,POS,POS,3.533333333333333
Docente_41,Programación Orientada a Objetos,2022-1,36,4.1,3.0,4.8,Se nota que sabe mucho de la materia.,Estable,NEU,NEU,3.9666666666666663
Docente_11,Programación Orientada a Objetos,2021-1,32,2.3,2.0,2.8,La clase es muy aburrida y monótona.,En riesgo,NEG,NEG,2.3666666666666667
Docente_11,Matemáticas Básicas,2023-1,29,4.8,4.0,4.4,Se podría mejorar un poco el material de estudio.,Mejora,NEU,NEG,4.4
Docente_39,Inteligencia Artificial,2022-1,16,3.5,4.5,3.4,La clase estuvo bien.,Estable,POS,NEU,3.8000000000000003
Docente_19,Ingeniería de Software,2022-1,37,4.6,4.5,5.0,La clase estuvo bien.,Mejora,POS,NEU,4.7
Docente_5,Ingeniería de Software,2021-2,44,3.8,4.3,3.5,Cumple con el programa.,Estable,NEU,NEU,3.8666666666666667
Docente_41,Estructuras de Datos,2021-2,28,3.3,4.4,2.9,La clase es muy dinámica y entretenida.,Estable,POS,POS,3.533333333333333
Docente_35,Programación Orientada a Objetos,2021-1,44,5.0,4.6,4.7,Resuelve las dudas con mucha paciencia.,Mejora,NEU,NEU,4.766666666666667
Docente_10,Matemáticas Básicas,2020-1,20,5.0,4.6,4.8,"Asistencia puntual, pero falta dinamismo.",Mejora,NEG,NEG,4.8
Docente_20,Estructuras de Datos,2022-1,29,4.1,4.3,4.0,La clase es muy dinámica y entretenida.,Estable,POS,POS,4.133333333333333
Docente_30,Ingeniería de Software,2022-1,37,3.7,4.6,4.8,Me inspiró a seguir aprendiendo sobre este tema.,Mejora,POS,POS,4.366666666666667
Docente_18,Estructuras de Datos,2023-2,29,4.6,4.2,4.9,"Excelente profesor, muy claro.",Mejora,POS,POS,4.566666666666667
Docente_39,Matemáticas Básicas,2023-1,38,3.3,2.5,2.1,Los parciales no tienen nada que ver con lo visto en clase.,En riesgo,NEU,NEG,2.6333333333333333
Docente_39,Bases de Datos,2020-1,17,3.1,2.7,2.1,No resuelve las dudas de los estudiantes.,En riesgo,NEG,NEG,2.6333333333333333
Docente_44,Ética Profesional,2020-1,39,4.0,5.0,4.3,Los temas son difíciles pero se entienden.,Mejora,NEU,NEU,4.433333333333334
Docente_18,Estructuras de Datos,2020-1,39,3.9,4.6,3.9,Los talleres son muy útiles para aprender.,Estable,POS,POS,4.133333333333334
Docente_31,Estructuras de Datos,2023-2,44,4.2,4.0,3.1,Cumple con el programa.,Estable,NEU,NEU,3.766666666666666
Docente_12,Estructuras de Datos,2023-1,35,4.8,4.6,4.9,La clase estuvo bien.,Mejora,POS,NEU,4.766666666666667
Docente_6,Inteligencia Artificial,2022-2,28,3.4,2.1,2.1,Los parciales no tienen nada que ver con lo visto en clase.,En riesgo,NEU,NEG,2.533333333333333
Docente_21,Ingeniería de Software,2020-2,42,2.6,3.7,4.5,Los talleres son muy útiles para aprender.,Estable,POS,POS,3.6
Docente_22,Inteligencia Artificial,2023-2,24,3.4,4.3,3.6,"Asistencia puntual, pero falta dinamismo.",Estable,NEG,NEG,3.766666666666666
Docente_49,Estructuras de Datos,2020-1,29,4.1,4.2,4.0,"Excelente profesor, muy claro.",Mejora,POS,POS,4.1000000000000005
Docente_21,Bases de Datos,2022-2,18,3.5,4.1,3.9,"Asistencia puntual, pero falta dinamismo.",Mejora,NEG,NEG,3.8333333333333335
Docente_26,Ética Profesional,2020-1,36,3.0,3.3,2.3,Cumple con el programa.,En riesgo,NEU,NEU,2.8666666666666667
Docente_30,Inteligencia Artificial,2020-1,21,4.1,2.1,3.1,Cumple con el programa.,En riesgo,NEU,NEU,3.0999999999999996
Docente_24,Estructuras de Datos,2023-2,35,4.6,3.6,3.5,La clase es muy aburrida y monótona.,Estable,NEG,NEG,3.9
Docente_49,Matemáticas Básicas,2021-2,23,4.8,4.4,4.2,Cumple con el programa.,Mejora,NEU,NEU,4.466666666666666
Docente_9,Bases de Datos,2023-2,43,2.4,3.6,2.1,Se podría mejorar un poco el material de estudio.,En riesgo,NEU,NEG,2.6999999999999997
Docente_32,Matemáticas Básicas,2020-1,35,4.0,3.7,3.4,Falta mucha pedagogía.,Estable,NEG,NEG,3.6999999999999997
Docente_16,Ingeniería de Software,2021-1,24,3.4,4.7,4.7,Llega tarde a las clases frecuentemente.,Estable,NEG,NEG,4.266666666666667
Docente_1,Estructuras de Datos,2023-1,17,4.3,4.8,4.7,La clase es muy dinámica y entretenida.,Mejora,POS,POS,4.6000000000000005
Docente_8,Inteligencia Artificial,2020-2,35,4.3,3.8,3.4,Resuelve las dudas con mucha paciencia.,Estable,NEU,NEU,3.8333333333333335
Docente_32,Ingeniería de Software,2022-1,31,4.2,3.4,3.4,Cumple con el programa.,Estable,NEU,NEU,3.6666666666666665
Docente_27,Ética Profesional,2023-2,30,4.5,4.4,4.5,La clase es muy dinámica y entretenida.,Mejora,POS,POS,4.466666666666667
Docente_30,Estructuras de Datos,2021-1,27,1.0,2.0,3.1,No resuelve las dudas de los estudiantes.,En riesgo,NEG,NEG,2.033333333333333
Docente_39,Estructuras de Datos,2021-1,42,4.0,4.2,4.7,Se nota que sabe mucho de la materia.,Estable,NEU,NEU,4.3
Docente_18,Ética Profesional,2023-1,25,4.6,4.7,4.9,"Asistencia puntual, pero falta dinamismo.",Mejora,NEG,NEG,4.733333333333333
Docente_33,Bases de Datos,2020-1,24,2.8,3.2,2.7,Se podría mejorar un poco el material de estudio.,En riesgo,NEU,NEG,2.9
Docente_20,Ética Profesional,2023-2,42,4.3,4.7,3.5,Resuelve las dudas con mucha paciencia.,Estable,NEU,NEU,4.166666666666667
Docente_29,Estructuras de Datos,2023-2,26,2.8,2.5,2.5,Los parciales no tienen nada que ver con lo visto en clase.,En riesgo,NEU,NEG,2.6
Docente_36,Ética Profesional,2023-1,29,3.5,4.1,4.0,Los temas son difíciles pero se entienden.,Estable,NEU,NEU,3.8666666666666667
Docente_13,Ingeniería de Software,2021-2,33,4.0,4.0,3.8,"Asistencia puntual, pero falta dinamismo.",Estable,NEG,NEG,3.9333333333333336
Docente_15,Ética Profesional,2023-1,16,4.2,3.2,4.5,Los temas son difíciles pero se entienden.,Estable,NEU,NEU,3.966666666666667
Docente_48,Inteligencia Artificial,2023-1,27,4.6,4.7,5.0,Los temas son difíciles pero se entienden.,Mejora,NEU,NEU,4.766666666666667
Docente_42,Programación Orientada a Objetos,2023-2,45,3.3,1.6,2.5,"No explica bien, me siento perdido.",En riesgo,NEG,NEG,2.466666666666667
Docente_9,Estructuras de Datos,2022-2,42,4.7,5.0,3.9,"Excelente profesor, muy claro.",Mejora,POS,POS,4.533333333333333
Docente_29,Matemáticas Básicas,2023-2,15,3.6,5.0,4.2,Se podría mejorar un poco el material de estudio.,Mejora,NEU,NEG,4.266666666666667
Docente_10,Inteligencia Artificial,2021-1,17,2.6,2.2,2.6,La clase estuvo bien.,En riesgo,POS,NEU,2.466666666666667
Docente_17,Bases de Datos,2023-1,35,3.7,2.9,4.2,Se nota que sabe mucho de la materia.,Estable,NEU,NEU,3.6
Docente_22,Ética Profesional,2023-1,45,4.3,3.2,2.7,Los temas son difíciles pero se entienden.,Estable,NEU,NEU,3.4
Docente_41,Ingeniería de Software,2023-2,42,4.8,5.0,5.0,Cumple con el programa.,Mejora,NEU,NEU,4.933333333333334
Docente_3,Estructuras de Datos,2020-2,22,5.0,4.9,4.4,Los temas son difíciles pero se entienden.,Mejora,NEU,NEU,4.766666666666667
Docente_44,Bases de Datos,2021-2,38,3.2,4.7,4.2,Se nota que sabe mucho de la materia.,Estable,NEU,NEU,4.033333333333334
Docente_28,Matemáticas Básicas,2020-2,29,4.4,4.1,5.0,Se nota que sabe mucho de la materia.,Mejora,NEU,NEU,4.5
Docente_45,Bases de Datos,2020-1,16,2.9,2.6,2.6,Los parciales no tienen nada que ver con lo visto en clase.,En riesgo,NEU,NEG,2.6999999999999997
Docente_4,Bases de Datos,2022-2,26,3.7,4.2,4.0,"No explica bien, me siento perdido.",Estable,NEG,NEG,3.966666666666667
Docente_10,Programación Orientada a Objetos,2023-1,33,3.3,4.1,4.4,Los talleres son muy útiles para aprender.,Estable,POS,POS,3.9333333333333336
Docente_11,Programación Orientada a Objetos,2020-2,34,4.0,3.6,4.7,"Asistencia puntual, pero falta dinamismo.",Estable,NEG,NEG,4.1000000000000005
Docente_40,Ingeniería de Software,2021-2,30,4.1,4.6,3.6,"El profesor es normal, ni muy bueno ni muy malo.",Mejora,NEU,NEU,4.1
Docente_10,Programación Orientada a Objetos,2023-2,35,4.1,3.7,2.9,Cumple con el programa.,Estable,NEU,NEU,3.5666666666666664
Docente_30,Bases de Datos,2020-1,43,4.4,4.3,5.0,"Asistencia puntual, pero falta dinamismo.",Mejora,NEG,NEG,4.566666666666666
Docente_30,Bases de Datos,2021-1,17,4.3,4.9,4.6,La clase estuvo bien.,Mejora,POS,NEU,4.6
Docente_23,Estructuras de Datos,2022-1,35,3.8,3.6,3.7,"No explica bien, me siento perdido.",Estable,NEG,NEG,3.7000000000000006
Docente_45,Bases de Datos,2023-2,42,2.2,2.6,1.7,Llega tarde a las clases frecuentemente.,En riesgo,NEG,NEG,2.166666666666667
Docente_13,Inteligencia Artificial,2023-2,18,4.1,4.8,3.4,La clase estuvo bien.,Estable,POS,NEU,4.1
Docente_25,Estructuras de Datos,2022-2,33,3.8,3.4,3.7,"El profesor es normal, ni muy bueno ni muy malo.",Estable,NEU,NEU,3.633333333333333
Docente_45,Bases de Datos,2020-1,41,4.3,4.2,3.6,"Asistencia puntual, pero falta dinamismo.",Estable,NEG,NEG,4.033333333333333
Docente_18,Matemáticas Básicas,2020-1,44,4.3,5.0,4.9,"El profesor es normal, ni muy bueno ni muy malo.",Mejora,NEU,NEU,4.733333333333333
Docente_48,Inteligencia Artificial,2022-1,39,5.0,4.7,4.6,"Asistencia puntual, pero falta dinamismo.",Mejora,NEG,NEG,4.766666666666667
Docente_15,Estructuras de Datos,2022-2,22,3.0,3.3,2.1,Los temas son difíciles pero se entienden.,En riesgo,NEU,NEU,2.8000000000000003
Docente_13,Estructuras de Datos,2022-1,36,4.6,5.0,4.3,"Asistencia puntual, pero falta dinamismo.",Mejora,NEG,NEG,4.633333333333333
Docente_47,Ética Profesional,2021-1,35,4.5,4.8,3.9,La clase es muy dinámica y entretenida.,Estable,POS,POS,4.4
Docente_41,Ingeniería de Software,2020-1,24,4.0,4.4,4.7,"Asistencia puntual, pero falta dinamismo.",Mejora,NEG,NEG,4.366666666666667
Docente_29,Matemáticas Básicas,2022-2,38,4.4,4.8,4.0,Resuelve las dudas con mucha paciencia.,Estable,NEU,NEU,4.3999999999999995
Docente_6,Bases de Datos,2022-2,38,3.9,4.8,4.1,Me inspiró a seguir aprendiendo sobre este tema.,Mejora,POS,POS,4.266666666666667
Docente_12,Programación Orientada a Objetos,2021-1,40,4.6,4.5,3.6,Cumple con el programa.,Mejora,NEU,NEU,4.233333333333333
Docente_24,Estructuras de Datos,2022-1,41,3.2,3.2,1.3,Califica de forma injusta.,En riesgo,NEG,NEG,2.566666666666667
Docente_17,Ética Profesional,2023-2,45,3.3,4.0,4.3,"El profesor es normal, ni muy bueno ni muy malo.",Estable,NEU,NEU,3.8666666666666667
Docente_48,Ética Profesional,2022-2,40,3.7,4.8,3.0,La clase es muy dinámica y entretenida.,Estable,POS,POS,3.8333333333333335
Docente_30,Matemáticas Básicas,2021-1,39,3.5,4.6,4.5,La clase estuvo bien.,Estable,POS,NEU,4.2
Docente_44,Ingeniería de Software,2023-1,45,4.0,3.6,4.0,Llega tarde a las clases frecuentemente.,Estable,NEG,NEG,3.8666666666666667
Docente_24,Matemáticas Básicas,2023-1,15,3.7,4.2,3.6,Cumple con el programa.,Estable,NEU,NEU,3.8333333333333335
Docente_35,Matemáticas Básicas,2023-2,26,2.7,4.0,3.2,Cumple con el programa.,Estable,NEU,NEU,3.3000000000000003
Docente_38,Inteligencia Artificial,2022-2,18,4.0,3.3,4.4,La clase estuvo bien.,Estable,POS,NEU,3.9
Docente_31,Matemáticas Básicas,2022-2,44,3.0,3.8,2.8,Falta mucha pedagogía.,Estable,NEG,NEG,3.1999999999999997
Docente_15,Ingeniería de Software,2020-2,35,2.7,1.5,2.1,La clase estuvo bien.,En riesgo,POS,NEU,2.1
Docente_45,Bases de Datos,2023-1,18,3.4,4.2,4.2,Resuelve las dudas con mucha paciencia.,Estable,NEU,NEU,3.9333333333333336
Docente_3,Matemáticas Básicas,2022-1,30,4.4,4.1,4.0,La clase es muy dinámica y entretenida.,Estable,POS,POS,4.166666666666667
Docente_7,Programación Orientada a Objetos,2021-1,27,3.6,4.1,3.6,La clase es muy aburrida y monótona.,Estable,NEG,NEG,3.766666666666666
Docente_24,Ingeniería de Software,2023-1,33,4.2,4.9,4.4,Se podría mejorar un poco el material de estudio.,Mejora,NEU,NEG,4.500000000000001
Docente_47,Programación Orientada a Objetos,2023-1,35,4.4,4.2,4.3,"Excelente profesor, muy claro.",Mejora,POS,POS,4.300000000000001
Docente_32,Estructuras de Datos,2023-1,45,4.0,4.4,4.0,Cumple con el programa.,Estable,NEU,NEU,4.133333333333334
Docente_3,Ingeniería de Software,2022-2,21,2.7,5.0,3.4,La clase es muy aburrida y monótona.,Estable,NEG,NEG,3.6999999999999997
Docente_29,Programación Orientada a Objetos,2022-2,18,4.7,5.0,3.9,Los temas son difíciles pero se entienden.,Mejora,NEU,NEU,4.533333333333333
Docente_24,Estructuras de Datos,2022-2,16,4.6,4.3,4.9,Me inspiró a seguir aprendiendo sobre este tema.,Mejora,POS,POS,4.6
Docente_18,Programación Orientada a Objetos,2020-2,45,4.4,4.9,4.6,La clase estuvo bien.,Mejora,POS,NEU,4.633333333333334
Docente_6,Ingeniería de Software,2021-2,35,2.5,4.0,3.0,Los temas son difíciles pero se entienden.,En riesgo,NEU,NEU,3.1666666666666665
Docente_39,Matemáticas Básicas,2020-1,40,4.0,4.5,4.4,Los temas son difíciles pero se entienden.,Estable,NEU,NEU,4.3
Docente_16,Programación Orientada a Objetos,2021-2,17,4.0,5.0,4.0,"Asistencia puntual, pero falta dinamismo.",Mejora,NEG,NEG,4.333333333333333
Docente_36,Programación Orientada a Objetos,2021-2,41,3.9,3.9,4.0,La clase estuvo bien.,Estable,POS,NEU,3.9333333333333336
Docente_22,Ética Profesional,2021-1,40,2.7,3.6,2.7,"El profesor es normal, ni muy bueno ni muy malo.",En riesgo,NEU,NEU,3.0
Docente_1,Bases de Datos,2021-1,19,4.0,4.5,3.2,Llega tarde a las clases frecuentemente.,Estable,NEG,NEG,3.9
Docente_17,Ética Profesional,2021-1,18,3.0,3.0,3.2,Los temas son difíciles pero se entienden.,En riesgo,NEU,NEU,3.0666666666666664
Docente_2,Programación Orientada a Objetos,2020-1,26,4.4,4.5,4.4,"Asistencia puntual, pero falta dinamismo.",Mejora,NEG,NEG,4.433333333333334
Docente_16,Estructuras de Datos,2022-2,15,3.2,3.1,3.4,Los talleres son muy útiles para aprender.,Estable,POS,POS,3.233333333333334
Docente_17,Matemáticas Básicas,2021-1,38,4.6,3.6,3.1,"No explica bien, me siento perdido.",Estable,NEG,NEG,3.766666666666666
Docente_34,Matemáticas Básicas,2020-2,30,4.6,4.3,4.9,La clase estuvo bien.,Mejora,POS,NEU,4.6
Docente_50,Bases de Datos,2020-2,29,4.6,4.4,3.6,No resuelve las dudas de los estudiantes.,Estable,NEG,NEG,4.2
Docente_15,Estructuras de Datos,2020-1,38,3.6,3.9,3.2,No resuelve las dudas de los estudiantes.,Estable,NEG,NEG,3.5666666666666664
Docente_20,Inteligencia Artificial,2020-1,16,3.0,4.4,5.0,Califica de forma injusta.,Estable,NEG,NEG,4.133333333333334
Docente_26,Inteligencia Artificial,2020-2,30,4.1,4.2,3.7,La clase es muy aburrida y monótona.,Estable,NEG,NEG,4.0
Docente_5,Matemáticas Básicas,2022-2,34,2.8,2.1,2.2,Califica de forma injusta.,En riesgo,NEG,NEG,2.3666666666666667
Docente_5,Programación Orientada a Objetos,2022-1,34,3.4,3.4,4.3,Los parciales no tienen nada que ver con lo visto en clase.,Estable,NEU,NEG,3.6999999999999997
Docente_36,Ingeniería de Software,2022-2,27,3.5,4.4,3.0,Falta mucha pedagogía.,Estable,NEG,NEG,3.6333333333333333
Docente_34,Bases de Datos,2023-2,31,3.5,3.1,3.7,Falta mucha pedagogía.,Estable,NEG,NEG,3.4333333333333336
Docente_28,Matemáticas Básicas,2020-2,42,3.7,4.0,3.1,Llega tarde a las clases frecuentemente.,Estable,NEG,NEG,3.6
Docente_47,Ética Profesional,2021-2,28,3.9,3.4,4.5,La clase es muy aburrida y monótona.,Estable,NEG,NEG,3.9333333333333336
Docente_15,Inteligencia Artificial,2022-2,41,3.8,4.0,3.6,La clase es muy aburrida y monótona.,Estable,NEG,NEG,3.8000000000000003
Docente_26,Inteligencia Artificial,2020-2,25,3.3,2.9,2.2,Falta mucha pedagogía.,En riesgo,NEG,NEG,2.7999999999999994
Docente_21,Ingeniería de Software,2022-1,26,4.7,4.0,5.0,Se nota que sabe mucho de la materia.,Mejora,NEU,NEU,4.566666666666666
Docente_44,Inteligencia Artificial,2020-2,17,2.3,3.1,2.8,La clase es muy aburrida y monótona.,En riesgo,NEG,NEG,2.733333333333333
Docente_6,Inteligencia Artificial,2020-2,38,4.1,4.5,5.0,Se podría mejorar un poco el material de estudio.,Mejora,NEU,NEG,4.533333333333333
Docente_24,Ética Profesional,2021-1,32,3.9,3.5,4.9,"Excelente profesor, muy claro.",Estable,POS,POS,4.1000000000000005
Docente_38,Estructuras de Datos,2022-2,36,3.9,4.9,4.6,"Excelente profesor, muy claro.",Mejora,POS,POS,4.466666666666667
Docente_27,Bases de Datos,2023-1,42,5.0,5.0,3.6,Se podría mejorar un poco el material de estudio.,Mejora,NEU,NEG,4.533333333333333
Docente_4,Bases de Datos,2022-1,26,3.9,3.9,5.0,La clase es muy dinámica y entretenida.,Estable,POS,POS,4.266666666666667
Docente_37,Estructuras de Datos,2021-2,19,2.8,2.1,1.5,Los temas son difíciles pero se entienden.,En riesgo,NEU,NEU,2.1333333333333333
Docente_31,Programación Orientada a Objetos,2020-2,26,2.8,4.2,4.6,Llega tarde a las clases frecuentemente.,Estable,NEG,NEG,3.8666666666666667
Docente_24,Matemáticas Básicas,2022-1,33,3.9,4.3,4.1,La clase es muy dinámica y entretenida.,Mejora,POS,POS,4.1
Docente_28,Ética Profesional,2020-1,34,3.7,4.0,3.0,Cumple con el programa.,Estable,NEU,NEU,3.5666666666666664
Docente_2,Programación Orientada a Objetos,2022-1,37,2.8,4.1,1.7,"Asistencia puntual, pero falta dinamismo.",En riesgo,NEG,NEG,2.8666666666666667
Docente_20,Bases de Datos,2022-2,15,3.2,4.7,4.0,Los talleres son muy útiles para aprender.,Estable,POS,POS,3.966666666666667
Docente_10,Estructuras de Datos,2023-1,17,3.8,3.6,3.3,Resuelve las dudas con mucha paciencia.,Estable,NEU,NEU,3.5666666666666664
Docente_48,Ingeniería de Software,2020-1,17,4.1,3.8,3.3,No resuelve las dudas de los estudiantes.,Estable,NEG,NEG,3.733333333333333
Docente_14,Inteligencia Artificial,2023-1,29,4.5,3.3,3.5,Los temas son difíciles pero se entienden.,Estable,NEU,NEU,3.766666666666667
Docente_11,Bases de Datos,2022-1,38,3.8,5.0,4.5,Los talleres son muy útiles para aprender.,Mejora,POS,POS,4.433333333333334
Docente_50,Estructuras de Datos,2020-2,43,3.4,4.0,3.5,"Excelente profesor, muy claro.",Estable,POS,POS,3.6333333333333333
Docente_10,Programación Orientada a Objetos,2020-1,36,2.8,3.1,3.0,La clase es muy aburrida y monótona.,En riesgo,NEG,NEG,2.966666666666667
Docente_18,Inteligencia Artificial,2023-1,30,4.0,4.2,4.0,"El profesor es normal, ni muy bueno ni muy malo.",Mejora,NEU,NEU,4.066666666666666
Docente_29,Inteligencia Artificial,2022-1,21,2.3,1.3,2.7,"Asistencia puntual, pero falta dinamismo.",En riesgo,NEG,NEG,2.1
Docente_33,Matemáticas Básicas,2022-2,28,4.9,3.3,4.2,La clase es muy dinámica y entretenida.,Estable,POS,POS,4.133333333333333
Docente_19,Ingeniería de Software,2023-2,31,3.8,3.9,3.8,"El profesor es normal, ni muy bueno ni muy malo.",Estable,NEU,NEU,3.8333333333333335
Docente_3,Programación Orientada a Objetos,2023-1,34,4.1,4.2,3.5,"Excelente profesor, muy claro.",Estable,POS,POS,3.9333333333333336
Docente_1,Programación Orientada a Objetos,2022-1,45,3.7,4.2,3.4,Me inspiró a seguir aprendiendo sobre este tema.,Estable,POS,POS,3.766666666666667
Docente_50,Programación Orientada a Objetos,2022-1,24,3.8,4.0,3.7,Los temas son difíciles pero se entienden.,Estable,NEU,NEU,3.8333333333333335
Docente_8,Matemáticas Básicas,2023-2,38,2.6,2.6,2.9,Falta mucha pedagogía.,En riesgo,NEG,NEG,2.6999999999999997
Docente_12,Programación Orientada a Objetos,2023-1,32,3.5,4.2,2.5,La clase estuvo bien.,Estable,POS,NEU,3.4
Docente_33,Estructuras de Datos,2022-2,17,4.5,4.4,4.3,Me inspiró a seguir aprendiendo sobre este tema.,Mejora,POS,POS,4.3999999999999995
Docente_48,Matemáticas Básicas,2023-1,15,4.8,4.6,3.5,La clase estuvo bien.,Mejora,POS,NEU,4.3
Docente_5,Ética Profesional,2022-2,33,3.5,3.4,3.7,"No explica bien, me siento perdido.",Estable,NEG,NEG,3.5333333333333337
Docente_37,Inteligencia Artificial,2023-1,24,4.1,3.3,3.3,La clase es muy dinámica y entretenida.,Estable,POS,POS,3.5666666666666664
Docente_26,Matemáticas Básicas,2022-2,20,4.7,4.5,5.0,"Asistencia puntual, pero falta dinamismo.",Mejora,NEG,NEG,4.733333333333333
Docente_40,Inteligencia Artificial,2022-2,17,4.2,4.4,4.2,Me inspiró a seguir aprendiendo sobre este tema.,Mejora,POS,POS,4.266666666666667
Docente_7,Programación Orientada a Objetos,2023-1,33,4.1,4.4,4.5,Me inspiró a seguir aprendiendo sobre este tema.,Mejora,POS,POS,4.333333333333333
Docente_34,Matemáticas Básicas,2023-1,42,3.0,4.4,4.0,"El profesor es normal, ni muy bueno ni muy malo.",Estable,NEU,NEU,3.8000000000000003
Docente_48,Bases de Datos,2021-2,25,4.9,3.2,3.7,Los talleres son muy útiles para aprender.,Estable,POS,POS,3.9333333333333336
Docente_5,Estructuras de Datos,2020-2,31,4.4,3.7,4.2,No resuelve las dudas de los estudiantes.,Estable,NEG,NEG,4.1000000000000005
Docente_13,Ética Profesional,2022-2,26,4.9,4.4,3.1,Se podría mejorar un poco el material de estudio.,Mejora,NEU,NEG,4.133333333333334
Docente_42,Ética Profesional,2021-1,22,4.9,4.3,4.5,"Excelente profesor, muy claro.",Mejora,POS,POS,4.566666666666666
Docente_10,Bases de Datos,2021-2,20,3.9,4.6,4.7,"El profesor es normal, ni muy bueno ni muy malo.",Mejora,NEU,NEU,4.3999999999999995
Docente_10,Ética Profesional,2020-2,20,3.5,5.0,3.8,"Asistencia puntual, pero falta dinamismo.",Mejora,NEG,NEG,4.1000000000000005
Docente_41,Inteligencia Artificial,2023-2,39,3.8,3.8,4.7,Los parciales no tienen nada que ver con lo visto en clase.,Estable,NEU,NEG,4.1000000000000005
Docente_49,Estructuras de Datos,2023-2,36,3.4,2.8,3.9,Los parciales no tienen nada que ver con lo visto en clase.,Estable,NEU,NEG,3.3666666666666667
Docente_42,Ingeniería de Software,2022-2,42,2.6,2.1,3.0,Los temas son difíciles pero se entienden.,En riesgo,NEU,NEU,2.566666666666667
Docente_21,Programación Orientada a Objetos,2023-2,17,3.0,3.7,3.8,Califica de forma injusta.,Estable,NEG,NEG,3.5
Docente_29,Ingeniería de Software,2022-1,40,4.3,4.3,3.9,Cumple con el programa.,Estable,NEU,NEU,4.166666666666667
Docente_38,Matemáticas Básicas,2022-2,31,3.5,4.0,3.2,Se nota que sabe mucho de la materia.,Estable,NEU,NEU,3.5666666666666664
Docente_20,Inteligencia Artificial,2023-2,16,3.8,4.9,3.9,"Excelente profesor, muy claro.",Estable,POS,POS,4.2
Docente_24,Ética Profesional,2022-1,17,4.6,4.4,4.0,Los temas son difíciles pero se entienden.,Mejora,NEU,NEU,4.333333333333333
Docente_6,Estructuras de Datos,2023-1,29,5.0,5.0,4.1,"El profesor es normal, ni muy bueno ni muy malo.",Mejora,NEU,NEU,4.7
Docente_36,Ética Profesional,2020-1,29,3.6,3.7,3.9,Los parciales no tienen nada que ver con lo visto en clase.,Estable,NEU,NEG,3.733333333333334
Docente_42,Programación Orientada a Objetos,2022-2,34,3.4,4.4,3.4,Califica de forma injusta.,Estable,NEG,NEG,3.733333333333334
Docente_33,Programación Orientada a Objetos,2020-1,29,3.2,3.6,3.9,La clase es muy dinámica y entretenida.,Estable,POS,POS,3.566666666666667
Docente_22,Ingeniería de Software,2020-2,31,3.3,4.1,4.9,Los talleres son muy útiles para aprender.,Estable,POS,POS,4.1000000000000005
Docente_3,Programación Orientada a Objetos,2023-2,29,5.0,5.0,4.8,Cumple con el programa.,Mejora,NEU,NEU,4.933333333333334
Docente_34,Estructuras de Datos,2021-1,26,4.1,3.7,3.4,Se podría mejorar un poco el material de estudio.,Estable,NEU,NEG,3.733333333333333
Docente_19,Inteligencia Artificial,2023-1,39,2.1,1.7,1.4,Los parciales no tienen nada que ver con lo visto en clase.,En riesgo,NEU,NEG,1.7333333333333332
Docente_44,Estructuras de Datos,2020-1,40,2.8,3.8,3.7,Los temas son difíciles pero se entienden.,Estable,NEU,NEU,3.4333333333333336
Docente_5,Bases de Datos,2020-2,32,1.6,3.2,2.6,Los temas son difíciles pero se entienden.,En riesgo,NEU,NEU,2.466666666666667
Docente_25,Bases de Datos,2022-1,38,2.7,2.5,2.6,Los temas son difíciles pero se entienden.,En riesgo,NEU,NEU,2.6
Docente_39,Ética Profesional,2021-1,25,4.4,3.8,4.2,Se nota que sabe mucho de la materia.,Estable,NEU,NEU,4.133333333333333
Docente_38,Ingeniería de Software,2021-1,44,4.2,4.0,3.2,Se podría mejorar un poco el material de estudio.,Estable,NEU,NEG,3.7999999999999994
Docente_20,Ingeniería de Software,2023-1,19,2.4,2.5,2.9,"El profesor es normal, ni muy bueno ni muy malo.",En riesgo,NEU,NEU,2.6
Docente_46,Matemáticas Básicas,2022-1,32,4.8,5.0,4.4,Me inspiró a seguir aprendiendo sobre este tema.,Mejora,POS,POS,4.733333333333333
Docente_42,Ética Profesional,2022-2,41,5.0,4.4,2.9,Resuelve las dudas con mucha paciencia.,Estable,NEU,NEU,4.1000000000000005
Docente_43,Ingeniería de Software,2020-2,35,3.8,4.3,4.0,"No explica bien, me siento perdido.",Estable,NEG,NEG,4.033333333333333
Docente_33,Bases de Datos,2020-1,26,3.5,4.1,3.7,"El profesor es normal, ni muy bueno ni muy malo.",Estable,NEU,NEU,3.766666666666667
Docente_12,Programación Orientada a Objetos,2022-2,45,4.5,4.5,4.0,"Asistencia puntual, pero falta dinamismo.",Mejora,NEG,NEG,4.333333333333333
Docente_32,Programación Orientada a Objetos,2021-2,19,2.7,1.6,2.8,Califica de forma injusta.,En riesgo,NEG,NEG,2.3666666666666667
Docente_5,Bases de Datos,2020-2,31,5.0,5.0,4.1,"Asistencia puntual, pero falta dinamismo.",Mejora,NEG,NEG,4.7
Docente_35,Ética Profesional,2020-1,36,3.1,3.3,3.6,Los temas son difíciles pero se entienden.,Estable,NEU,NEU,3.3333333333333335
Docente_50,Estructuras de Datos,2021-1,34,1.9,3.8,2.2,Falta mucha pedagogía.,En riesgo,NEG,NEG,2.6333333333333333
Docente_10,Programación Orientada a Objetos,2021-1,41,1.3,3.6,3.4,Se podría mejorar un poco el material de estudio.,En riesgo,NEU,NEG,2.766666666666667
Docente_50,Estructuras de Datos,2021-1,38,4.1,4.0,5.0,La clase estuvo bien.,Mejora,POS,NEU,4.366666666666666
Docente_3,Inteligencia Artificial,2022-2,36,3.9,3.5,4.9,La clase estuvo bien.,Estable,POS,NEU,4.1000000000000005
Docente_29,Estructuras de Datos,2022-1,39,4.4,5.0,5.0,Se podría mejorar un poco el material de estudio.,Mejora,NEU,NEG,4.8
Docente_29,Programación Orientada a Objetos,2021-2,24,4.6,4.4,3.5,Califica de forma injusta.,Estable,NEG,NEG,4.166666666666667
Docente_13,Bases de Datos,2023-2,29,3.1,2.0,2.4,"Asistencia puntual, pero falta dinamismo.",En riesgo,NEG,NEG,2.5
Docente_19,Ética Profesional,2023-1,31,5.0,4.3,4.9,Cumple con el programa.,Mejora,NEU,NEU,4.733333333333333
Docente_27,Programación Orientada a Objetos,2021-2,40,4.1,3.3,3.7,Falta mucha pedagogía.,Estable,NEG,NEG,3.6999999999999997
Docente_9,Ética Profesional,2022-1,16,3.4,3.8,4.0,Califica de forma injusta.,Estable,NEG,NEG,3.733333333333333
Docente_24,Estructuras de Datos,2020-2,37,3.1,3.4,4.7,No resuelve las dudas de los estudiantes.,Estable,NEG,NEG,3.733333333333333
Docente_8,Bases de Datos,2020-2,39,3.6,4.0,4.4,Los talleres son muy útiles para aprender.,Estable,POS,POS,4.0
Docente_18,Inteligencia Artificial,2021-1,41,3.6,4.8,4.6,"No explica bien, me siento perdido.",Estable,NEG,NEG,4.333333333333333
Docente_6,Programación Orientada a Objetos,2023-2,43,3.8,4.1,4.1,Los talleres son muy útiles para aprender.,Mejora,POS,POS,4.0
Docente_2,Inteligencia Artificial,2020-1,27,4.2,4.1,3.7,No resuelve las dudas de los estudiantes.,Estable,NEG,NEG,4.0
Docente_24,Programación Orientada a Objetos,2023-1,17,5.0,4.5,4.2,Los talleres son muy útiles para aprender.,Mejora,POS,POS,4.566666666666666
Docente_15,Matemáticas Básicas,2022-2,44,2.8,1.8,1.0,La clase es muy aburrida y monótona.,En riesgo,NEG,NEG,1.8666666666666665
Docente_46,Ingeniería de Software,2022-2,40,4.6,4.4,3.0,Se nota que sabe mucho de la materia.,Mejora,NEU,NEU,4.0
Docente_9,Matemáticas Básicas,2022-1,44,3.7,3.6,4.0,Califica de forma injusta.,Estable,NEG,NEG,3.766666666666667
Docente_45,Ética Profesional,2021-1,39,4.0,3.6,4.0,Califica de forma injusta.,Estable,NEG,NEG,3.8666666666666667
Docente_29,Estructuras de Datos,2020-1,43,4.6,4.6,4.3,"Excelente profesor, muy claro.",Mejora,POS,POS,4.5
Docente_2,Bases de Datos,2021-2,41,4.7,4.5,4.0,Se nota que sabe mucho de la materia.,Mejora,NEU,NEU,4.3999999999999995
Docente_36,Ingeniería de Software,2023-1,18,3.3,4.6,3.7,"El profesor es normal, ni muy bueno ni muy malo.",Estable,NEU,NEU,3.8666666666666667
Docente_16,Bases de Datos,2020-2,16,4.2,4.6,4.5,La clase es muy dinámica y entretenida.,Mejora,POS,POS,4.433333333333334
Docente_27,Ingeniería de Software,2023-2,17,3.2,4.3,3.7,La clase es muy dinámica y entretenida.,Estable,POS,POS,3.733333333333333
Docente_32,Estructuras de Datos,2020-1,35,4.6,4.6,4.8,Cumple con el programa.,Mejora,NEU,NEU,4.666666666666667
Docente_37,Programación Orientada a Objetos,2021-1,24,4.5,4.0,4.1,Me inspiró a seguir aprendiendo sobre este tema.,Mejora,POS,POS,4.2
Docente_1,Estructuras de Datos,2022-2,22,3.2,4.2,3.1,Los parciales no tienen nada que ver con lo visto en clase.,Estable,NEU,NEG,3.5
Docente_27,Programación Orientada a Objetos,2020-2,31,4.2,1.5,3.1,Los parciales no tienen nada que ver con lo visto en clase.,En riesgo,NEU,NEG,2.9333333333333336
Docente_5,Estructuras de Datos,2020-1,27,4.3,4.4,4.7,La clase estuvo bien.,Mejora,POS,NEU,4.466666666666666
Docente_3,Ingeniería de Software,2023-1,26,3.6,3.4,3.8,Cumple con el programa.,Estable,NEU,NEU,3.6
Docente_48,Matemáticas Básicas,2022-2,40,2.3,2.7,2.6,La clase es muy aburrida y monótona.,En riesgo,NEG,NEG,2.533333333333333
Docente_23,Programación Orientada a Objetos,2020-2,39,5.0,4.2,2.9,"El profesor es normal, ni muy bueno ni muy malo.",Mejora,NEU,NEU,4.033333333333333
Docente_48,Ética Profesional,2022-2,19,4.3,5.0,5.0,Explica muy bien los temas.,Mejora,POS,POS,4.766666666666667
Docente_23,Estructuras de Datos,2022-2,41,3.3,3.9,3.4,Los talleres son muy útiles para aprender.,Estable,POS,POS,3.533333333333333
Docente_50,Ingeniería de Software,2023-2,37,2.0,2.6,2.0,La clase estuvo bien.,En riesgo,POS,NEU,2.1999999999999997
Docente_41,Programación Orientada a Objetos,2021-1,17,4.8,4.4,3.9,Se podría mejorar un poco el material de estudio.,Mejora,NEU,NEG,4.366666666666666
Docente_50,Inteligencia Artificial,2020-1,24,3.1,3.9,3.6,Me inspiró a seguir aprendiendo sobre este tema.,Estable,POS,POS,3.533333333333333
Docente_3,Ética Profesional,2021-2,43,4.1,4.3,3.8,"Excelente profesor, muy claro.",Estable,POS,POS,4.066666666666666
Docente_21,Bases de Datos,2023-1,41,3.3,3.9,4.3,Llega tarde a las clases frecuentemente.,Estable,NEG,NEG,3.8333333333333335
Docente_31,Bases de Datos,2020-1,39,4.1,4.0,3.1,Me inspiró a seguir aprendiendo sobre este tema.,Estable,POS,POS,3.733333333333333
Docente_19,Bases de Datos,2020-1,42,4.7,5.0,5.0,Los temas son difíciles pero se entienden.,Mejora,NEU,NEU,4.8999999999999995
Docente_22,Bases de Datos,2020-2,40,4.1,3.9,4.2,Se podría mejorar un poco el material de estudio.,Estable,NEU,NEG,4.066666666666666
Docente_28,Inteligencia Artificial,2023-2,43,5.0,4.9,4.8,Me inspiró a seguir aprendiendo sobre este tema.,Mejora,POS,POS,4.8999999999999995
Docente_22,Programación Orientada a Objetos,2023-2,37,2.2,2.4,2.2,La clase estuvo bien.,En riesgo,POS,NEU,2.2666666666666666
Docente_24,Ética Profesional,2022-1,40,4.6,4.9,4.3,"Excelente profesor, muy claro.",Mejora,POS,POS,4.6000000000000005
Docente_47,Inteligencia Artificial,2020-2,28,3.2,3.9,4.5,Falta mucha pedagogía.,Estable,NEG,NEG,3.8666666666666667
Docente_12,Estructuras de Datos,2022-1,25,2.7,2.6,3.1,La clase es muy aburrida y monótona.,En riesgo,NEG,NEG,2.8000000000000003
Docente_6,Bases de Datos,2022-1,24,5.0,4.5,4.9,La clase estuvo bien.,Mejora,POS,NEU,4.8
Docente_39,Ingeniería de Software,2023-1,20,4.5,4.5,5.0,Se podría mejorar un poco el material de estudio.,Mejora,NEU,NEG,4.666666666666667
Docente_29,Bases de Datos,2023-2,16,2.7,2.7,2.2,Se podría mejorar un poco el material de estudio.,En riesgo,NEU,NEG,2.5333333333333337
Docente_23,Estructuras de Datos,2023-1,23,4.6,4.7,5.0,Los temas son difíciles pero se entienden.,Mejora,NEU,NEU,4.766666666666667
Docente_4,Matemáticas Básicas,2023-1,26,4.0,4.6,3.7,No resuelve las dudas de los estudiantes.,Estable,NEG,NEG,4.1000000000000005
Docente_48,Ingeniería de Software,2021-1,45,3.8,2.8,3.6,Explica muy bien los temas.,Estable,POS,POS,3.4
Docente_10,Ética Profesional,2023-2,16,5.0,4.9,4.7,Se nota que sabe mucho de la materia.,Mejora,NEU,NEU,4.866666666666667
Docente_5,Programación Orientada a Objetos,2022-2,26,4.2,4.4,4.1,Me inspiró a seguir aprendiendo sobre este tema.,Mejora,POS,POS,4.233333333333333
Docente_37,Matemáticas Básicas,2021-1,36,2.8,4.5,4.6,La clase es muy aburrida y monótona.,Estable,NEG,NEG,3.9666666666666663
Docente_24,Bases de Datos,2023-2,39,3.7,4.5,3.8,Se nota que sabe mucho de la materia.,Estable,NEU,NEU,4.0
Docente_37,Programación Orientada a Objetos,2022-2,27,4.6,4.1,5.0,Los talleres son muy útiles para aprender.,Mejora,POS,POS,4.566666666666666
Docente_42,Bases de Datos,2021-2,45,3.6,4.2,3.5,La clase es muy dinámica y entretenida.,Estable,POS,POS,3.766666666666667
Docente_2,Ingeniería de Software,2021-1,30,4.2,4.0,4.8,No resuelve las dudas de los estudiantes.,Estable,NEG,NEG,4.333333333333333
Docente_25,Estructuras de Datos,2020-2,23,4.3,3.2,4.2,Cumple con el programa.,Estable,NEU,NEU,3.9
Docente_46,Inteligencia Artificial,2021-2,34,4.1,4.1,3.7,"El profesor es normal, ni muy bueno ni muy malo.",Estable,NEU,NEU,3.9666666666666663
Docente_45,Inteligencia Artificial,2021-2,18,3.3,4.0,2.9,Resuelve las dudas con mucha paciencia.,Estable,NEU,NEU,3.4
Docente_5,Inteligencia Artificial,2021-1,43,1.0,1.1,2.9,Se podría mejorar un poco el material de estudio.,En riesgo,NEU,NEG,1.6666666666666667
Docente_29,Matemáticas Básicas,2022-2,36,2.4,1.9,2.3,Los parciales no tienen nada que ver con lo visto en clase.,En riesgo,NEU,NEG,2.1999999999999997
Docente_46,Matemáticas Básicas,2022-1,43,2.8,3.0,2.2,Llega tarde a las clases frecuentemente.,En riesgo,NEG,NEG,2.6666666666666665
Docente_11,Ingeniería de Software,2021-1,40,4.2,3.6,4.1,Se podría mejorar un poco el material de estudio.,Estable,NEU,NEG,3.966666666666667
Docente_33,Programación Orientada a Objetos,2020-2,21,4.3,4.7,5.0,"Asistencia puntual, pero falta dinamismo.",Mejora,NEG,NEG,4.666666666666667
Docente_9,Programación Orientada a Objetos,2023-2,15,3.6,4.5,3.6,Los talleres son muy útiles para aprender.,Mejora,POS,POS,3.9
Docente_36,Estructuras de Datos,2022-2,29,4.9,5.0,5.0,"Asistencia puntual, pero falta dinamismo.",Mejora,NEG,NEG,4.966666666666667
Docente_36,Programación Orientada a Objetos,2020-2,17,3.0,2.1,2.4,Llega tarde a las clases frecuentemente.,En riesgo,NEG,NEG,2.5
Docente_26,Ingeniería de Software,2023-2,31,2.2,2.6,3.1,Falta mucha pedagogía.,En riesgo,NEG,NEG,2.6333333333333333
Docente_50,Inteligencia Artificial,2020-2,19,4.7,5.0,4.5,Los talleres son muy útiles para aprender.,Mejora,POS,POS,4.733333333333333
Docente_42,Matemáticas Básicas,2023-2,29,2.9,2.7,3.0,Los temas son difíciles pero se entienden.,En riesgo,NEU,NEU,2.8666666666666667
Docente_34,Bases de Datos,2021-1,43,2.9,3.6,4.5,Llega tarde a las clases frecuentemente.,Estable,NEG,NEG,3.6666666666666665
Docente_41,Estructuras de Datos,2021-1,39,3.6,3.8,4.3,Resuelve las dudas con mucha paciencia.,Estable,NEU,NEU,3.9
Docente_28,Estructuras de Datos,2020-1,41,4.4,4.8,3.3,La clase es muy dinámica y entretenida.,Estable,POS,POS,4.166666666666667
Docente_34,Programación Orientada a Objetos,2022-1,20,4.2,3.8,3.4,Los talleres son muy útiles para aprender.,Estable,POS,POS,3.8000000000000003
Docente_21,Ingeniería de Software,2021-2,26,4.0,4.0,4.5,No resuelve las dudas de los estudiantes.,Estable,NEG,NEG,4.166666666666667
Docente_19,Ética Profesional,2020-2,23,4.1,3.6,3.9,Me inspiró a seguir aprendiendo sobre este tema.,Estable,POS,POS,3.8666666666666667
Docente_41,Estructuras de Datos,2022-1,19,4.3,3.7,4.3,Los temas son difíciles pero se entienden.,Mejora,NEU,NEU,4.1000000000000005
Docente_20,Estructuras de Datos,2020-2,31,3.5,4.0,4.8,Los temas son difíciles pero se entienden.,Mejora,NEU,NEU,4.1000000000000005
Docente_11,Estructuras de Datos,2021-1,20,4.4,4.6,4.9,Los temas son difíciles pero se entienden.,Mejora,NEU,NEU,4.633333333333334
Docente_40,Ingeniería de Software,2022-2,41,3.5,3.0,3.9,Los parciales no tienen nada que ver con lo visto en clase.,Estable,NEU,NEG,3.466666666666667
Docente_3,Ética Profesional,2020-1,17,2.0,2.5,1.9,"No explica bien, me siento perdido.",En riesgo,NEG,NEG,2.1333333333333333
Docente_42,Ética Profesional,2022-1,35,3.9,4.4,3.8,Me inspiró a seguir aprendiendo sobre este tema.,Estable,POS,POS,4.033333333333334
Docente_50,Estructuras de Datos,2023-1,34,3.6,3.6,3.1,Explica muy bien los temas.,Estable,POS,POS,3.4333333333333336
Docente_32,Ingeniería de Software,2022-1,35,2.9,4.0,4.1,"El profesor es normal, ni muy bueno ni muy malo.",Estable,NEU,NEU,3.6666666666666665
Docente_31,Programación Orientada a Objetos,2023-1,24,4.3,3.6,3.9,La clase es muy aburrida y monótona.,Estable,NEG,NEG,3.9333333333333336
Docente_5,Ingeniería de Software,2020-1,20,3.5,3.8,3.4,La clase es muy aburrida y monótona.,Estable,NEG,NEG,3.5666666666666664
Docente_27,Inteligencia Artificial,2023-2,21,3.4,3.7,4.6,Los temas son difíciles pero se entienden.,Estable,NEU,NEU,3.9
Docente_39,Programación Orientada a Objetos,2022-2,42,4.3,4.5,4.1,Se podría mejorar un poco el material de estudio.,Mejora,NEU,NEG,4.3
Docente_21,Ingeniería de Software,2022-2,27,3.4,3.4,3.1,Califica de forma injusta.,En riesgo,NEG,NEG,3.3000000000000003
Docente_49,Bases de Datos,2020-2,25,3.6,4.9,4.5,La clase es muy dinámica y entretenida.,Mejora,POS,POS,4.333333333333333
Docente_30,Matemáticas Básicas,2022-1,29,4.0,4.2,3.8,La clase estuvo bien.,Estable,POS,NEU,4.0
Docente_10,Matemáticas Básicas,2020-1,24,4.1,4.6,4.3,Me inspiró a seguir aprendiendo sobre este tema.,Mejora,POS,POS,4.333333333333333
Docente_40,Inteligencia Artificial,2021-2,45,5.0,4.4,3.4,Se nota que sabe mucho de la materia.,Mejora,NEU,NEU,4.266666666666667
Docente_21,Estructuras de Datos,2022-2,21,4.2,4.4,4.0,Los talleres son muy útiles para aprender.,Estable,POS,POS,4.2
Docente_32,Estructuras de Datos,2023-2,30,4.7,3.5,3.3,"El profesor es normal, ni muy bueno ni muy malo.",Estable,NEU,NEU,3.8333333333333335
Docente_32,Matemáticas Básicas,2020-2,45,3.3,4.6,3.7,"Asistencia puntual, pero falta dinamismo.",Estable,NEG,NEG,3.8666666666666667
Docente_33,Inteligencia Artificial,2021-2,21,1.2,2.1,1.3,"El profesor es normal, ni muy bueno ni muy malo.",En riesgo,NEU,NEU,1.5333333333333332
Docente_23,Matemáticas Básicas,2020-1,24,4.4,4.4,4.4,Califica de forma injusta.,Estable,NEG,NEG,4.4
Docente_39,Ética Profesional,2023-2,24,3.7,3.3,3.3,Llega tarde a las clases frecuentemente.,Estable,NEG,NEG,3.4333333333333336
Docente_1,Ética Profesional,2020-2,28,4.3,5.0,5.0,Se nota que sabe mucho de la materia.,Mejora,NEU,NEU,4.766666666666667
Docente_17,Ingeniería de Software,2022-2,39,3.7,3.5,4.4,"Asistencia puntual, pero falta dinamismo.",Estable,NEG,NEG,3.866666666666667
Docente_24,Matemáticas Básicas,2023-1,16,3.2,3.3,3.5,Los parciales no tienen nada que ver con lo visto en clase.,Estable,NEU,NEG,3.3333333333333335
Docente_36,Programación Orientada a Objetos,2022-2,32,3.8,2.3,2.4,Llega tarde a las clases frecuentemente.,En riesgo,NEG,NEG,2.8333333333333335
Docente_5,Inteligencia Artificial,2023-2,39,3.9,4.8,4.4,Cumple con el programa.,Mejora,NEU,NEU,4.366666666666666
Docente_18,Ética Profesional,2020-2,19,3.3,3.7,2.9,La clase es muy dinámica y entretenida.,Estable,POS,POS,3.3000000000000003
Docente_26,Bases de Datos,2022-2,32,2.3,3.1,2.2,Los parciales no tienen nada que ver con lo visto en clase.,En riesgo,NEU,NEG,2.5333333333333337
Docente_49,Programación Orientada a Objetos,2021-2,34,3.0,3.2,4.1,No resuelve las dudas de los estudiantes.,Estable,NEG,NEG,3.4333333333333336
Docente_26,Estructuras de Datos,2020-1,16,3.5,5.0,5.0,Explica muy bien los temas.,Mejora,POS,POS,4.5
Docente_9,Ingeniería de Software,2022-2,40,3.7,4.5,3.3,Califica de forma injusta.,Estable,NEG,NEG,3.8333333333333335
Docente_34,Inteligencia Artificial,2021-1,34,4.1,4.5,4.2,Cumple con el programa.,Mejora,NEU,NEU,4.266666666666667
Docente_9,Bases de Datos,2022-2,20,4.5,4.8,4.9,Me inspiró a seguir aprendiendo sobre este tema.,Mejora,POS,POS,4.733333333333333
Docente_40,Ingeniería de Software,2022-1,33,3.6,5.0,3.9,Los talleres son muy útiles para aprender.,Mejora,POS,POS,4.166666666666667
Docente_33,Ética Profesional,2023-2,37,3.9,4.3,4.8,Los parciales no tienen nada que ver con lo visto en clase.,Estable,NEU,NEG,4.333333333333333
Docente_20,Inteligencia Artificial,2020-1,26,5.0,4.4,4.3,Los talleres son muy útiles para aprender.,Mejora,POS,POS,4.566666666666666
Docente_44,Matemáticas Básicas,2023-1,33,3.0,4.0,3.9,"El profesor es normal, ni muy bueno ni muy malo.",Estable,NEU,NEU,3.6333333333333333
Docente_47,Ética Profesional,2020-1,34,3.7,2.8,2.2,La clase estuvo bien.,En riesgo,POS,NEU,2.9
Docente_17,Ingeniería de Software,2021-2,38,4.2,4.9,4.3,Explica muy bien los temas.,Mejora,POS,POS,4.466666666666668
Docente_38,Inteligencia Artificial,2021-1,31,1.7,3.4,2.4,Los temas son difíciles pero se entienden.,En riesgo,NEU,NEU,2.5
Docente_47,Estructuras de Datos,2023-1,19,3.1,3.5,4.1,La clase estuvo bien.,Estable,POS,NEU,3.5666666666666664
Docente_3,Estructuras de Datos,2020-2,21,3.4,2.8,5.0,Explica muy bien los temas.,Estable,POS,POS,3.733333333333333
Docente_29,Bases de Datos,2023-1,19,4.4,3.7,4.0,"No explica bien, me siento perdido.",Estable,NEG,NEG,4.033333333333334
Docente_45,Programación Orientada a Objetos,2023-1,31,3.5,2.5,2.3,"Asistencia puntual, pero falta dinamismo.",En riesgo,NEG,NEG,2.766666666666667
Docente_40,Inteligencia Artificial,2020-1,37,3.3,2.5,2.3,Califica de forma injusta.,En riesgo,NEG,NEG,2.6999999999999997
Docente_34,Programación Orientada a Objetos,2022-2,36,4.3,4.2,3.9,Califica de forma injusta.,Estable,NEG,NEG,4.133333333333334
Docente_34,Inteligencia Artificial,2022-2,45,5.0,4.5,4.9,Se nota que sabe mucho de la materia.,Mejora,NEU,NEU,4.8
Docente_30,Estructuras de Datos,2022-2,32,5.0,4.2,3.7,Los talleres son muy útiles para aprender.,Mejora,POS,POS,4.3
Docente_44,Ética Profesional,2022-1,34,1.9,2.1,2.1,La clase estuvo bien.,En riesgo,POS,NEU,2.033333333333333
Docente_13,Programación Orientada a Objetos,2022-1,32,4.9,4.9,4.7,Resuelve las dudas con mucha paciencia.,Mejora,NEU,NEU,4.833333333333333
Docente_15,Bases de Datos,2022-1,37,4.0,3.6,4.1,Me inspiró a seguir aprendiendo sobre este tema.,Estable,POS,POS,3.9
Docente_45,Ingeniería de Software,2023-2,25,4.4,4.1,4.3,Califica de forma injusta.,Estable,NEG,NEG,4.266666666666667
Docente_23,Estructuras de Datos,2022-1,24,4.1,4.6,3.6,"Excelente profesor, muy claro.",Mejora,POS,POS,4.1
Docente_37,Ingeniería de Software,2023-1,43,3.7,4.3,4.2,Me inspiró a seguir aprendiendo sobre este tema.,Mejora,POS,POS,4.066666666666666
Docente_23,Ética Profesional,2021-1,24,2.5,3.0,2.1,"No explica bien, me siento perdido.",En riesgo,NEG,NEG,2.533333333333333
Docente_19,Ingeniería de Software,2020-2,26,3.7,4.2,4.3,La clase es muy aburrida y monótona.,Estable,NEG,NEG,4.066666666666666
Docente_42,Bases de Datos,2023-2,21,4.4,4.3,3.9,La clase es muy dinámica y entretenida.,Mejora,POS,POS,4.2
Docente_35,Bases de Datos,2022-1,19,4.1,4.9,4.3,"Excelente profesor, muy claro.",Mejora,POS,POS,4.433333333333334
Docente_40,Ingeniería de Software,2021-2,22,3.0,3.8,3.8,"Excelente profesor, muy claro.",Estable,POS,POS,3.533333333333333
Docente_43,Estructuras de Datos,2021-2,35,3.8,4.6,3.1,La clase estuvo bien.,Estable,POS,NEU,3.8333333333333326
Docente_4,Matemáticas Básicas,2023-1,25,4.5,5.0,5.0,Se podría mejorar un poco el material de estudio.,Mejora,NEU,NEG,4.833333333333333
Docente_31,Matemáticas Básicas,2021-1,15,3.2,4.0,3.6,Llega tarde a las clases frecuentemente.,Estable,NEG,NEG,3.6
Docente_11,Inteligencia Artificial,2023-2,30,4.9,4.8,4.5,Los temas son difíciles pero se entienden.,Mejora,NEU,NEU,4.733333333333333
Docente_13,Ética Profesional,2022-1,25,4.5,4.1,3.5,"El profesor es normal, ni muy bueno ni muy malo.",Estable,NEU,NEU,4.033333333333333
Docente_42,Matemáticas Básicas,2020-2,35,3.6,4.6,4.6,"El profesor es normal, ni muy bueno ni muy malo.",Mejora,NEU,NEU,4.266666666666667
Docente_15,Estructuras de Datos,2020-1,44,4.0,4.3,5.0,Se nota que sabe mucho de la materia.,Mejora,NEU,NEU,4.433333333333334
Docente_27,Ética Profesional,2021-1,44,4.2,4.6,4.9,Explica muy bien los temas.,Mejora,POS,POS,4.566666666666667
Docente_26,Ética Profesional,2023-2,20,4.0,4.9,4.0,Se podría mejorar un poco el material de estudio.,Mejora,NEU,NEG,4.3
Docente_19,Matemáticas Básicas,2020-1,24,3.7,3.5,4.2,Los parciales no tienen nada que ver con lo visto en clase.,Estable,NEU,NEG,3.8000000000000003
Docente_39,Matemáticas Básicas,2022-2,24,3.6,4.0,3.9,La clase es muy aburrida y monótona.,Estable,NEG,NEG,3.8333333333333335
Docente_42,Estructuras de Datos,2023-2,43,3.7,4.3,3.8,Resuelve las dudas con mucha paciencia.,Estable,NEU,NEU,3.9333333333333336
Docente_33,Inteligencia Artificial,2022-1,21,4.8,4.6,4.3,La clase es muy dinámica y entretenida.,Estable,POS,POS,4.566666666666666
Docente_22,Programación Orientada a Objetos,2023-2,35,4.8,4.3,4.5,Resuelve las dudas con mucha paciencia.,Mejora,NEU,NEU,4.533333333333333
Docente_46,Programación Orientada a Objetos,2020-1,38,3.8,3.9,3.9,Los temas son difíciles pero se entienden.,Estable,NEU,NEU,3.8666666666666667
Docente_19,Estructuras de Datos,2021-2,20,4.6,4.5,4.2,"El profesor es normal, ni muy bueno ni muy malo.",Mejora,NEU,NEU,4.433333333333334
Docente_41,Inteligencia Artificial,2023-1,31,3.9,3.9,4.1,Los temas son difíciles pero se entienden.,Estable,NEU,NEU,3.9666666666666663
Docente_6,Inteligencia Artificial,2020-2,20,3.1,3.8,3.1,Resuelve las dudas con mucha paciencia.,Estable,NEU,NEU,3.3333333333333335
Docente_31,Bases de Datos,2021-2,15,3.8,4.4,5.0,Resuelve las dudas con mucha paciencia.,Mejora,NEU,NEU,4.3999999999999995
Docente_25,Programación Orientada a Objetos,2023-2,39,2.2,2.9,2.2,Llega tarde a las clases frecuentemente.,En riesgo,NEG,NEG,2.433333333333333
Docente_22,Bases de Datos,2020-1,23,4.0,3.1,1.8,Los temas son difíciles pero se entienden.,En riesgo,NEU,NEU,2.966666666666667
Docente_24,Ingeniería de Software,2021-2,16,3.4,3.7,4.4,La clase es muy dinámica y entretenida.,Estable,POS,POS,3.8333333333333335
Docente_30,Bases de Datos,2021-1,27,4.2,3.3,4.6,No resuelve las dudas de los estudiantes.,Estable,NEG,NEG,4.033333333333333
Docente_46,Ética Profesional,2022-1,37,3.9,3.8,3.4,La clase es muy dinámica y entretenida.,Estable,POS,POS,3.6999999999999997
Docente_41,Bases de Datos,2022-2,34,3.8,4.6,3.9,La clase es muy dinámica y entretenida.,Mejora,POS,POS,4.1
Docente_15,Programación Orientada a Objetos,2023-2,19,3.7,4.1,4.3,La clase estuvo bien.,Mejora,POS,NEU,4.033333333333333
Docente_48,Estructuras de Datos,2022-2,28,2.5,5.0,4.2,Llega tarde a las clases frecuentemente.,Estable,NEG,NEG,3.9
Docente_31,Ética Profesional,2021-2,39,4.8,4.6,5.0,La clase es muy dinámica y entretenida.,Mejora,POS,POS,4.8
Docente_44,Ética Profesional,2020-2,31,3.9,4.3,4.2,La clase es muy aburrida y monótona.,Estable,NEG,NEG,4.133333333333333
Docente_34,Ingeniería de Software,2022-2,17,3.7,4.0,4.3,Los parciales no tienen nada que ver con lo visto en clase.,Estable,NEU,NEG,4.0
Docente_8,Matemáticas Básicas,2021-2,33,3.4,3.3,3.1,Llega tarde a las clases frecuentemente.,Estable,NEG,NEG,3.266666666666666
Docente_10,Programación Orientada a Objetos,2022-2,42,5.0,4.1,4.7,Cumple con el programa.,Mejora,NEU,NEU,4.6000000000000005
Docente_29,Matemáticas Básicas,2021-2,37,4.1,3.1,3.4,Los parciales no tienen nada que ver con lo visto en clase.,Estable,NEU,NEG,3.533333333333333
Docente_32,Matemáticas Básicas,2023-2,40,4.1,4.3,5.0,Explica muy bien los temas.,Mejora,POS,POS,4.466666666666666
Docente_30,Programación Orientada a Objetos,2023-1,29,3.7,3.9,3.9,Los parciales no tienen nada que ver con lo visto en clase.,Estable,NEU,NEG,3.8333333333333335
Docente_4,Estructuras de Datos,2023-2,36,2.4,2.1,2.0,"Asistencia puntual, pero falta dinamismo.",En riesgo,NEG,NEG,2.1666666666666665
Docente_20,Ingeniería de Software,2020-1,27,4.2,5.0,4.7,Resuelve las dudas con mucha paciencia.,Mejora,NEU,NEU,4.633333333333333
Docente_1,Ingeniería de Software,2021-2,33,4.0,3.7,3.2,Se nota que sabe mucho de la materia.,Estable,NEU,NEU,3.6333333333333333
Docente_3,Inteligencia Artificial,2022-2,37,4.6,3.5,3.2,Se nota que sabe mucho de la materia.,Estable,NEU,NEU,3.766666666666667
Docente_35,Matemáticas Básicas,2020-2,44,2.3,1.3,2.6,La clase estuvo bien.,En riesgo,POS,NEU,2.0666666666666664
Docente_3,Bases de Datos,2023-1,20,4.8,4.3,5.0,"Asistencia puntual, pero falta dinamismo.",Mejora,NEG,NEG,4.7
Docente_9,Ética Profesional,2023-1,26,4.5,4.8,4.4,Me inspiró a seguir aprendiendo sobre este tema.,Mejora,POS,POS,4.566666666666667
Docente_29,Ética Profesional,2023-1,27,3.0,3.8,3.6,Se nota que sabe mucho de la materia.,Estable,NEU,NEU,3.466666666666667
Docente_44,Ingeniería de Software,2021-1,35,4.0,1.3,2.1,Los parciales no tienen nada que ver con lo visto en clase.,En riesgo,NEU,NEG,2.466666666666667
Docente_8,Programación Orientada a Objetos,2023-1,31,4.5,4.0,4.3,Se nota que sabe mucho de la materia.,Mejora,NEU,NEU,4.266666666666667
Docente_47,Programación Orientada a Objetos,2020-1,39,4.7,4.7,4.4,Explica muy bien los temas.,Mejora,POS,POS,4.6000000000000005
Docente_20,Inteligencia Artificial,2023-1,32,4.7,5.0,3.7,Me inspiró a seguir aprendiendo sobre este tema.,Mejora,POS,POS,4.466666666666666
Docente_15,Programación Orientada a Objetos,2023-2,26,4.6,4.6,4.7,Se nota que sabe mucho de la materia.,Mejora,NEU,NEU,4.633333333333333
Docente_18,Programación Orientada a Objetos,2020-2,16,2.1,2.9,2.4,"Asistencia puntual, pero falta dinamismo.",En riesgo,NEG,NEG,2.466666666666667
Docente_43,Inteligencia Artificial,2020-1,22,3.8,3.3,3.3,Me inspiró a seguir aprendiendo sobre este tema.,Estable,POS,POS,3.4666666666666663
Docente_5,Matemáticas Básicas,2020-1,29,4.2,3.4,4.0,Falta mucha pedagogía.,Estable,NEG,NEG,3.8666666666666667
Docente_44,Ingeniería de Software,2020-1,22,3.8,4.7,4.1,"Excelente profesor, muy claro.",Estable,POS,POS,4.2
Docente_26,Inteligencia Artificial,2021-2,32,4.4,4.1,4.7,La clase es muy dinámica y entretenida.,Mejora,POS,POS,4.3999999999999995
Docente_49,Ética Profesional,2020-1,19,4.0,4.3,3.7,No resuelve las dudas de los estudiantes.,Estable,NEG,NEG,4.0
Docente_19,Programación Orientada a Objetos,2022-2,33,4.1,5.0,4.3,"El profesor es normal, ni muy bueno ni muy malo.",Mejora,NEU,NEU,4.466666666666666
Docente_50,Ingeniería de Software,2022-2,22,4.1,4.0,3.7,Resuelve las dudas con mucha paciencia.,Mejora,NEU,NEU,3.9333333333333336
Docente_10,Ingeniería de Software,2021-2,28,3.0,3.0,4.3,"El profesor es normal, ni muy bueno ni muy malo.",Estable,NEU,NEU,3.4333333333333336
Docente_18,Matemáticas Básicas,2021-1,35,4.0,3.1,4.5,"No explica bien, me siento perdido.",Estable,NEG,NEG,3.8666666666666667
Docente_36,Inteligencia Artificial,2020-1,26,3.9,4.6,3.9,Los temas son difíciles pero se entienden.,Mejora,NEU,NEU,4.133333333333334
Docente_43,Inteligencia Artificial,2022-2,37,4.6,4.5,3.6,Me inspiró a seguir aprendiendo sobre este tema.,Mejora,POS,POS,4.233333333333333
Docente_27,Programación Orientada a Objetos,2022-1,27,4.8,4.7,3.9,Los talleres son muy útiles para aprender.,Estable,POS,POS,4.466666666666667
Docente_49,Estructuras de Datos,2023-2,22,4.9,4.5,5.0,La clase es muy dinámica y entretenida.,Mejora,POS,POS,4.8
Docente_20,Ética Profesional,2021-1,40,3.6,3.2,3.8,La clase es muy aburrida y monótona.,Estable,NEG,NEG,3.5333333333333337
Docente_4,Estructuras de Datos,2023-1,45,3.5,3.4,3.6,"No explica bien, me siento perdido.",Estable,NEG,NEG,3.5
Docente_36,Estructuras de Datos,2021-1,27,4.7,3.6,4.5,La clase es muy dinámica y entretenida.,Mejora,POS,POS,4.266666666666667
Docente_17,Programación Orientada a Objetos,2022-2,35,2.2,3.3,3.0,La clase es muy aburrida y monótona.,En riesgo,NEG,NEG,2.8333333333333335
Docente_29,Ética Profesional,2022-2,17,4.2,3.0,4.0,Llega tarde a las clases frecuentemente.,Estable,NEG,NEG,3.733333333333333
Docente_47,Ética Profesional,2021-2,16,4.1,2.6,3.4,Cumple con el programa.,Estable,NEU,NEU,3.3666666666666667
Docente_25,Ingeniería de Software,2020-1,42,3.3,4.2,3.2,Se nota que sabe mucho de la materia.,Estable,NEU,NEU,3.5666666666666664
Docente_13,Ética Profesional,2021-2,30,3.7,4.5,3.3,Me inspiró a seguir aprendiendo sobre este tema.,Estable,POS,POS,3.8333333333333335
Docente_22,Bases de Datos,2020-1,21,3.2,3.7,4.0,Me inspiró a seguir aprendiendo sobre este tema.,Estable,POS,POS,3.6333333333333333
Docente_48,Matemáticas Básicas,2023-2,44,4.5,3.0,3.5,La clase estuvo bien.,Estable,POS,NEU,3.6666666666666665
Docente_45,Estructuras de Datos,2021-2,27,3.9,3.5,4.1,La clase estuvo bien.,Estable,POS,NEU,3.8333333333333335
Docente_36,Bases de Datos,2022-1,27,4.1,4.0,3.0,La clase es muy aburrida y monótona.,Estable,NEG,NEG,3.6999999999999997
Docente_35,Ingeniería de Software,2022-2,24,4.2,3.7,3.9,Cumple con el programa.,Estable,NEU,NEU,3.9333333333333336
Docente_24,Estructuras de Datos,2023-2,29,2.6,4.0,4.3,La clase es muy dinámica y entretenida.,Estable,POS,POS,3.633333333333333
Docente_47,Inteligencia Artificial,2022-2,44,4.3,4.0,4.0,Me inspiró a seguir aprendiendo sobre este tema.,Estable,POS,POS,4.1000000000000005
Docente_24,Bases de Datos,2023-1,16,3.6,4.2,3.5,Los parciales no tienen nada que ver con lo visto en clase.,Estable,NEU,NEG,3.766666666666667
Docente_15,Ingeniería de Software,2021-1,15,4.1,4.1,4.2,Cumple con el programa.,Estable,NEU,NEU,4.133333333333333
Docente_36,Estructuras de Datos,2023-1,24,4.1,3.9,2.6,Resuelve las dudas con mucha paciencia.,Estable,NEU,NEU,3.533333333333333
Docente_13,Bases de Datos,2021-2,27,4.5,4.9,4.8,"El profesor es normal, ni muy bueno ni muy malo.",Mejora,NEU,NEU,4.733333333333333
Docente_16,Inteligencia Artificial,2022-2,23,3.8,4.1,4.2,Califica de forma injusta.,Estable,NEG,NEG,4.033333333333333
Docente_47,Ingeniería de Software,2023-2,29,1.8,3.0,2.4,Califica de forma injusta.,En riesgo,NEG,NEG,2.4
Docente_47,Ética Profesional,2022-2,20,5.0,4.6,4.3,Se nota que sabe mucho de la materia.,Mejora,NEU,NEU,4.633333333333333
Docente_47,Estructuras de Datos,2023-2,20,2.7,1.1,3.1,Cumple con el programa.,En riesgo,NEU,NEU,2.3000000000000003
Docente_42,Matemáticas Básicas,2020-1,41,3.9,4.2,4.6,"Excelente profesor, muy claro.",Mejora,POS,POS,4.233333333333333
Docente_43,Matemáticas Básicas,2020-1,28,4.2,4.2,3.1,Resuelve las dudas con mucha paciencia.,Estable,NEU,NEU,3.8333333333333335
Docente_41,Programación Orientada a Objetos,2020-2,37,3.8,3.6,3.3,Resuelve las dudas con mucha paciencia.,Estable,NEU,NEU,3.5666666666666664
Docente_1,Programación Orientada a Objetos,2023-2,26,3.2,3.1,4.4,"Excelente profesor, muy claro.",Estable,POS,POS,3.566666666666667
Docente_40,Ingeniería de Software,2023-2,36,3.5,3.8,3.4,Califica de forma injusta.,Estable,NEG,NEG,3.5666666666666664
Docente_2,Matemáticas Básicas,2023-1,15,4.3,3.3,4.4,Explica muy bien los temas.,Estable,POS,POS,4.0
Docente_34,Ingeniería de Software,2022-1,32,4.8,4.5,5.0,Resuelve las dudas con mucha paciencia.,Mejora,NEU,NEU,4.766666666666667
Docente_2,Estructuras de Datos,2023-1,40,4.4,3.7,3.1,Los talleres son muy útiles para aprender.,Estable,POS,POS,3.733333333333334
Docente_7,Matemáticas Básicas,2021-1,22,3.7,3.6,3.5,Me inspiró a seguir aprendiendo sobre este tema.,Estable,POS,POS,3.6
Docente_40,Estructuras de Datos,2022-1,41,1.3,2.6,1.9,Los parciales no tienen nada que ver con lo visto en clase.,En riesgo,NEU,NEG,1.9333333333333336
Docente_18,Ética Profesional,2023-1,17,5.0,4.4,4.1,Los talleres son muy útiles para aprender.,Mejora,POS,POS,4.5
Docente_26,Inteligencia Artificial,2021-2,37,4.7,3.2,3.5,La clase estuvo bien.,Estable,POS,NEU,3.8000000000000003
Docente_20,Ingeniería de Software,2020-2,35,3.6,4.5,4.9,Los temas son difíciles pero se entienden.,Mejora,NEU,NEU,4.333333333333333
Docente_49,Matemáticas Básicas,2020-2,27,1.6,2.1,2.5,Falta mucha pedagogía.,En riesgo,NEG,NEG,2.066666666666667
Docente_25,Estructuras de Datos,2023-2,16,4.5,4.7,4.5,Los temas son difíciles pero se entienden.,Mejora,NEU,NEU,4.566666666666666
Docente_1,Ingeniería de Software,2021-1,17,3.4,3.3,4.2,Califica de forma injusta.,Estable,NEG,NEG,3.633333333333333
Docente_28,Ingeniería de Software,2022-2,33,5.0,5.0,3.6,"Excelente profesor, muy claro.",Mejora,POS,POS,4.533333333333333
Docente_34,Matemáticas Básicas,2021-2,21,5.0,5.0,4.5,Se podría mejorar un poco el material de estudio.,Mejora,NEU,NEG,4.833333333333333
Docente_37,Inteligencia Artificial,2022-1,16,2.3,2.8,3.4,La clase es muy aburrida y monótona.,En riesgo,NEG,NEG,2.8333333333333335
Docente_44,Bases de Datos,2020-1,20,4.2,3.8,3.8,Los temas son difíciles pero se entienden.,Estable,NEU,NEU,3.9333333333333336
Docente_2,Programación Orientada a Objetos,2021-1,39,3.6,3.1,3.7,"Asistencia puntual, pero falta dinamismo.",Estable,NEG,NEG,3.466666666666667
Docente_5,Bases de Datos,2021-1,33,2.8,3.0,1.8,No resuelve las dudas de los estudiantes.,En riesgo,NEG,NEG,2.533333333333333
Docente_37,Ética Profesional,2023-1,36,1.9,2.5,2.6,Cumple con el programa.,En riesgo,NEU,NEU,2.3333333333333335
Docente_22,Inteligencia Artificial,2021-1,40,3.9,3.7,3.0,Se nota que sabe mucho de la materia.,Estable,NEU,NEU,3.533333333333333
Docente_33,Ingeniería de Software,2022-2,16,3.8,3.9,4.6,La clase es muy dinámica y entretenida.,Estable,POS,POS,4.1
Docente_28,Programación Orientada a Objetos,2020-2,25,5.0,4.4,4.5,"El profesor es normal, ni muy bueno ni muy malo.",Mejora,NEU,NEU,4.633333333333334
Docente_50,Estructuras de Datos,2023-1,39,4.7,4.8,4.1,Los talleres son muy útiles para aprender.,Mejora,POS,POS,4.533333333333333
Docente_2,Ingeniería de Software,2022-1,40,4.1,4.6,4.0,La clase estuvo bien.,Mejora,POS,NEU,4.233333333333333
Docente_32,Programación Orientada a Objetos,2022-2,32,4.6,4.4,4.0,"Asistencia puntual, pero falta dinamismo.",Estable,NEG,NEG,4.333333333333333
Docente_28,Programación Orientada a Objetos,2023-1,17,2.8,2.7,2.8,"Asistencia puntual, pero falta dinamismo.",En riesgo,NEG,NEG,2.766666666666667
Docente_40,Bases de Datos,2021-2,37,5.0,4.9,4.5,"Excelente profesor, muy claro.",Mejora,POS,POS,4.8
Docente_6,Bases de Datos,2021-1,27,5.0,4.9,4.3,Se podría mejorar un poco el material de estudio.,Mejora,NEU,NEG,4.733333333333333
Docente_41,Programación Orientada a Objetos,2023-1,25,2.9,4.0,4.2,Se podría mejorar un poco el material de estudio.,Estable,NEU,NEG,3.7000000000000006
Docente_7,Matemáticas Básicas,2020-1,45,3.7,3.8,4.5,"El profesor es normal, ni muy bueno ni muy malo.",Estable,NEU,NEU,4.0
Docente_29,Bases de Datos,2022-1,18,4.2,3.4,3.0,Resuelve las dudas con mucha paciencia.,Estable,NEU,NEU,3.533333333333333
Docente_6,Programación Orientada a Objetos,2023-1,29,2.8,3.6,4.2,Llega tarde a las clases frecuentemente.,Estable,NEG,NEG,3.5333333333333337
Docente_36,Estructuras de Datos,2023-1,18,3.5,3.9,4.2,Explica muy bien los temas.,Estable,POS,POS,3.866666666666667
Docente_6,Bases de Datos,2020-2,34,4.5,4.4,5.0,"El profesor es normal, ni muy bueno ni muy malo.",Mejora,NEU,NEU,4.633333333333334
Docente_21,Ética Profesional,2023-1,15,3.5,3.7,4.1,"El profesor es normal, ni muy bueno ni muy malo.",Estable,NEU,NEU,3.766666666666667
Docente_27,Inteligencia Artificial,2020-2,38,1.8,3.0,3.0,Cumple con el programa.,En riesgo,NEU,NEU,2.6
Docente_16,Estructuras de Datos,2021-1,36,4.0,4.2,4.4,Me inspiró a seguir aprendiendo sobre este tema.,Mejora,POS,POS,4.2
Docente_11,Programación Orientada a Objetos,2022-1,24,3.0,3.2,3.1,Cumple con el programa.,Estable,NEU,NEU,3.1
Docente_32,Programación Orientada a Objetos,2020-2,20,2.0,3.3,1.7,Falta mucha pedagogía.,En riesgo,NEG,NEG,2.3333333333333335
Docente_18,Inteligencia Artificial,2022-1,30,3.1,3.8,3.4,Se nota que sabe mucho de la materia.,Estable,NEU,NEU,3.4333333333333336
Docente_24,Bases de Datos,2021-2,38,3.1,3.9,4.0,Califica de forma injusta.,Estable,NEG,NEG,3.6666666666666665
Docente_39,Estructuras de Datos,2021-2,29,3.1,2.9,2.8,La clase es muy aburrida y monótona.,En riesgo,NEG,NEG,2.9333333333333336
Docente_9,Bases de Datos,2020-1,45,3.2,4.1,3.3,"Asistencia puntual, pero falta dinamismo.",Estable,NEG,NEG,3.533333333333333
Docente_22,Ética Profesional,2023-1,40,4.1,3.7,3.7,Los temas son difíciles pero se entienden.,Estable,NEU,NEU,3.8333333333333335
Docente_29,Bases de Datos,2023-1,41,4.6,5.0,4.3,Los temas son difíciles pero se entienden.,Mejora,NEU,NEU,4.633333333333333
Docente_39,Programación Orientada a Objetos,2022-1,25,4.0,3.8,3.6,Falta mucha pedagogía.,Estable,NEG,NEG,3.8000000000000003
Docente_45,Programación Orientada a Objetos,2023-2,25,3.1,4.2,3.7,Los talleres son muy útiles para aprender.,Estable,POS,POS,3.6666666666666665
Docente_26,Bases de Datos,2022-1,38,4.2,5.0,5.0,Se podría mejorar un poco el material de estudio.,Mejora,NEU,NEG,4.733333333333333
Docente_41,Inteligencia Artificial,2021-2,25,4.5,2.7,4.3,"Asistencia puntual, pero falta dinamismo.",Estable,NEG,NEG,3.8333333333333335
Docente_18,Ética Profesional,2023-1,26,5.0,3.5,4.4,"Excelente profesor, muy claro.",Mejora,POS,POS,4.3
Docente_37,Programación Orientada a Objetos,2021-1,36,2.9,4.2,2.6,"Asistencia puntual, pero falta dinamismo.",En riesgo,NEG,NEG,3.233333333333333
Docente_36,Matemáticas Básicas,2023-2,45,4.0,4.2,4.2,Se podría mejorar un poco el material de estudio.,Mejora,NEU,NEG,4.133333333333333
Docente_14,Inteligencia Artificial,2022-1,41,3.6,3.3,3.7,Se nota que sabe mucho de la materia.,Estable,NEU,NEU,3.5333333333333337
Docente_27,Ingeniería de Software,2023-2,19,3.9,3.8,3.8,"El profesor es normal, ni muy bueno ni muy malo.",Estable,NEU,NEU,3.8333333333333335
Docente_16,Bases de Datos,2021-1,37,3.8,3.5,4.8,"No explica bien, me siento perdido.",Estable,NEG,NEG,4.033333333333333
Docente_25,Matemáticas Básicas,2023-2,34,4.3,4.0,4.7,Califica de forma injusta.,Estable,NEG,NEG,4.333333333333333
Docente_38,Inteligencia Artificial,2023-1,32,2.8,2.8,1.1,"No explica bien, me siento perdido.",En riesgo,NEG,NEG,2.233333333333333
Docente_24,Ingeniería de Software,2020-2,18,3.7,3.2,3.7,La clase estuvo bien.,Estable,POS,NEU,3.5333333333333337
Docente_43,Ingeniería de Software,2022-2,20,2.4,3.3,2.3,Los temas son difíciles pero se entienden.,En riesgo,NEU,NEU,2.6666666666666665
Docente_40,Matemáticas Básicas,2023-1,45,2.0,2.6,2.4,"Asistencia puntual, pero falta dinamismo.",En riesgo,NEG,NEG,2.3333333333333335
Docente_22,Ética Profesional,2023-1,18,4.4,5.0,4.6,Explica muy bien los temas.,Mejora,POS,POS,4.666666666666667
Docente_7,Bases de Datos,2021-2,31,4.5,4.4,4.5,Se podría mejorar un poco el material de estudio.,Mejora,NEU,NEG,4.466666666666667
Docente_34,Estructuras de Datos,2021-2,29,3.7,4.6,3.3,Se podría mejorar un poco el material de estudio.,Estable,NEU,NEG,3.866666666666667
Docente_26,Inteligencia Artificial,2021-1,26,3.5,3.6,3.7,Explica muy bien los temas.,Estable,POS,POS,3.6
Docente_31,Matemáticas Básicas,2022-1,28,4.7,3.8,4.4,Se nota que sabe mucho de la materia.,Estable,NEU,NEU,4.3
Docente_8,Ética Profesional,2021-1,26,5.0,4.9,3.8,Resuelve las dudas con mucha paciencia.,Mejora,NEU,NEU,4.566666666666666
Docente_22,Inteligencia Artificial,2021-2,31,3.9,4.7,4.5,Califica de forma injusta.,Estable,NEG,NEG,4.366666666666666
Docente_23,Inteligencia Artificial,2020-2,29,4.0,3.9,4.5,La clase es muy aburrida y monótona.,Estable,NEG,NEG,4.133333333333334
Docente_21,Matemáticas Básicas,2022-1,16,5.0,5.0,4.0,"Asistencia puntual, pero falta dinamismo.",Mejora,NEG,NEG,4.666666666666667
Docente_46,Matemáticas Básicas,2020-1,42,4.8,4.7,4.6,Los talleres son muy útiles para aprender.,Mejora,POS,POS,4.7
Docente_42,Matemáticas Básicas,2021-1,44,2.9,3.6,2.9,Se podría mejorar un poco el material de estudio.,En riesgo,NEU,NEG,3.1333333333333333
Docente_16,Estructuras de Datos,2021-1,32,4.0,3.4,4.0,Los talleres son muy útiles para aprender.,Estable,POS,POS,3.8000000000000003
Docente_22,Estructuras de Datos,2023-1,45,3.3,4.4,3.5,La clase es muy aburrida y monótona.,Estable,NEG,NEG,3.733333333333333
Docente_15,Ética Profesional,2023-1,35,4.0,4.5,3.7,Se nota que sabe mucho de la materia.,Mejora,NEU,NEU,4.066666666666666
Docente_12,Ingeniería de Software,2023-1,27,1.5,2.6,2.5,"No explica bien, me siento perdido.",En riesgo,NEG,NEG,2.1999999999999997
Docente_48,Estructuras de Datos,2021-2,29,3.6,4.2,4.3,Los parciales no tienen nada que ver con lo visto en clase.,Estable,NEU,NEG,4.033333333333334
Docente_28,Inteligencia Artificial,2020-1,37,4.3,3.4,3.8,Me inspiró a seguir aprendiendo sobre este tema.,Estable,POS,POS,3.8333333333333335
Docente_14,Bases de Datos,2020-2,33,3.8,3.3,3.4,La clase es muy dinámica y entretenida.,Estable,POS,POS,3.5
Docente_35,Programación Orientada a Objetos,2022-2,25,4.0,4.9,3.6,La clase es muy dinámica y entretenida.,Mejora,POS,POS,4.166666666666667
Docente_30,Matemáticas Básicas,2022-1,36,4.1,4.2,4.1,Califica de forma injusta.,Estable,NEG,NEG,4.133333333333334
Docente_34,Ingeniería de Software,2022-2,34,3.3,4.6,3.6,"Asistencia puntual, pero falta dinamismo.",Estable,NEG,NEG,3.8333333333333335
Docente_40,Inteligencia Artificial,2020-2,26,4.5,4.7,3.6,Los talleres son muy útiles para aprender.,Mejora,POS,POS,4.266666666666667
Docente_30,Estructuras de Datos,2021-1,41,3.9,5.0,4.7,Los temas son difíciles pero se entienden.,Mejora,NEU,NEU,4.533333333333334
Docente_46,Ética Profesional,2022-1,44,2.3,2.8,2.6,"El profesor es normal, ni muy bueno ni muy malo.",En riesgo,NEU,NEU,2.5666666666666664
Docente_38,Matemáticas Básicas,2021-1,25,4.1,4.7,5.0,"Excelente profesor, muy claro.",Mejora,POS,POS,4.6000000000000005
Docente_16,Bases de Datos,2020-2,20,1.9,1.9,2.3,Los parciales no tienen nada que ver con lo visto en clase.,En riesgo,NEU,NEG,2.033333333333333
Docente_45,Programación Orientada a Objetos,2023-1,28,5.0,4.4,3.5,"El profesor es normal, ni muy bueno ni muy malo.",Mejora,NEU,NEU,4.3
Docente_9,Estructuras de Datos,2023-1,28,4.1,4.2,4.5,Los talleres son muy útiles para aprender.,Estable,POS,POS,4.266666666666667
Docente_32,Ingeniería de Software,2021-1,32,4.3,4.9,4.3,Los talleres son muy útiles para aprender.,Estable,POS,POS,4.5
Docente_32,Bases de Datos,2021-1,20,4.0,4.0,3.8,Los temas son difíciles pero se entienden.,Estable,NEU,NEU,3.9333333333333336
Docente_29,Estructuras de Datos,2020-1,42,4.7,3.7,3.1,Se podría mejorar un poco el material de estudio.,Estable,NEU,NEG,3.8333333333333335
Docente_1,Inteligencia Artificial,2021-1,21,3.5,4.1,2.7,"Asistencia puntual, pero falta dinamismo.",Estable,NEG,NEG,3.4333333333333336
Docente_36,Estructuras de Datos,2023-2,28,5.0,4.8,4.7,Los temas son difíciles pero se entienden.,Mejora,NEU,NEU,4.833333333333333
Docente_32,Inteligencia Artificial,2023-2,30,5.0,5.0,4.1,Se nota que sabe mucho de la materia.,Mejora,NEU,NEU,4.7
Docente_6,Estructuras de Datos,2020-1,40,4.1,3.8,3.8,La clase estuvo bien.,Estable,POS,NEU,3.9
Docente_19,Matemáticas Básicas,2022-1,22,3.2,4.4,4.5,Llega tarde a las clases frecuentemente.,Estable,NEG,NEG,4.033333333333334
Docente_19,Programación Orientada a Objetos,2023-2,33,4.7,4.2,3.8,Se podría mejorar un poco el material de estudio.,Mejora,NEU,NEG,4.233333333333333
Docente_50,Ética Profesional,2023-2,32,4.0,4.9,3.5,No resuelve las dudas de los estudiantes.,Estable,NEG,NEG,4.133333333333334
Docente_8,Estructuras de Datos,2020-2,23,2.9,3.5,2.9,"Asistencia puntual, pero falta dinamismo.",En riesgo,NEG,NEG,3.1
Docente_35,Ética Profesional,2022-2,32,2.8,2.6,2.7,"Asistencia puntual, pero falta dinamismo.",En riesgo,NEG,NEG,2.7000000000000006
Docente_3,Ética Profesional,2023-2,32,3.2,3.7,3.0,Me inspiró a seguir aprendiendo sobre este tema.,Estable,POS,POS,3.3000000000000003
Docente_28,Matemáticas Básicas,2021-2,24,2.9,3.8,3.3,"No explica bien, me siento perdido.",En riesgo,NEG,NEG,3.3333333333333335
Docente_29,Bases de Datos,2022-2,42,3.4,3.8,4.3,Se nota que sabe mucho de la materia.,Estable,NEU,NEU,3.8333333333333335
Docente_29,Ética Profesional,2020-2,39,2.7,1.8,2.8,"Asistencia puntual, pero falta dinamismo.",En riesgo,NEG,NEG,2.433333333333333
Docente_16,Programación Orientada a Objetos,2022-2,42,2.4,2.7,1.9,Se podría mejorar un poco el material de estudio.,En riesgo,NEU,NEG,2.3333333333333335
Docente_40,Ingeniería de Software,2023-1,20,3.2,2.8,2.9,"El profesor es normal, ni muy bueno ni muy malo.",En riesgo,NEU,NEU,2.966666666666667
Docente_9,Ética Profesional,2021-2,41,3.3,2.5,2.3,No resuelve las dudas de los estudiantes.,En riesgo,NEG,NEG,2.6999999999999997
Docente_4,Estructuras de Datos,2022-2,32,4.3,4.5,4.0,Resuelve las dudas con mucha paciencia.,Mejora,NEU,NEU,4.266666666666667
Docente_39,Estructuras de Datos,2021-1,25,4.2,4.3,3.5,Se podría mejorar un poco el material de estudio.,Mejora,NEU,NEG,4.0
Docente_19,Bases de Datos,2022-1,45,4.4,4.5,4.3,Cumple con el programa.,Mejora,NEU,NEU,4.3999999999999995
Docente_44,Ética Profesional,2020-2,19,1.3,2.3,2.0,"Asistencia puntual, pero falta dinamismo.",En riesgo,NEG,NEG,1.8666666666666665
Docente_27,Matemáticas Básicas,2022-1,42,5.0,4.4,4.2,Los temas son difíciles pero se entienden.,Mejora,NEU,NEU,4.533333333333334
Docente_9,Ingeniería de Software,2021-1,22,5.0,4.1,4.2,Se nota que sabe mucho de la materia.,Mejora,NEU,NEU,4.433333333333334
Docente_46,Bases de Datos,2021-2,39,4.0,3.9,3.4,"Asistencia puntual, pero falta dinamismo.",Estable,NEG,NEG,3.766666666666667
Docente_32,Programación Orientada a Objetos,2022-1,35,4.5,4.0,3.9,"No explica bien, me siento perdido.",Estable,NEG,NEG,4.133333333333334
Docente_25,Inteligencia Artificial,2020-2,35,3.3,4.1,3.3,Se nota que sabe mucho de la materia.,Estable,NEU,NEU,3.5666666666666664
Docente_26,Estructuras de Datos,2022-1,37,4.1,4.6,3.5,Los talleres son muy útiles para aprender.,Mejora,POS,POS,4.066666666666666
Docente_30,Inteligencia Artificial,2022-2,33,2.2,2.5,2.0,"No explica bien, me siento perdido.",En riesgo,NEG,NEG,2.2333333333333334
Docente_50,Ética Profesional,2020-2,38,4.1,4.7,4.4,La clase es muy aburrida y monótona.,Estable,NEG,NEG,4.4
Docente_41,Ingeniería de Software,2022-2,42,3.0,2.9,1.2,La clase es muy aburrida y monótona.,En riesgo,NEG,NEG,2.3666666666666667
Docente_35,Inteligencia Artificial,2021-2,45,1.7,2.3,3.4,Falta mucha pedagogía.,En riesgo,NEG,NEG,2.466666666666667
Docente_14,Inteligencia Artificial,2022-1,25,3.8,4.5,3.8,"El profesor es normal, ni muy bueno ni muy malo.",Estable,NEU,NEU,4.033333333333334
Docente_22,Estructuras de Datos,2021-1,33,3.7,4.4,3.5,Califica de forma injusta.,Estable,NEG,NEG,3.866666666666667
Docente_22,Ingeniería de Software,2020-1,16,2.8,3.8,3.7,La clase es muy dinámica y entretenida.,Estable,POS,POS,3.4333333333333336
Docente_41,Ética Profesional,2023-2,15,2.7,1.7,2.2,La clase es muy aburrida y monótona.,En riesgo,NEG,NEG,2.2
Docente_11,Inteligencia Artificial,2023-2,15,5.0,4.0,3.0,"No explica bien, me siento perdido.",Estable,NEG,NEG,4.0
Docente_13,Ingeniería de Software,2021-1,43,3.4,4.1,3.2,"El profesor es normal, ni muy bueno ni muy malo.",Estable,NEU,NEU,3.5666666666666664
Docente_11,Ética Profesional,2022-1,17,4.6,4.4,4.1,Los temas son difíciles pero se entienden.,Mejora,NEU,NEU,4.366666666666666
Docente_24,Bases de Datos,2020-2,26,2.8,2.5,2.4,Los temas son difíciles pero se entienden.,En riesgo,NEU,NEU,2.5666666666666664
Docente_42,Programación Orientada a Objetos,2020-1,27,4.7,5.0,4.1,Los temas son difíciles pero se entienden.,Mejora,NEU,NEU,4.6
Docente_20,Ingeniería de Software,2021-2,28,3.9,3.5,4.0,Se nota que sabe mucho de la materia.,Estable,NEU,NEU,3.8000000000000003
Docente_46,Matemáticas Básicas,2020-1,21,4.7,4.2,4.7,La clase estuvo bien.,Mejora,POS,NEU,4.533333333333334
Docente_5,Programación Orientada a Objetos,2021-2,31,4.3,4.8,4.5,Los temas son difíciles pero se entienden.,Mejora,NEU,NEU,4.533333333333333
Docente_29,Matemáticas Básicas,2020-1,37,4.0,3.6,4.0,Los temas son difíciles pero se entienden.,Estable,NEU,NEU,3.8666666666666667
Docente_8,Ética Profesional,2023-1,37,3.4,3.8,4.2,Resuelve las dudas con mucha paciencia.,Estable,NEU,NEU,3.7999999999999994
Docente_31,Matemáticas Básicas,2021-2,27,4.5,4.2,4.1,"Excelente profesor, muy claro.",Mejora,POS,POS,4.266666666666667
Docente_47,Ética Profesional,2020-2,18,4.5,5.0,5.0,Los talleres son muy útiles para aprender.,Mejora,POS,POS,4.833333333333333
Docente_24,Bases de Datos,2021-1,27,4.4,3.5,4.2,"Asistencia puntual, pero falta dinamismo.",Mejora,NEG,NEG,4.033333333333334
Docente_49,Ética Profesional,2021-1,35,4.4,3.7,3.5,Resuelve las dudas con mucha paciencia.,Estable,NEU,NEU,3.866666666666667
Docente_5,Estructuras de Datos,2020-1,34,3.2,4.3,3.9,Los talleres son muy útiles para aprender.,Estable,POS,POS,3.8000000000000003
Docente_29,Bases de Datos,2021-2,35,3.5,3.9,3.8,Resuelve las dudas con mucha paciencia.,Estable,NEU,NEU,3.733333333333333
Docente_27,Estructuras de Datos,2023-2,42,3.5,3.8,3.9,Me inspiró a seguir aprendiendo sobre este tema.,Estable,POS,POS,3.733333333333333
Docente_6,Matemáticas Básicas,2021-1,39,3.7,4.5,4.5,"Excelente profesor, muy claro.",Mejora,POS,POS,4.233333333333333
Docente_38,Ingeniería de Software,2023-1,26,4.1,4.4,3.8,Me inspiró a seguir aprendiendo sobre este tema.,Mejora,POS,POS,4.1000000000000005
Docente_21,Ética Profesional,2021-1,22,3.5,2.2,2.6,Llega tarde a las clases frecuentemente.,En riesgo,NEG,NEG,2.766666666666667
Docente_42,Matemáticas Básicas,2021-2,32,4.3,4.9,5.0,"El profesor es normal, ni muy bueno ni muy malo.",Mejora,NEU,NEU,4.733333333333333
Docente_39,Ingeniería de Software,2022-1,39,2.1,2.5,3.3,Se podría mejorar un poco el material de estudio.,En riesgo,NEU,NEG,2.6333333333333333
Docente_2,Ética Profesional,2022-1,21,4.6,4.5,4.4,Cumple con el programa.,Mejora,NEU,NEU,4.5
Docente_39,Estructuras de Datos,2021-2,38,2.9,2.7,2.8,Falta mucha pedagogía.,En riesgo,NEG,NEG,2.7999999999999994
Docente_19,Ingeniería de Software,2020-1,40,3.1,4.3,3.6,La clase estuvo bien.,Estable,POS,NEU,3.6666666666666665
Docente_32,Inteligencia Artificial,2020-2,22,2.7,3.0,1.8,La clase estuvo bien.,En riesgo,POS,NEU,2.5
Docente_41,Estructuras de Datos,2020-2,31,1.8,3.2,3.3,"No explica bien, me siento perdido.",En riesgo,NEG,NEG,2.766666666666667
Docente_24,Bases de Datos,2021-1,27,1.7,1.7,2.3,"El profesor es normal, ni muy bueno ni muy malo.",En riesgo,NEU,NEU,1.8999999999999997
Docente_27,Bases de Datos,2021-1,39,4.1,5.0,4.2,La clase estuvo bien.,Mejora,POS,NEU,4.433333333333334
Docente_50,Matemáticas Básicas,2020-1,33,2.2,1.8,1.7,La clase es muy aburrida y monótona.,En riesgo,NEG,NEG,1.9000000000000001
Docente_1,Bases de Datos,2021-2,16,2.7,2.7,1.0,"No explica bien, me siento perdido.",En riesgo,NEG,NEG,2.1333333333333333
Docente_26,Estructuras de Datos,2022-1,35,5.0,4.5,4.8,Se podría mejorar un poco el material de estudio.,Mejora,NEU,NEG,4.766666666666667
Docente_33,Ética Profesional,2023-1,28,4.2,3.4,4.7,"Asistencia puntual, pero falta dinamismo.",Estable,NEG,NEG,4.1000000000000005
Docente_6,Ingeniería de Software,2021-1,23,3.7,4.2,3.2,Se nota que sabe mucho de la materia.,Estable,NEU,NEU,3.7000000000000006
Docente_20,Matemáticas Básicas,2021-2,40,5.0,4.4,3.9,Se nota que sabe mucho de la materia.,Mejora,NEU,NEU,4.433333333333334
Docente_35,Bases de Datos,2023-1,33,3.9,4.8,3.8,Se nota que sabe mucho de la materia.,Estable,NEU,NEU,4.166666666666667
Docente_20,Ingeniería de Software,2023-1,38,3.6,4.1,5.0,La clase es muy dinámica y entretenida.,Mejora,POS,POS,4.233333333333333
Docente_4,Programación Orientada a Objetos,2020-2,44,4.6,4.2,4.3,Me inspiró a seguir aprendiendo sobre este tema.,Mejora,POS,POS,4.366666666666667
Docente_8,Inteligencia Artificial,2020-1,24,4.2,4.2,3.9,Los talleres son muy útiles para aprender.,Estable,POS,POS,4.1000000000000005
Docente_8,Matemáticas Básicas,2021-1,37,3.8,3.2,2.3,"No explica bien, me siento perdido.",En riesgo,NEG,NEG,3.1
Docente_11,Inteligencia Artificial,2022-2,31,4.2,3.8,3.8,No resuelve las dudas de los estudiantes.,Estable,NEG,NEG,3.9333333333333336
Docente_47,Bases de Datos,2021-1,26,3.3,3.9,3.9,Resuelve las dudas con mucha paciencia.,Estable,NEU,NEU,3.6999999999999997
Docente_48,Ética Profesional,2022-1,38,3.5,3.9,3.7,La clase es muy dinámica y entretenida.,Estable,POS,POS,3.7000000000000006
Docente_50,Matemáticas Básicas,2022-2,40,2.9,4.2,3.8,"No explica bien, me siento perdido.",Estable,NEG,NEG,3.633333333333333
Docente_18,Estructuras de Datos,2020-2,23,4.0,3.7,4.7,Los parciales no tienen nada que ver con lo visto en clase.,Estable,NEU,NEG,4.133333333333334
Docente_41,Matemáticas Básicas,2023-2,29,3.8,4.9,3.5,Cumple con el programa.,Mejora,NEU,NEU,4.066666666666666
Docente_24,Matemáticas Básicas,2023-2,42,3.2,2.5,3.2,"El profesor es normal, ni muy bueno ni muy malo.",En riesgo,NEU,NEU,2.966666666666667
Docente_11,Bases de Datos,2021-1,23,4.4,3.6,3.3,La clase es muy dinámica y entretenida.,Estable,POS,POS,3.766666666666667
Docente_37,Ingeniería de Software,2020-2,22,4.2,4.0,3.0,Se podría mejorar un poco el material de estudio.,Mejora,NEU,NEG,3.733333333333333
Docente_33,Matemáticas Básicas,2020-1,42,2.1,1.7,2.7,"No explica bien, me siento perdido.",En riesgo,NEG,NEG,2.1666666666666665
Docente_16,Matemáticas Básicas,2023-2,26,4.0,3.0,3.6,"Asistencia puntual, pero falta dinamismo.",Estable,NEG,NEG,3.533333333333333
Docente_10,Programación Orientada a Objetos,2020-1,32,2.7,4.0,2.4,"Asistencia puntual, pero falta dinamismo.",En riesgo,NEG,NEG,3.033333333333333
Docente_46,Ingeniería de Software,2023-1,22,3.5,4.1,3.3,Los temas son difíciles pero se entienden.,Estable,NEU,NEU,3.633333333333333
Docente_16,Inteligencia Artificial,2022-2,23,3.7,2.9,2.3,La clase es muy aburrida y monótona.,En riesgo,NEG,NEG,2.9666666666666663
Docente_37,Bases de Datos,2020-2,31,4.1,4.8,4.5,Los temas son difíciles pero se entienden.,Mejora,NEU,NEU,4.466666666666666
Docente_4,Programación Orientada a Objetos,2021-2,40,3.7,3.6,2.7,No resuelve las dudas de los estudiantes.,Estable,NEG,NEG,3.3333333333333335
Docente_3,Inteligencia Artificial,2020-2,43,3.3,2.9,3.1,La clase estuvo bien.,En riesgo,POS,NEU,3.0999999999999996
Docente_19,Ética Profesional,2022-1,25,3.6,3.8,3.3,Se nota que sabe mucho de la materia.,Estable,NEU,NEU,3.5666666666666664
Docente_36,Inteligencia Artificial,2020-1,26,2.9,3.6,3.9,Me inspiró a seguir aprendiendo sobre este tema.,Estable,POS,POS,3.466666666666667
Docente_19,Estructuras de Datos,2022-1,38,3.6,3.7,3.2,Falta mucha pedagogía.,Estable,NEG,NEG,3.5
Docente_16,Inteligencia Artificial,2022-2,33,2.3,1.5,2.6,La clase estuvo bien.,En riesgo,POS,NEU,2.1333333333333333
Docente_50,Ética Profesional,2021-2,38,4.0,3.8,4.5,Llega tarde a las clases frecuentemente.,Estable,NEG,NEG,4.1000000000000005
Docente_49,Ética Profesional,2021-2,19,4.5,4.0,4.6,Explica muy bien los temas.,Estable,POS,POS,4.366666666666666
Docente_27,Matemáticas Básicas,2021-2,32,4.6,3.6,3.7,Se podría mejorar un poco el material de estudio.,Estable,NEU,NEG,3.9666666666666663
Docente_41,Ética Profesional,2020-1,45,2.7,3.4,2.5,Los parciales no tienen nada que ver con lo visto en clase.,En riesgo,NEU,NEG,2.8666666666666667
Docente_1,Ética Profesional,2023-1,42,4.2,3.8,4.1,"El profesor es normal, ni muy bueno ni muy malo.",Estable,NEU,NEU,4.033333333333333
Docente_7,Programación Orientada a Objetos,2021-2,28,3.6,2.9,3.9,Califica de forma injusta.,Estable,NEG,NEG,3.466666666666667
Docente_4,Programación Orientada a Objetos,2022-1,17,3.7,3.9,4.6,"Excelente profesor, muy claro.",Estable,POS,POS,4.066666666666666
Docente_15,Ética Profesional,2023-1,37,3.5,4.4,4.1,Se podría mejorar un poco el material de estudio.,Estable,NEU,NEG,4.0
Docente_30,Ingeniería de Software,2020-2,33,3.4,2.3,2.4,La clase es muy aburrida y monótona.,En riesgo,NEG,NEG,2.6999999999999997
Docente_33,Programación Orientada a Objetos,2023-1,17,3.6,3.5,4.0,Los parciales no tienen nada que ver con lo visto en clase.,Estable,NEU,NEG,3.6999999999999997
Docente_37,Matemáticas Básicas,2023-1,36,2.8,1.8,2.0,Califica de forma injusta.,En riesgo,NEG,NEG,2.1999999999999997
Docente_16,Bases de Datos,2022-1,42,3.3,3.3,3.7,Los temas son difíciles pero se entienden.,Estable,NEU,NEU,3.4333333333333336
Docente_26,Ingeniería de Software,2022-2,25,5.0,4.4,4.0,La clase estuvo bien.,Mejora,POS,NEU,4.466666666666667
Docente_18,Programación Orientada a Objetos,2020-2,45,4.4,5.0,5.0,La clase es muy dinámica y entretenida.,Mejora,POS,POS,4.8
Docente_9,Ética Profesional,2020-2,19,4.3,4.4,4.1,"Excelente profesor, muy claro.",Mejora,POS,POS,4.266666666666667
Docente_11,Inteligencia Artificial,2023-2,25,4.4,3.8,5.0,Me inspiró a seguir aprendiendo sobre este tema.,Mejora,POS,POS,4.3999999999999995
Docente_8,Estructuras de Datos,2022-2,45,4.4,4.6,4.1,"Asistencia puntual, pero falta dinamismo.",Mejora,NEG,NEG,4.366666666666666
Docente_14,Inteligencia Artificial,2022-1,29,5.0,3.9,5.0,Resuelve las dudas con mucha paciencia.,Mejora,NEU,NEU,4.633333333333334
Docente_8,Matemáticas Básicas,2021-1,40,1.3,2.8,1.8,Los temas son difíciles pero se entienden.,En riesgo,NEU,NEU,1.9666666666666666
Docente_20,Ética Profesional,2020-1,21,3.2,3.2,1.1,Los parciales no tienen nada que ver con lo visto en clase.,En riesgo,NEU,NEG,2.5
Docente_10,Matemáticas Básicas,2021-2,45,5.0,4.5,4.1,Los talleres son muy útiles para aprender.,Mejora,POS,POS,4.533333333333333
Docente_26,Estructuras de Datos,2020-1,36,4.8,4.6,4.0,Resuelve las dudas con mucha paciencia.,Mejora,NEU,NEU,4.466666666666666
Docente_17,Ética Profesional,2021-1,15,4.1,3.5,3.8,"Asistencia puntual, pero falta dinamismo.",Estable,NEG,NEG,3.7999999999999994
Docente_29,Estructuras de Datos,2021-2,18,3.5,3.4,3.0,La clase es muy aburrida y monótona.,Estable,NEG,NEG,3.3000000000000003
Docente_7,Ética Profesional,2021-1,18,3.9,3.3,4.1,Explica muy bien los temas.,Estable,POS,POS,3.766666666666666
Docente_4,Ética Profesional,2021-2,19,4.9,4.4,4.1,La clase es muy dinámica y entretenida.,Mejora,POS,POS,4.466666666666667
Docente_26,Bases de Datos,2020-2,33,4.6,3.5,4.6,Los parciales no tienen nada que ver con lo visto en clase.,Estable,NEU,NEG,4.233333333333333
Docente_17,Ética Profesional,2020-2,15,4.1,4.1,4.8,"Excelente profesor, muy claro.",Mejora,POS,POS,4.333333333333333
Docente_13,Ingeniería de Software,2023-2,40,2.3,3.0,2.1,Califica de forma injusta.,En riesgo,NEG,NEG,2.466666666666667
Docente_6,Ética Profesional,2022-2,18,3.8,5.0,4.7,Explica muy bien los temas.,Mejora,POS,POS,4.5
Docente_30,Matemáticas Básicas,2021-1,44,3.6,4.5,4.0,Los parciales no tienen nada que ver con lo visto en clase.,Estable,NEU,NEG,4.033333333333333
Docente_28,Ética Profesional,2023-1,30,3.5,3.3,4.2,Explica muy bien los temas.,Estable,POS,POS,3.6666666666666665
Docente_25,Ingeniería de Software,2023-1,20,4.8,5.0,4.9,Los talleres son muy útiles para aprender.,Mejora,POS,POS,4.9
Docente_14,Programación Orientada a Objetos,2022-1,23,4.6,5.0,4.1,La clase estuvo bien.,Mejora,POS,NEU,4.566666666666666
Docente_10,Matemáticas Básicas,2021-2,35,2.9,3.5,4.4,"El profesor es normal, ni muy bueno ni muy malo.",Estable,NEU,NEU,3.6
Docente_32,Inteligencia Artificial,2023-2,16,4.6,4.7,4.6,"Excelente profesor, muy claro.",Mejora,POS,POS,4.633333333333334
Docente_18,Inteligencia Artificial,2021-1,28,3.5,2.8,2.8,No resuelve las dudas de los estudiantes.,En riesgo,NEG,NEG,3.033333333333333
Docente_42,Ética Profesional,2021-2,35,4.1,5.0,4.6,"Asistencia puntual, pero falta dinamismo.",Mejora,NEG,NEG,4.566666666666666
Docente_35,Ética Profesional,2020-1,27,4.3,4.7,4.6,Se podría mejorar un poco el material de estudio.,Estable,NEU,NEG,4.533333333333333
Docente_31,Estructuras de Datos,2023-2,26,4.3,3.1,3.5,Los parciales no tienen nada que ver con lo visto en clase.,Estable,NEU,NEG,3.6333333333333333
Docente_33,Bases de Datos,2023-1,23,4.2,3.4,4.1,Los talleres son muy útiles para aprender.,Estable,POS,POS,3.9
Docente_2,Bases de Datos,2021-2,15,3.1,4.0,3.3,Cumple con el programa.,Estable,NEU,NEU,3.4666666666666663
Docente_4,Ética Profesional,2023-2,31,2.3,1.1,2.3,Los parciales no tienen nada que ver con lo visto en clase.,En riesgo,NEU,NEG,1.8999999999999997
Docente_50,Estructuras de Datos,2021-2,20,4.1,3.4,4.8,La clase es muy dinámica y entretenida.,Estable,POS,POS,4.1000000000000005
Docente_16,Ingeniería de Software,2021-2,23,3.5,3.5,3.9,Llega tarde a las clases frecuentemente.,Estable,NEG,NEG,3.6333333333333333
Docente_48,Matemáticas Básicas,2021-2,33,4.5,4.7,4.9,"Asistencia puntual, pero falta dinamismo.",Mejora,NEG,NEG,4.7
Docente_25,Bases de Datos,2021-1,20,3.4,3.9,3.9,La clase estuvo bien.,Estable,POS,NEU,3.733333333333333
Docente_38,Bases de Datos,2022-2,44,3.4,3.8,4.2,Los parciales no tienen nada que ver con lo visto en clase.,Estable,NEU,NEG,3.7999999999999994
Docente_2,Ingeniería de Software,2022-2,45,4.0,5.0,5.0,"El profesor es normal, ni muy bueno ni muy malo.",Mejora,NEU,NEU,4.666666666666667
Docente_37,Programación Orientada a Objetos,2021-2,41,2.7,3.0,3.0,"Asistencia puntual, pero falta dinamismo.",En riesgo,NEG,NEG,2.9
Docente_32,Estructuras de Datos,2022-1,20,3.7,4.0,4.1,Califica de forma injusta.,Estable,NEG,NEG,3.9333333333333336
Docente_3,Matemáticas Básicas,2020-1,22,3.2,3.8,3.8,Falta mucha pedagogía.,Estable,NEG,NEG,3.6
Docente_15,Matemáticas Básicas,2023-2,15,4.4,3.3,2.8,Los temas son difíciles pero se entienden.,Estable,NEU,NEU,3.5
Docente_40,Programación Orientada a Objetos,2021-1,25,4.9,4.7,4.7,Se podría mejorar un poco el material de estudio.,Mejora,NEU,NEG,4.766666666666667
Docente_12,Ética Profesional,2022-2,16,5.0,4.3,4.2,Explica muy bien los temas.,Mejora,POS,POS,4.5
Docente_10,Estructuras de Datos,2021-1,39,4.6,4.2,5.0,"Excelente profesor, muy claro.",Mejora,POS,POS,4.6000000000000005
Docente_34,Ética Profesional,2022-2,45,4.5,4.5,4.7,"Excelente profesor, muy claro.",Mejora,POS,POS,4.566666666666666
Docente_24,Ingeniería de Software,2023-1,33,5.0,3.7,4.8,"Excelente profesor, muy claro.",Mejora,POS,POS,4.5
Docente_22,Bases de Datos,2022-2,19,3.1,3.6,3.7,Los talleres son muy útiles para aprender.,Estable,POS,POS,3.466666666666667
Docente_47,Inteligencia Artificial,2023-2,35,4.2,5.0,3.2,Los talleres son muy útiles para aprender.,Mejora,POS,POS,4.133333333333333
Docente_12,Ingeniería de Software,2022-2,22,2.1,3.3,1.9,Los temas son difíciles pero se entienden.,En riesgo,NEU,NEU,2.4333333333333336
Docente_38,Ética Profesional,2021-1,27,3.0,3.3,4.4,"El profesor es normal, ni muy bueno ni muy malo.",Estable,NEU,NEU,3.5666666666666664
Docente_47,Ingeniería de Software,2022-1,19,4.0,4.7,5.0,Se nota que sabe mucho de la materia.,Mejora,NEU,NEU,4.566666666666666
Docente_47,Matemáticas Básicas,2023-1,42,4.2,4.2,4.0,Los parciales no tienen nada que ver con lo visto en clase.,Estable,NEU,NEG,4.133333333333334
Docente_3,Programación Orientada a Objetos,2022-2,44,4.2,4.6,3.6,Falta mucha pedagogía.,Estable,NEG,NEG,4.133333333333334
Docente_15,Ingeniería de Software,2020-2,44,2.9,3.7,4.0,Califica de forma injusta.,Estable,NEG,NEG,3.533333333333333
Docente_10,Bases de Datos,2020-2,22,5.0,4.3,4.0,Los talleres son muy útiles para aprender.,Mejora,POS,POS,4.433333333333334
Docente_21,Programación Orientada a Objetos,2020-2,41,4.5,4.7,3.9,Se podría mejorar un poco el material de estudio.,Mejora,NEU,NEG,4.366666666666666
Docente_43,Ingeniería de Software,2022-2,29,4.1,3.3,4.8,Explica muy bien los temas.,Estable,POS,POS,4.066666666666666
Docente_17,Programación Orientada a Objetos,2021-2,37,4.5,5.0,3.6,"Excelente profesor, muy claro.",Mejora,POS,POS,4.366666666666666
Docente_23,Bases de Datos,2020-2,38,2.7,3.5,1.9,"No explica bien, me siento perdido.",En riesgo,NEG,NEG,2.6999999999999997
Docente_4,Inteligencia Artificial,2023-2,38,4.5,3.2,3.7,"No explica bien, me siento perdido.",Estable,NEG,NEG,3.8000000000000003
Docente_11,Inteligencia Artificial,2023-2,43,2.8,4.3,3.6,"Asistencia puntual, pero falta dinamismo.",Estable,NEG,NEG,3.5666666666666664
Docente_23,Estructuras de Datos,2023-1,18,3.7,3.4,4.4,Califica de forma injusta.,Estable,NEG,NEG,3.8333333333333335
Docente_37,Ingeniería de Software,2021-2,20,4.5,3.6,2.7,La clase es muy aburrida y monótona.,Estable,NEG,NEG,3.6
Docente_5,Ética Profesional,2020-1,24,1.7,2.2,2.2,"No explica bien, me siento perdido.",En riesgo,NEG,NEG,2.0333333333333337
Docente_21,Bases de Datos,2020-2,17,3.8,4.1,3.7,Los temas son difíciles pero se entienden.,Estable,NEU,NEU,3.8666666666666667
Docente_11,Inteligencia Artificial,2021-1,38,3.6,4.1,3.3,Se nota que sabe mucho de la materia.,Estable,NEU,NEU,3.6666666666666665
Docente_36,Matemáticas Básicas,2022-2,34,1.1,2.1,1.8,"El profesor es normal, ni muy bueno ni muy malo.",En riesgo,NEU,NEU,1.6666666666666667
Docente_31,Ingeniería de Software,2020-1,28,2.3,1.3,1.6,Los temas son difíciles pero se entienden.,En riesgo,NEU,NEU,1.7333333333333332
Docente_11,Estructuras de Datos,2023-1,20,4.8,3.5,3.9,"Excelente profesor, muy claro.",Estable,POS,POS,4.066666666666667
Docente_7,Bases de Datos,2021-2,21,2.9,2.5,1.7,Falta mucha pedagogía.,En riesgo,NEG,NEG,2.3666666666666667
Docente_45,Estructuras de Datos,2022-1,36,2.9,4.6,3.4,"El profesor es normal, ni muy bueno ni muy malo.",Estable,NEU,NEU,3.6333333333333333
Docente_20,Programación Orientada a Objetos,2020-2,16,3.6,4.2,3.4,"Asistencia puntual, pero falta dinamismo.",Estable,NEG,NEG,3.733333333333334
Docente_37,Estructuras de Datos,2023-2,19,4.5,4.3,4.9,Explica muy bien los temas.,Mejora,POS,POS,4.566666666666667
Docente_24,Matemáticas Básicas,2023-1,17,3.9,4.5,3.5,"El profesor es normal, ni muy bueno ni muy malo.",Estable,NEU,NEU,3.966666666666667
Docente_43,Ingeniería de Software,2023-2,21,3.9,3.5,3.7,La clase es muy dinámica y entretenida.,Estable,POS,POS,3.7000000000000006
Docente_2,Programación Orientada a Objetos,2021-1,35,4.9,4.6,4.4,Resuelve las dudas con mucha paciencia.,Mejora,NEU,NEU,4.633333333333334
Docente_6,Inteligencia Artificial,2020-2,24,3.4,4.0,4.4,"Asistencia puntual, pero falta dinamismo.",Estable,NEG,NEG,3.9333333333333336
Docente_31,Inteligencia Artificial,2022-1,17,4.7,5.0,4.2,Los temas son difíciles pero se entienden.,Mejora,NEU,NEU,4.633333333333333
Docente_35,Inteligencia Artificial,2021-1,26,2.0,3.2,2.7,Falta mucha pedagogía.,En riesgo,NEG,NEG,2.6333333333333333
Docente_24,Programación Orientada a Objetos,2023-2,16,4.1,4.8,3.1,Resuelve las dudas con mucha paciencia.,Mejora,NEU,NEU,3.9999999999999996
Docente_29,Inteligencia Artificial,2022-1,22,3.9,4.1,4.5,Cumple con el programa.,Estable,NEU,NEU,4.166666666666667
Docente_37,Matemáticas Básicas,2021-1,39,2.4,2.1,2.2,Se podría mejorar un poco el material de estudio.,En riesgo,NEU,NEG,2.2333333333333334
Docente_43,Matemáticas Básicas,2020-2,36,3.2,4.7,3.9,Se podría mejorar un poco el material de estudio.,Estable,NEU,NEG,3.9333333333333336
Docente_35,Inteligencia Artificial,2021-2,32,2.1,1.7,2.1,"No explica bien, me siento perdido.",En riesgo,NEG,NEG,1.9666666666666668
Docente_25,Ética Profesional,2023-1,45,4.0,4.5,4.4,Llega tarde a las clases frecuentemente.,Estable,NEG,NEG,4.3
Docente_44,Ética Profesional,2023-2,33,3.5,4.1,4.4,La clase estuvo bien.,Estable,POS,NEU,4.0
Docente_31,Bases de Datos,2020-2,27,3.0,4.8,3.8,"Excelente profesor, muy claro.",Estable,POS,POS,3.8666666666666667
Docente_33,Estructuras de Datos,2021-1,18,4.1,4.2,3.2,La clase es muy aburrida y monótona.,Estable,NEG,NEG,3.8333333333333335
Docente_12,Programación Orientada a Objetos,2021-2,40,4.5,4.2,3.0,Me inspiró a seguir aprendiendo sobre este tema.,Estable,POS,POS,3.9
Docente_9,Matemáticas Básicas,2023-1,17,3.9,3.8,3.4,"No explica bien, me siento perdido.",Estable,NEG,NEG,3.6999999999999997
Docente_13,Ética Profesional,2021-1,41,4.2,4.4,4.1,"El profesor es normal, ni muy bueno ni muy malo.",Mejora,NEU,NEU,4.233333333333333
Docente_17,Bases de Datos,2020-2,17,3.7,2.4,4.8,"Asistencia puntual, pero falta dinamismo.",Estable,NEG,NEG,3.633333333333333
Docente_36,Inteligencia Artificial,2022-2,42,3.7,4.0,3.4,Cumple con el programa.,Estable,NEU,NEU,3.6999999999999997
Docente_34,Inteligencia Artificial,2020-1,40,4.5,5.0,5.0,Se podría mejorar un poco el material de estudio.,Mejora,NEU,NEG,4.833333333333333
Docente_40,Estructuras de Datos,2023-1,18,2.9,2.6,3.7,Falta mucha pedagogía.,En riesgo,NEG,NEG,3.0666666666666664
Docente_10,Programación Orientada a Objetos,2020-2,44,4.8,4.4,4.3,"Excelente profesor, muy claro.",Mejora,POS,POS,4.5
Docente_37,Ética Profesional,2020-2,40,3.7,4.6,4.6,Resuelve las dudas con mucha paciencia.,Mejora,NEU,NEU,4.3
Docente_35,Bases de Datos,2023-1,23,4.6,5.0,3.3,Me inspiró a seguir aprendiendo sobre este tema.,Mejora,POS,POS,4.3
Docente_42,Inteligencia Artificial,2023-2,16,3.9,5.0,3.1,Se nota que sabe mucho de la materia.,Mejora,NEU,NEU,4.0
Docente_18,Inteligencia Artificial,2021-1,34,4.3,4.2,4.1,"El profesor es normal, ni muy bueno ni muy malo.",Mejora,NEU,NEU,4.2
Docente_44,Ingeniería de Software,2023-1,16,4.6,4.8,3.9,Me inspiró a seguir aprendiendo sobre este tema.,Mejora,POS,POS,4.433333333333333
Docente_22,Ingeniería de Software,2021-2,16,4.4,3.7,3.7,Califica de forma injusta.,Estable,NEG,NEG,3.9333333333333336
Docente_18,Bases de Datos,2020-1,25,4.8,5.0,3.7,"Asistencia puntual, pero falta dinamismo.",Mejora,NEG,NEG,4.5
Docente_20,Bases de Datos,2022-1,41,4.4,2.5,2.2,La clase estuvo bien.,En riesgo,POS,NEU,3.0333333333333337
Docente_45,Ingeniería de Software,2020-2,42,4.1,3.7,3.6,La clase estuvo bien.,Estable,POS,NEU,3.8000000000000003
Docente_9,Bases de Datos,2023-2,39,4.1,4.1,3.8,Los temas son difíciles pero se entienden.,Estable,NEU,NEU,4.0
Docente_18,Ingeniería de Software,2023-1,34,4.2,5.0,4.1,Los temas son difíciles pero se entienden.,Mejora,NEU,NEU,4.433333333333333
Docente_6,Programación Orientada a Objetos,2023-2,21,4.6,4.1,4.0,"No explica bien, me siento perdido.",Estable,NEG,NEG,4.233333333333333
Docente_48,Inteligencia Artificial,2022-2,41,2.6,2.3,2.2,"No explica bien, me siento perdido.",En riesgo,NEG,NEG,2.3666666666666667
Docente_33,Ética Profesional,2021-1,17,3.3,4.2,2.6,"El profesor es normal, ni muy bueno ni muy malo.",Estable,NEU,NEU,3.3666666666666667
Docente_46,Estructuras de Datos,2023-1,19,2.8,2.0,1.8,"Asistencia puntual, pero falta dinamismo.",En riesgo,NEG,NEG,2.1999999999999997
Docente_34,Estructuras de Datos,2020-1,20,4.4,4.4,3.8,La clase es muy dinámica y entretenida.,Mejora,POS,POS,4.2
Docente_13,Ética Profesional,2020-1,22,2.5,3.6,4.4,"Excelente profesor, muy claro.",Estable,POS,POS,3.5
Docente_30,Matemáticas Básicas,2022-2,37,2.9,3.8,3.2,Me inspiró a seguir aprendiendo sobre este tema.,Estable,POS,POS,3.2999999999999994
Docente_18,Bases de Datos,2023-2,31,3.1,4.1,4.4,"Asistencia puntual, pero falta dinamismo.",Estable,NEG,NEG,3.8666666666666667
Docente_41,Matemáticas Básicas,2020-1,22,3.5,4.3,3.3,Se podría mejorar un poco el material de estudio.,Estable,NEU,NEG,3.6999999999999997
Docente_32,Estructuras de Datos,2023-2,20,4.1,4.3,3.7,Califica de forma injusta.,Estable,NEG,NEG,4.033333333333332
Docente_38,Estructuras de Datos,2022-2,26,5.0,4.4,3.6,Se nota que sabe mucho de la materia.,Mejora,NEU,NEU,4.333333333333333
Docente_17,Ingeniería de Software,2020-2,24,2.9,4.0,3.8,Explica muy bien los temas.,Estable,POS,POS,3.5666666666666664
Docente_25,Matemáticas Básicas,2021-1,42,4.4,4.9,4.5,"El profesor es normal, ni muy bueno ni muy malo.",Mejora,NEU,NEU,4.6000000000000005
Docente_50,Programación Orientada a Objetos,2021-2,35,4.1,4.6,4.8,La clase es muy dinámica y entretenida.,Mejora,POS,POS,4.5
Docente_44,Programación Orientada a Objetos,2022-1,35,4.9,4.4,3.8,"No explica bien, me siento perdido.",Estable,NEG,NEG,4.366666666666667
Docente_33,Matemáticas Básicas,2020-1,30,5.0,4.7,5.0,Se nota que sabe mucho de la materia.,Mejora,NEU,NEU,4.8999999999999995
Docente_42,Programación Orientada a Objetos,2020-1,22,4.0,4.1,3.9,Cumple con el programa.,Estable,NEU,NEU,4.0
Docente_39,Ética Profesional,2022-1,37,3.5,3.5,3.5,Cumple con el programa.,Estable,NEU,NEU,3.5
Docente_28,Inteligencia Artificial,2022-2,29,3.4,5.0,4.5,Cumple con el programa.,Estable,NEU,NEU,4.3
Docente_14,Inteligencia Artificial,2022-1,36,3.4,4.0,3.1,No resuelve las dudas de los estudiantes.,Estable,NEG,NEG,3.5
Docente_40,Inteligencia Artificial,2020-2,15,4.5,5.0,4.2,Cumple con el programa.,Mejora,NEU,NEU,4.566666666666666
Docente_43,Ética Profesional,2022-2,32,5.0,5.0,4.3,Los temas son difíciles pero se entienden.,Mejora,NEU,NEU,4.766666666666667
Docente_39,Estructuras de Datos,2022-1,24,4.3,4.5,4.4,La clase es muy dinámica y entretenida.,Estable,POS,POS,4.4
Docente_31,Matemáticas Básicas,2022-2,23,3.0,2.3,2.2,Los temas son difíciles pero se entienden.,En riesgo,NEU,NEU,2.5
Docente_21,Ética Profesional,2022-1,23,4.7,5.0,4.4,Los temas son difíciles pero se entienden.,Mejora,NEU,NEU,4.7
Docente_46,Ingeniería de Software,2022-1,21,4.9,4.9,4.0,Se nota que sabe mucho de la materia.,Mejora,NEU,NEU,4.6000000000000005
Docente_34,Ética Profesional,2021-2,43,3.7,4.6,4.5,Explica muy bien los temas.,Mejora,POS,POS,4.266666666666667
Docente_39,Inteligencia Artificial,2022-2,36,3.2,2.1,2.9,Califica de forma injusta.,En riesgo,NEG,NEG,2.733333333333334
Docente_47,Matemáticas Básicas,2023-2,24,3.2,1.9,2.2,Llega tarde a las clases frecuentemente.,En riesgo,NEG,NEG,2.433333333333333
Docente_27,Inteligencia Artificial,2023-1,38,4.1,4.7,3.8,"Excelente profesor, muy claro.",Estable,POS,POS,4.2
Docente_38,Ingeniería de Software,2021-2,25,3.1,4.8,3.3,La clase estuvo bien.,Estable,POS,NEU,3.733333333333333
Docente_44,Estructuras de Datos,2023-2,44,3.5,3.2,3.4,Se podría mejorar un poco el material de estudio.,Estable,NEU,NEG,3.3666666666666667
Docente_33,Bases de Datos,2021-1,41,3.5,3.8,4.2,Llega tarde a las clases frecuentemente.,Estable,NEG,NEG,3.8333333333333335
Docente_12,Bases de Datos,2020-2,30,3.0,3.3,3.8,Resuelve las dudas con mucha paciencia.,Estable,NEU,NEU,3.3666666666666667
Docente_48,Bases de Datos,2021-1,45,4.1,4.3,3.8,Los temas son difíciles pero se entienden.,Mejora,NEU,NEU,4.066666666666666
Docente_22,Ingeniería de Software,2020-2,22,2.2,3.1,2.1,Los parciales no tienen nada que ver con lo visto en clase.,En riesgo,NEU,NEG,2.466666666666667
Docente_15,Ingeniería de Software,2022-1,28,4.0,4.0,4.0,Los temas son difíciles pero se entienden.,Estable,NEU,NEU,4.0
Docente_24,Bases de Datos,2022-1,29,4.9,3.9,3.3,La clase es muy dinámica y entretenida.,Estable,POS,POS,4.033333333333334
Docente_31,Matemáticas Básicas,2020-2,30,3.8,4.1,4.0,Me inspiró a seguir aprendiendo sobre este tema.,Estable,POS,POS,3.9666666666666663
Docente_33,Matemáticas Básicas,2023-1,31,4.4,4.7,5.0,Resuelve las dudas con mucha paciencia.,Mejora,NEU,NEU,4.7
Docente_27,Matemáticas Básicas,2021-1,19,3.0,2.5,2.6,No resuelve las dudas de los estudiantes.,En riesgo,NEG,NEG,2.6999999999999997
Docente_22,Inteligencia Artificial,2023-2,19,2.8,2.1,2.9,Los parciales no tienen nada que ver con lo visto en clase.,En riesgo,NEU,NEG,2.6
Docente_46,Programación Orientada a Objetos,2020-2,30,5.0,4.6,4.4,Los talleres son muy útiles para aprender.,Mejora,POS,POS,4.666666666666667
Docente_41,Programación Orientada a Objetos,2022-2,35,4.4,5.0,4.2,Explica muy bien los temas.,Mejora,POS,POS,4.533333333333334
Docente_1,Inteligencia Artificial,2022-1,21,5.0,4.7,5.0,"Asistencia puntual, pero falta dinamismo.",Mejora,NEG,NEG,4.8999999999999995
Docente_50,Programación Orientada a Objetos,2021-1,30,4.5,5.0,4.0,"Asistencia puntual, pero falta dinamismo.",Mejora,NEG,NEG,4.5
Docente_49,Ética Profesional,2020-2,19,4.1,3.0,2.9,"El profesor es normal, ni muy bueno ni muy malo.",En riesgo,NEU,NEU,3.3333333333333335
Docente_28,Ingeniería de Software,2023-1,27,4.7,5.0,3.9,Me inspiró a seguir aprendiendo sobre este tema.,Mejora,POS,POS,4.533333333333333
Docente_31,Inteligencia Artificial,2020-1,16,3.5,2.2,2.6,Cumple con el programa.,En riesgo,NEU,NEU,2.766666666666667
Docente_13,Ingeniería de Software,2022-2,45,3.8,4.0,3.1,Explica muy bien los temas.,Estable,POS,POS,3.6333333333333333
Docente_21,Ética Profesional,2021-2,15,4.9,4.5,4.6,Los temas son difíciles pero se entienden.,Mejora,NEU,NEU,4.666666666666667
Docente_1,Ingeniería de Software,2021-2,22,3.3,3.7,3.8,Se podría mejorar un poco el material de estudio.,Estable,NEU,NEG,3.6
Docente_20,Programación Orientada a Objetos,2020-2,27,2.3,1.6,1.6,Cumple con el programa.,En riesgo,NEU,NEU,1.8333333333333333
Docente_38,Bases de Datos,2021-1,17,2.4,4.4,3.8,"Excelente profesor, muy claro.",Estable,POS,POS,3.5333333333333337
Docente_20,Bases de Datos,2023-2,38,4.3,3.8,3.7,No resuelve las dudas de los estudiantes.,Estable,NEG,NEG,3.9333333333333336
Docente_39,Estructuras de Datos,2022-2,28,3.0,4.8,4.5,Resuelve las dudas con mucha paciencia.,Estable,NEU,NEU,4.1000000000000005
Docente_22,Inteligencia Artificial,2022-2,39,4.3,4.8,4.9,La clase es muy dinámica y entretenida.,Mejora,POS,POS,4.666666666666667
Docente_11,Ética Profesional,2023-1,15,3.0,3.8,3.8,La clase estuvo bien.,Estable,POS,NEU,3.533333333333333
Docente_15,Ingeniería de Software,2021-1,21,4.6,4.3,3.7,Explica muy bien los temas.,Estable,POS,POS,4.199999999999999
Docente_38,Estructuras de Datos,2021-1,18,3.1,3.7,4.0,Se podría mejorar un poco el material de estudio.,Estable,NEU,NEG,3.6
Docente_46,Ingeniería de Software,2020-1,27,4.8,4.7,4.5,Los temas son difíciles pero se entienden.,Mejora,NEU,NEU,4.666666666666667
Docente_17,Ética Profesional,2020-1,34,3.8,3.4,3.2,"Excelente profesor, muy claro.",Estable,POS,POS,3.4666666666666663
Docente_43,Matemáticas Básicas,2020-1,16,3.1,3.6,4.0,La clase es muy dinámica y entretenida.,Estable,POS,POS,3.5666666666666664
Docente_27,Inteligencia Artificial,2023-1,18,4.4,4.4,4.1,Cumple con el programa.,Mejora,NEU,NEU,4.3
Docente_17,Inteligencia Artificial,2021-1,21,4.3,4.0,4.8,Explica muy bien los temas.,Estable,POS,POS,4.366666666666667
Docente_20,Inteligencia Artificial,2020-2,36,2.4,3.7,2.4,Cumple con el programa.,En riesgo,NEU,NEU,2.8333333333333335
Docente_18,Estructuras de Datos,2021-1,28,2.7,2.0,2.9,La clase es muy aburrida y monótona.,En riesgo,NEG,NEG,2.533333333333333
Docente_33,Ingeniería de Software,2020-2,24,3.9,3.6,3.1,La clase es muy dinámica y entretenida.,Estable,POS,POS,3.533333333333333
Docente_7,Inteligencia Artificial,2021-2,34,2.1,3.3,2.1,No resuelve las dudas de los estudiantes.,En riesgo,NEG,NEG,2.5
Docente_50,Bases de Datos,2021-2,26,4.0,4.3,4.5,Se podría mejorar un poco el material de estudio.,Mejora,NEU,NEG,4.266666666666667
Docente_27,Bases de Datos,2021-1,16,3.8,3.9,3.8,Cumple con el programa.,Mejora,NEU,NEU,3.8333333333333335
Docente_32,Programación Orientada a Objetos,2023-2,25,2.5,3.2,2.0,No resuelve las dudas de los estudiantes.,En riesgo,NEG,NEG,2.566666666666667
Docente_1,Matemáticas Básicas,2020-2,44,2.3,2.5,2.2,La clase es muy aburrida y monótona.,En riesgo,NEG,NEG,2.3333333333333335
Docente_37,Ingeniería de Software,2023-2,19,4.0,4.4,4.2,"Excelente profesor, muy claro.",Mejora,POS,POS,4.2
Docente_50,Estructuras de Datos,2020-2,38,3.9,4.0,4.5,La clase es muy dinámica y entretenida.,Estable,POS,POS,4.133333333333334
Docente_17,Ingeniería de Software,2021-2,29,4.4,4.7,5.0,Resuelve las dudas con mucha paciencia.,Mejora,NEU,NEU,4.7
Docente_17,Inteligencia Artificial,2020-1,18,2.5,2.5,2.5,Califica de forma injusta.,En riesgo,NEG,NEG,2.5
Docente_3,Ética Profesional,2022-1,26,4.1,4.0,4.9,"Asistencia puntual, pero falta dinamismo.",Mejora,NEG,NEG,4.333333333333333
Docente_44,Bases de Datos,2023-1,38,3.4,4.2,4.7,"Excelente profesor, muy claro.",Mejora,POS,POS,4.1000000000000005
Docente_7,Ética Profesional,2020-1,15,4.5,3.9,4.2,Resuelve las dudas con mucha paciencia.,Estable,NEU,NEU,4.2
Docente_43,Ingeniería de Software,2021-1,25,5.0,4.3,4.4,Los talleres son muy útiles para aprender.,Mejora,POS,POS,4.566666666666667
Docente_29,Estructuras de Datos,2022-1,43,3.5,3.9,3.7,Se nota que sabe mucho de la materia.,Estable,NEU,NEU,3.7000000000000006
Docente_24,Ética Profesional,2022-2,20,4.7,4.4,3.8,"Excelente profesor, muy claro.",Mejora,POS,POS,4.300000000000001
Docente_26,Inteligencia Artificial,2023-2,23,2.8,2.2,3.2,Falta mucha pedagogía.,En riesgo,NEG,NEG,2.733333333333333
Docente_45,Ética Profesional,2023-2,40,3.5,3.3,4.0,"No explica bien, me siento perdido.",Estable,NEG,NEG,3.6
Docente_42,Ética Profesional,2021-1,18,4.6,4.9,3.8,Se nota que sabe mucho de la materia.,Mejora,NEU,NEU,4.433333333333334
Docente_45,Ingeniería de Software,2020-1,45,3.2,3.4,3.6,Los talleres son muy útiles para aprender.,Estable,POS,POS,3.4
Docente_7,Inteligencia Artificial,2023-2,40,3.6,4.5,3.7,Los parciales no tienen nada que ver con lo visto en clase.,Estable,NEU,NEG,3.9333333333333336
Docente_44,Inteligencia Artificial,2021-1,34,4.3,5.0,3.7,Me inspiró a seguir aprendiendo sobre este tema.,Mejora,POS,POS,4.333333333333333
Docente_50,Bases de Datos,2020-1,42,3.3,4.6,3.6,Resuelve las dudas con mucha paciencia.,Estable,NEU,NEU,3.8333333333333335
Docente_31,Inteligencia Artificial,2020-2,43,4.1,3.6,4.0,"No explica bien, me siento perdido.",Estable,NEG,NEG,3.9
Docente_29,Matemáticas Básicas,2020-2,23,4.3,4.9,3.8,Los temas son difíciles pero se entienden.,Mejora,NEU,NEU,4.333333333333333
Docente_21,Matemáticas Básicas,2021-2,45,5.0,4.0,4.7,Los temas son difíciles pero se entienden.,Mejora,NEU,NEU,4.566666666666666
Docente_22,Estructuras de Datos,2020-2,28,3.5,3.8,3.3,La clase estuvo bien.,Estable,POS,NEU,3.533333333333333
Docente_31,Bases de Datos,2023-1,19,3.8,4.1,4.6,Llega tarde a las clases frecuentemente.,Estable,NEG,NEG,4.166666666666667
Docente_40,Matemáticas Básicas,2020-1,35,3.6,4.3,2.1,Califica de forma injusta.,En riesgo,NEG,NEG,3.3333333333333335
Docente_33,Ética Profesional,2023-2,42,2.2,1.8,1.5,La clase estuvo bien.,En riesgo,POS,NEU,1.8333333333333333
Docente_11,Matemáticas Básicas,2023-2,25,4.0,3.8,4.1,La clase estuvo bien.,Estable,POS,NEU,3.9666666666666663
Docente_22,Bases de Datos,2020-1,31,3.6,1.5,2.3,No resuelve las dudas de los estudiantes.,En riesgo,NEG,NEG,2.4666666666666663
Docente_36,Ingeniería de Software,2023-1,27,3.7,4.3,3.9,La clase estuvo bien.,Estable,POS,NEU,3.966666666666667
Docente_6,Inteligencia Artificial,2023-2,40,3.7,2.8,3.7,Los parciales no tienen nada que ver con lo visto en clase.,Estable,NEU,NEG,3.4
Docente_29,Matemáticas Básicas,2023-2,29,3.6,2.9,2.1,Los parciales no tienen nada que ver con lo visto en clase.,En riesgo,NEU,NEG,2.8666666666666667
Docente_8,Inteligencia Artificial,2020-1,18,4.3,3.7,4.3,"Asistencia puntual, pero falta dinamismo.",Estable,NEG,NEG,4.1000000000000005
Docente_27,Matemáticas Básicas,2020-1,41,3.9,4.2,4.2,Se nota que sabe mucho de la materia.,Estable,NEU,NEU,4.1000000000000005
Docente_39,Estructuras de Datos,2022-1,43,2.9,2.2,2.3,Cumple con el programa.,En riesgo,NEU,NEU,2.4666666666666663
Docente_36,Programación Orientada a Objetos,2023-2,45,3.5,4.9,3.4,Los temas son difíciles pero se entienden.,Estable,NEU,NEU,3.9333333333333336
Docente_24,Ética Profesional,2020-1,41,4.4,4.2,3.4,La clase estuvo bien.,Estable,POS,NEU,4.000000000000001
Docente_30,Bases de Datos,2023-2,37,3.5,3.4,3.7,Se podría mejorar un poco el material de estudio.,Estable,NEU,NEG,3.5333333333333337
Docente_46,Inteligencia Artificial,2020-2,18,5.0,4.6,4.7,"Asistencia puntual, pero falta dinamismo.",Mejora,NEG,NEG,4.766666666666667
Docente_43,Programación Orientada a Objetos,2020-1,25,3.8,4.4,3.3,Se podría mejorar un poco el material de estudio.,Estable,NEU,NEG,3.8333333333333335
Docente_41,Ética Profesional,2022-1,32,4.2,3.8,3.6,No resuelve las dudas de los estudiantes.,Estable,NEG,NEG,3.8666666666666667
Docente_24,Ingeniería de Software,2020-2,16,4.9,4.1,4.5,Se nota que sabe mucho de la materia.,Mejora,NEU,NEU,4.5
Docente_32,Programación Orientada a Objetos,2023-1,18,5.0,4.9,5.0,Resuelve las dudas con mucha paciencia.,Mejora,NEU,NEU,4.966666666666667
Docente_40,Programación Orientada a Objetos,2021-2,18,2.9,4.3,3.5,"Asistencia puntual, pero falta dinamismo.",Estable,NEG,NEG,3.5666666666666664
Docente_14,Inteligencia Artificial,2021-2,37,2.6,2.4,1.9,Los parciales no tienen nada que ver con lo visto en clase.,En riesgo,NEU,NEG,2.3000000000000003
Docente_7,Ética Profesional,2023-1,16,1.3,3.7,3.1,Los temas son difíciles pero se entienden.,En riesgo,NEU,NEU,2.6999999999999997
Docente_44,Estructuras de Datos,2020-2,39,3.8,4.2,4.0,La clase es muy aburrida y monótona.,Estable,NEG,NEG,4.0
Docente_30,Ingeniería de Software,2021-1,45,3.9,4.5,4.6,La clase estuvo bien.,Mejora,POS,NEU,4.333333333333333
Docente_1,Estructuras de Datos,2020-1,32,4.7,3.6,3.5,"No explica bien, me siento perdido.",Estable,NEG,NEG,3.9333333333333336
Docente_38,Inteligencia Artificial,2021-1,37,4.8,3.8,4.6,"El profesor es normal, ni muy bueno ni muy malo.",Mejora,NEU,NEU,4.3999999999999995
Docente_12,Ingeniería de Software,2021-1,18,4.2,3.9,4.2,"Asistencia puntual, pero falta dinamismo.",Estable,NEG,NEG,4.1000000000000005
Docente_43,Estructuras de Datos,2022-2,31,4.3,4.3,5.0,Me inspiró a seguir aprendiendo sobre este tema.,Mejora,POS,POS,4.533333333333333
Docente_27,Estructuras de Datos,2021-2,23,4.4,3.7,3.2,"Asistencia puntual, pero falta dinamismo.",Estable,NEG,NEG,3.766666666666667
Docente_22,Bases de Datos,2023-2,40,3.8,4.0,3.2,Resuelve las dudas con mucha paciencia.,Estable,NEU,NEU,3.6666666666666665
Docente_9,Inteligencia Artificial,2022-1,41,4.0,4.6,4.6,Llega tarde a las clases frecuentemente.,Estable,NEG,NEG,4.3999999999999995
Docente_21,Ingeniería de Software,2021-2,21,2.8,4.1,3.1,Me inspiró a seguir aprendiendo sobre este tema.,Estable,POS,POS,3.3333333333333335
Docente_40,Ingeniería de Software,2022-1,36,2.6,3.9,1.9,Los parciales no tienen nada que ver con lo visto en clase.,En riesgo,NEU,NEG,2.8000000000000003
Docente_44,Programación Orientada a Objetos,2021-1,31,4.0,3.0,4.1,Llega tarde a las clases frecuentemente.,Estable,NEG,NEG,3.6999999999999997
Docente_45,Ingeniería de Software,2022-2,37,2.4,1.2,2.4,La clase es muy aburrida y monótona.,En riesgo,NEG,NEG,2.0
Docente_49,Bases de Datos,2023-2,33,3.8,3.6,4.1,Los parciales no tienen nada que ver con lo visto en clase.,Estable,NEU,NEG,3.8333333333333335
Docente_43,Ingeniería de Software,2023-1,36,4.4,5.0,4.6,Se podría mejorar un poco el material de estudio.,Mejora,NEU,NEG,4.666666666666667
Docente_35,Bases de Datos,2023-1,40,5.0,4.1,3.8,Explica muy bien los temas.,Estable,POS,POS,4.3
Docente_34,Matemáticas Básicas,2020-1,27,3.0,3.7,4.1,Resuelve las dudas con mucha paciencia.,Estable,NEU,NEU,3.6
Docente_4,Ingeniería de Software,2020-1,21,5.0,4.6,4.5,Resuelve las dudas con mucha paciencia.,Mejora,NEU,NEU,4.7
Docente_49,Ética Profesional,2021-1,24,4.2,4.6,4.1,Los temas son difíciles pero se entienden.,Mejora,NEU,NEU,4.3
Docente_17,Programación Orientada a Objetos,2020-1,37,2.1,1.5,2.4,"Asistencia puntual, pero falta dinamismo.",En riesgo,NEG,NEG,2.0
Docente_19,Programación Orientada a Objetos,2020-1,26,3.5,3.0,4.2,La clase es muy aburrida y monótona.,Estable,NEG,NEG,3.5666666666666664
Docente_7,Estructuras de Datos,2021-2,38,3.7,3.5,3.9,Llega tarde a las clases frecuentemente.,Estable,NEG,NEG,3.6999999999999997
Docente_25,Programación Orientada a Objetos,2022-1,37,2.3,3.7,2.9,Los temas son difíciles pero se entienden.,En riesgo,NEU,NEU,2.966666666666667
Docente_4,Inteligencia Artificial,2023-1,28,4.1,5.0,5.0,"Asistencia puntual, pero falta dinamismo.",Mejora,NEG,NEG,4.7
Docente_44,Bases de Datos,2020-1,15,4.4,4.8,4.3,Se podría mejorar un poco el material de estudio.,Mejora,NEU,NEG,4.5
Docente_17,Programación Orientada a Objetos,2023-2,41,4.9,4.6,4.9,La clase es muy dinámica y entretenida.,Mejora,POS,POS,4.8
Docente_41,Ingeniería de Software,2022-2,39,5.0,5.0,4.2,"El profesor es normal, ni muy bueno ni muy malo.",Mejora,NEU,NEU,4.733333333333333
Docente_35,Ingeniería de Software,2021-2,39,3.3,3.9,4.5,Me inspiró a seguir aprendiendo sobre este tema.,Estable,POS,POS,3.9
Docente_19,Inteligencia Artificial,2021-1,36,3.7,4.8,4.5,"Excelente profesor, muy claro.",Mejora,POS,POS,4.333333333333333
Docente_12,Programación Orientada a Objetos,2020-2,27,3.9,3.4,3.5,"Excelente profesor, muy claro.",Estable,POS,POS,3.6
Docente_28,Bases de Datos,2022-1,19,3.5,3.1,2.6,Califica de forma injusta.,En riesgo,NEG,NEG,3.0666666666666664
Docente_38,Ética Profesional,2022-1,15,3.6,3.5,4.2,Los temas son difíciles pero se entienden.,Estable,NEU,NEU,3.766666666666667
Docente_30,Ingeniería de Software,2021-1,16,4.4,4.2,3.4,Resuelve las dudas con mucha paciencia.,Estable,NEU,NEU,4.000000000000001
Docente_21,Estructuras de Datos,2020-1,39,4.1,3.2,3.8,Falta mucha pedagogía.,Estable,NEG,NEG,3.6999999999999997
Docente_43,Bases de Datos,2023-2,40,3.7,3.7,3.6,Los parciales no tienen nada que ver con lo visto en clase.,Estable,NEU,NEG,3.6666666666666665
Docente_36,Bases de Datos,2020-2,40,4.3,5.0,4.2,Se podría mejorar un poco el material de estudio.,Mejora,NEU,NEG,4.5
Docente_21,Estructuras de Datos,2021-2,45,4.5,5.0,4.3,Se nota que sabe mucho de la materia.,Mejora,NEU,NEU,4.6000000000000005
Docente_34,Matemáticas Básicas,2021-1,28,2.6,2.0,2.3,Cumple con el programa.,En riesgo,NEU,NEU,2.3
Docente_35,Inteligencia Artificial,2020-2,26,3.0,1.8,3.3,No resuelve las dudas de los estudiantes.,En riesgo,NEG,NEG,2.6999999999999997
Docente_14,Ingeniería de Software,2022-2,25,1.9,1.7,3.0,Los parciales no tienen nada que ver con lo visto en clase.,En riesgo,NEU,NEG,2.1999999999999997
Docente_19,Programación Orientada a Objetos,2023-2,32,3.0,3.0,2.0,"Asistencia puntual, pero falta dinamismo.",En riesgo,NEG,NEG,2.6666666666666665
Docente_42,Matemáticas Básicas,2020-2,36,3.7,3.6,3.3,Se podría mejorar un poco el material de estudio.,Estable,NEU,NEG,3.5333333333333337
Docente_29,Programación Orientada a Objetos,2021-2,45,1.7,3.5,2.9,"No explica bien, me siento perdido.",En riesgo,NEG,NEG,2.6999999999999997
Docente_44,Bases de Datos,2023-1,44,3.3,2.3,3.0,"Asistencia puntual, pero falta dinamismo.",En riesgo,NEG,NEG,2.8666666666666667
Docente_8,Inteligencia Artificial,2022-1,32,4.4,5.0,4.0,Se podría mejorar un poco el material de estudio.,Mejora,NEU,NEG,4.466666666666667
Docente_19,Matemáticas Básicas,2022-2,31,3.3,5.0,3.4,No resuelve las dudas de los estudiantes.,Estable,NEG,NEG,3.9000000000000004
Docente_29,Inteligencia Artificial,2020-1,24,4.9,4.5,3.5,Los temas son difíciles pero se entienden.,Mejora,NEU,NEU,4.3
Docente_13,Bases de Datos,2020-2,45,3.9,3.9,4.5,"Excelente profesor, muy claro.",Mejora,POS,POS,4.1000000000000005
Docente_11,Ética Profesional,2020-1,35,2.1,2.8,1.7,La clase es muy aburrida y monótona.,En riesgo,NEG,NEG,2.2
Docente_14,Ingeniería de Software,2021-2,42,4.6,3.6,3.9,"No explica bien, me siento perdido.",Estable,NEG,NEG,4.033333333333333
Docente_7,Programación Orientada a Objetos,2023-1,35,3.2,5.0,5.0,"Excelente profesor, muy claro.",Mejora,POS,POS,4.3999999999999995
Docente_48,Ingeniería de Software,2021-1,15,4.6,4.6,4.4,La clase estuvo bien.,Mejora,POS,NEU,4.533333333333333
Docente_46,Bases de Datos,2020-1,17,1.0,3.0,3.4,La clase es muy aburrida y monótona.,En riesgo,NEG,NEG,2.466666666666667
Docente_4,Programación Orientada a Objetos,2022-1,32,3.7,4.5,2.6,Se nota que sabe mucho de la materia.,Estable,NEU,NEU,3.5999999999999996
Docente_37,Ética Profesional,2021-2,44,2.1,2.2,2.5,Llega tarde a las clases frecuentemente.,En riesgo,NEG,NEG,2.266666666666667
Docente_27,Inteligencia Artificial,2023-2,35,2.0,2.6,1.1,Falta mucha pedagogía.,En riesgo,NEG,NEG,1.8999999999999997
Docente_28,Bases de Datos,2020-1,27,3.4,3.0,2.1,Los temas son difíciles pero se entienden.,En riesgo,NEU,NEU,2.8333333333333335
Docente_8,Estructuras de Datos,2020-1,35,2.9,4.0,4.4,Falta mucha pedagogía.,Estable,NEG,NEG,3.766666666666667
Docente_5,Ética Profesional,2020-1,37,3.8,3.8,3.7,Se nota que sabe mucho de la materia.,Estable,NEU,NEU,3.766666666666667
Docente_23,Estructuras de Datos,2020-2,24,4.4,5.0,4.1,"Asistencia puntual, pero falta dinamismo.",Mejora,NEG,NEG,4.5
Docente_44,Bases de Datos,2020-2,24,3.6,3.8,4.0,La clase es muy aburrida y monótona.,Estable,NEG,NEG,3.8000000000000003
Docente_25,Inteligencia Artificial,2020-1,30,1.6,2.6,2.3,Califica de forma injusta.,En riesgo,NEG,NEG,2.1666666666666665
Docente_35,Programación Orientada a Objetos,2021-1,38,4.3,4.0,3.5,"Asistencia puntual, pero falta dinamismo.",Estable,NEG,NEG,3.9333333333333336
Docente_35,Bases de Datos,2021-1,24,4.5,4.2,3.7,Los temas son difíciles pero se entienden.,Mejora,NEU,NEU,4.133333333333333
Docente_47,Ingeniería de Software,2022-2,45,5.0,4.8,4.5,Explica muy bien los temas.,Mejora,POS,POS,4.766666666666667
Docente_36,Ética Profesional,2021-1,18,2.9,5.0,4.2,"Excelente profesor, muy claro.",Estable,POS,POS,4.033333333333334
Docente_1,Estructuras de Datos,2023-1,32,2.3,3.4,1.5,Cumple con el programa.,En riesgo,NEU,NEU,2.4
Docente_6,Bases de Datos,2021-2,38,2.5,3.0,1.4,Se podría mejorar un poco el material de estudio.,En riesgo,NEU,NEG,2.3000000000000003
Docente_47,Bases de Datos,2021-2,28,2.2,2.8,1.7,Los temas son difíciles pero se entienden.,En riesgo,NEU,NEU,2.2333333333333334
Docente_33,Programación Orientada a Objetos,2021-1,20,4.2,4.0,4.0,La clase es muy dinámica y entretenida.,Mejora,POS,POS,4.066666666666666
Docente_40,Ética Profesional,2022-1,21,4.6,4.8,3.0,"Excelente profesor, muy claro.",Mejora,POS,POS,4.133333333333333
Docente_12,Ingeniería de Software,2020-1,42,4.2,4.5,4.3,"Asistencia puntual, pero falta dinamismo.",Mejora,NEG,NEG,4.333333333333333
Docente_36,Inteligencia Artificial,2020-2,24,4.0,3.9,4.1,Se nota que sabe mucho de la materia.,Estable,NEU,NEU,4.0
Docente_17,Matemáticas Básicas,2021-2,38,4.3,3.9,4.9,"El profesor es normal, ni muy bueno ni muy malo.",Mejora,NEU,NEU,4.366666666666666
Docente_32,Bases de Datos,2022-2,19,3.1,2.8,1.3,Los temas son difíciles pero se entienden.,En riesgo,NEU,NEU,2.4
Docente_42,Programación Orientada a Objetos,2020-2,24,3.2,3.7,5.0,Falta mucha pedagogía.,Estable,NEG,NEG,3.966666666666667
Docente_5,Programación Orientada a Objetos,2022-2,30,4.5,5.0,4.6,La clase estuvo bien.,Mejora,POS,NEU,4.7
Docente_22,Estructuras de Datos,2022-1,37,4.4,3.6,3.6,Los parciales no tienen nada que ver con lo visto en clase.,Estable,NEU,NEG,3.8666666666666667
Docente_10,Estructuras de Datos,2022-2,40,3.2,4.6,3.6,Los temas son difíciles pero se entienden.,Estable,NEU,NEU,3.8000000000000003
Docente_28,Programación Orientada a Objetos,2020-1,25,4.0,4.6,4.3,La clase estuvo bien.,Estable,POS,NEU,4.3
Docente_15,Ingeniería de Software,2023-1,23,4.2,4.6,3.6,Los talleres son muy útiles para aprender.,Mejora,POS,POS,4.133333333333334
Docente_9,Ingeniería de Software,2022-2,43,3.0,4.8,4.4,La clase estuvo bien.,Mejora,POS,NEU,4.066666666666666
Docente_30,Inteligencia Artificial,2022-2,39,2.8,2.7,1.7,Llega tarde a las clases frecuentemente.,En riesgo,NEG,NEG,2.4
Docente_32,Estructuras de Datos,2020-2,20,3.6,3.0,1.9,Los temas son difíciles pero se entienden.,En riesgo,NEU,NEU,2.8333333333333335
Docente_39,Matemáticas Básicas,2022-1,42,3.7,4.4,3.7,Resuelve las dudas con mucha paciencia.,Estable,NEU,NEU,3.9333333333333336
Docente_35,Programación Orientada a Objetos,2022-1,38,4.1,4.1,3.5,Los temas son difíciles pero se entienden.,Mejora,NEU,NEU,3.9
Docente_5,Ingeniería de Software,2020-2,43,3.5,3.3,4.3,Explica muy bien los temas.,Estable,POS,POS,3.6999999999999997
Docente_33,Ingeniería de Software,2020-1,41,3.0,3.3,3.8,Los parciales no tienen nada que ver con lo visto en clase.,Estable,NEU,NEG,3.3666666666666667
Docente_38,Inteligencia Artificial,2021-2,44,2.8,3.6,3.3,"Excelente profesor, muy claro.",Estable,POS,POS,3.233333333333333
Docente_36,Bases de Datos,2023-2,35,1.6,1.1,2.6,"Asistencia puntual, pero falta dinamismo.",En riesgo,NEG,NEG,1.7666666666666668
Docente_10,Bases de Datos,2023-1,22,4.5,5.0,4.9,"Asistencia puntual, pero falta dinamismo.",Mejora,NEG,NEG,4.8
Docente_38,Ingeniería de Software,2022-1,19,3.9,3.6,3.9,La clase es muy aburrida y monótona.,Estable,NEG,NEG,3.8000000000000003
Docente_33,Estructuras de Datos,2020-2,27,3.5,4.2,3.6,Se podría mejorar un poco el material de estudio.,Estable,NEU,NEG,3.766666666666667
Docente_33,Matemáticas Básicas,2021-2,42,4.4,5.0,4.2,"Asistencia puntual, pero falta dinamismo.",Mejora,NEG,NEG,4.533333333333334
Docente_40,Ingeniería de Software,2021-1,39,2.3,3.4,1.5,Cumple con el programa.,En riesgo,NEU,NEU,2.4
Docente_9,Inteligencia Artificial,2021-1,20,3.6,3.6,3.4,Los parciales no tienen nada que ver con lo visto en clase.,Estable,NEU,NEG,3.533333333333333
Docente_37,Ingeniería de Software,2021-1,38,3.5,3.4,4.2,Califica de forma injusta.,Estable,NEG,NEG,3.7000000000000006
Docente_23,Matemáticas Básicas,2021-2,39,3.9,3.9,3.2,Califica de forma injusta.,Estable,NEG,NEG,3.6666666666666665
Docente_15,Matemáticas Básicas,2022-1,26,3.4,4.1,4.0,La clase estuvo bien.,Estable,POS,NEU,3.8333333333333335
Docente_3,Ingeniería de Software,2021-2,31,3.5,1.9,2.2,"Asistencia puntual, pero falta dinamismo.",En riesgo,NEG,NEG,2.5333333333333337
Docente_24,Inteligencia Artificial,2023-2,44,3.7,3.9,3.7,La clase es muy aburrida y monótona.,Estable,NEG,NEG,3.766666666666667
Docente_3,Matemáticas Básicas,2022-2,18,4.3,4.3,4.3,No resuelve las dudas de los estudiantes.,Estable,NEG,NEG,4.3
Docente_41,Ética Profesional,2022-1,41,4.2,5.0,4.2,Se podría mejorar un poco el material de estudio.,Mejora,NEU,NEG,4.466666666666666
Docente_17,Estructuras de Datos,2021-1,27,4.3,4.7,4.0,"Asistencia puntual, pero falta dinamismo.",Estable,NEG,NEG,4.333333333333333
Docente_24,Estructuras de Datos,2020-2,31,5.0,3.8,4.2,Resuelve las dudas con mucha paciencia.,Mejora,NEU,NEU,4.333333333333333
Docente_25,Programación Orientada a Objetos,2023-1,26,3.9,4.4,4.0,Se podría mejorar un poco el material de estudio.,Estable,NEU,NEG,4.1000000000000005
Docente_32,Ética Profesional,2023-2,43,5.0,4.6,3.6,"El profesor es normal, ni muy bueno ni muy malo.",Mejora,NEU,NEU,4.3999999999999995
Docente_1,Estructuras de Datos,2021-1,29,3.8,3.2,3.2,Los talleres son muy útiles para aprender.,Estable,POS,POS,3.4
Docente_15,Matemáticas Básicas,2022-1,21,3.4,4.1,4.2,Resuelve las dudas con mucha paciencia.,Estable,NEU,NEU,3.9
Docente_12,Programación Orientada a Objetos,2022-2,34,4.8,4.8,4.2,Se podría mejorar un poco el material de estudio.,Mejora,NEU,NEG,4.6000000000000005
Docente_8,Ingeniería de Software,2021-2,28,3.9,4.0,4.4,Los temas son difíciles pero se entienden.,Estable,NEU,NEU,4.1000000000000005
Docente_47,Matemáticas Básicas,2023-2,36,4.7,2.7,3.8,Califica de forma injusta.,Estable,NEG,NEG,3.733333333333333
Docente_31,Programación Orientada a Objetos,2021-1,35,4.3,3.9,4.1,Me inspiró a seguir aprendiendo sobre este tema.,Mejora,POS,POS,4.1
Docente_2,Programación Orientada a Objetos,2020-1,19,4.0,3.5,3.5,Los parciales no tienen nada que ver con lo visto en clase.,Estable,NEU,NEG,3.6666666666666665
Docente_38,Programación Orientada a Objetos,2021-1,35,4.7,3.7,5.0,Cumple con el programa.,Mejora,NEU,NEU,4.466666666666667
Docente_3,Estructuras de Datos,2021-1,16,4.9,4.7,4.6,Se nota que sabe mucho de la materia.,Mejora,NEU,NEU,4.733333333333333
Docente_17,Programación Orientada a Objetos,2023-1,34,5.0,4.4,4.2,"El profesor es normal, ni muy bueno ni muy malo.",Mejora,NEU,NEU,4.533333333333334
Docente_41,Matemáticas Básicas,2022-1,45,4.8,4.5,5.0,"Excelente profesor, muy claro.",Mejora,POS,POS,4.766666666666667
Docente_14,Inteligencia Artificial,2023-2,42,4.0,4.1,3.5,Califica de forma injusta.,Estable,NEG,NEG,3.8666666666666667
Docente_11,Programación Orientada a Objetos,2023-1,34,3.8,5.0,4.6,Se nota que sabe mucho de la materia.,Mejora,NEU,NEU,4.466666666666667
Docente_38,Ética Profesional,2021-1,34,4.4,5.0,4.9,Los temas son difíciles pero se entienden.,Mejora,NEU,NEU,4.766666666666667
Docente_33,Bases de Datos,2021-1,38,3.4,3.5,2.6,Los temas son difíciles pero se entienden.,En riesgo,NEU,NEU,3.1666666666666665
Docente_22,Inteligencia Artificial,2020-2,22,1.9,2.5,2.9,Falta mucha pedagogía.,En riesgo,NEG,NEG,2.4333333333333336
Docente_25,Programación Orientada a Objetos,2020-2,15,5.0,4.4,4.2,La clase es muy dinámica y entretenida.,Mejora,POS,POS,4.533333333333334
Docente_34,Ética Profesional,2023-1,41,5.0,4.2,3.2,Se nota que sabe mucho de la materia.,Mejora,NEU,NEU,4.133333333333333
Docente_39,Matemáticas Básicas,2021-1,30,1.5,3.3,2.0,"El profesor es normal, ni muy bueno ni muy malo.",En riesgo,NEU,NEU,2.2666666666666666
Docente_39,Matemáticas Básicas,2020-2,17,2.5,2.4,1.1,La clase estuvo bien.,En riesgo,POS,NEU,2.0
Docente_43,Programación Orientada a Objetos,2020-1,43,4.4,4.5,3.3,"No explica bien, me siento perdido.",Estable,NEG,NEG,4.066666666666666
Docente_34,Inteligencia Artificial,2022-2,42,4.3,4.1,3.4,"Excelente profesor, muy claro.",Estable,POS,POS,3.933333333333333
Docente_45,Estructuras de Datos,2023-1,22,5.0,4.7,4.3,"Asistencia puntual, pero falta dinamismo.",Mejora,NEG,NEG,4.666666666666667
Docente_31,Ética Profesional,2023-1,26,4.3,4.0,3.5,Los parciales no tienen nada que ver con lo visto en clase.,Estable,NEU,NEG,3.9333333333333336
Docente_48,Ética Profesional,2020-2,28,2.2,1.5,2.6,Califica de forma injusta.,En riesgo,NEG,NEG,2.1
Docente_17,Inteligencia Artificial,2021-2,44,3.7,4.8,4.7,"Excelente profesor, muy claro.",Mejora,POS,POS,4.3999999999999995
Docente_19,Estructuras de Datos,2023-1,23,4.4,5.0,4.7,La clase es muy dinámica y entretenida.,Mejora,POS,POS,4.7
Docente_1,Ingeniería de Software,2020-1,33,3.5,4.8,5.0,Cumple con el programa.,Mejora,NEU,NEU,4.433333333333334
Docente_8,Estructuras de Datos,2020-1,27,4.3,4.4,4.5,Los temas son difíciles pero se entienden.,Mejora,NEU,NEU,4.3999999999999995
Docente_14,Ingeniería de Software,2022-2,28,2.1,3.5,2.6,Los parciales no tienen nada que ver con lo visto en clase.,En riesgo,NEU,NEG,2.733333333333333
Docente_7,Programación Orientada a Objetos,2023-1,35,4.3,3.0,4.2,Los parciales no tienen nada que ver con lo visto en clase.,Estable,NEU,NEG,3.8333333333333335
Docente_17,Bases de Datos,2023-1,33,4.5,4.3,4.4,Se podría mejorar un poco el material de estudio.,Estable,NEU,NEG,4.4
Docente_40,Bases de Datos,2023-1,39,4.1,4.5,4.6,La clase es muy dinámica y entretenida.,Mejora,POS,POS,4.3999999999999995
Docente_27,Estructuras de Datos,2023-2,20,1.9,2.7,2.6,Los parciales no tienen nada que ver con lo visto en clase.,En riesgo,NEU,NEG,2.4
Docente_36,Estructuras de Datos,2023-2,23,5.0,5.0,4.8,Resuelve las dudas con mucha paciencia.,Mejora,NEU,NEU,4.933333333333334
Docente_37,Bases de Datos,2023-1,38,3.2,2.3,2.9,Califica de forma injusta.,En riesgo,NEG,NEG,2.8000000000000003
Docente_43,Matemáticas Básicas,2021-2,29,3.9,3.9,3.8,Los talleres son muy útiles para aprender.,Estable,POS,POS,3.8666666666666667
Docente_7,Programación Orientada a Objetos,2023-1,40,4.3,4.3,4.7,Los talleres son muy útiles para aprender.,Mejora,POS,POS,4.433333333333334
Docente_36,Estructuras de Datos,2020-1,20,4.9,4.6,4.2,Me inspiró a seguir aprendiendo sobre este tema.,Mejora,POS,POS,4.566666666666666
Docente_41,Matemáticas Básicas,2020-2,41,3.6,4.3,3.8,Resuelve las dudas con mucha paciencia.,Estable,NEU,NEU,3.9
Docente_31,Estructuras de Datos,2023-1,17,3.9,4.9,4.6,"Excelente profesor, muy claro.",Mejora,POS,POS,4.466666666666667
Docente_17,Programación Orientada a Objetos,2022-2,17,3.4,3.5,4.3,Falta mucha pedagogía.,Estable,NEG,NEG,3.733333333333333
Docente_3,Ingeniería de Software,2023-1,44,3.9,3.9,3.3,"Asistencia puntual, pero falta dinamismo.",Estable,NEG,NEG,3.6999999999999997
Docente_40,Ingeniería de Software,2022-1,37,3.3,3.1,4.0,Falta mucha pedagogía.,Estable,NEG,NEG,3.466666666666667
Docente_4,Ética Profesional,2021-1,35,2.8,2.4,2.6,La clase estuvo bien.,En riesgo,POS,NEU,2.5999999999999996
Docente_29,Matemáticas Básicas,2021-2,42,2.0,3.1,2.4,Los temas son difíciles pero se entienden.,En riesgo,NEU,NEU,2.5
Docente_34,Bases de Datos,2021-2,16,3.3,3.6,3.5,Falta mucha pedagogía.,Estable,NEG,NEG,3.466666666666667
Docente_33,Estructuras de Datos,2021-2,34,4.4,4.5,3.9,Se nota que sabe mucho de la materia.,Mejora,NEU,NEU,4.266666666666667
Docente_44,Matemáticas Básicas,2022-2,22,3.2,4.2,4.5,Explica muy bien los temas.,Estable,POS,POS,3.966666666666667
Docente_11,Matemáticas Básicas,2022-1,39,3.2,4.5,4.4,"Asistencia puntual, pero falta dinamismo.",Estable,NEG,NEG,4.033333333333334
Docente_23,Ingeniería de Software,2023-1,27,4.3,3.8,4.4,Los parciales no tienen nada que ver con lo visto en clase.,Estable,NEU,NEG,4.166666666666667
Docente_13,Estructuras de Datos,2020-1,38,2.7,3.0,1.9,Se podría mejorar un poco el material de estudio.,En riesgo,NEU,NEG,2.533333333333333
Docente_5,Matemáticas Básicas,2022-1,38,3.3,4.3,3.7,Llega tarde a las clases frecuentemente.,Estable,NEG,NEG,3.766666666666667
Docente_38,Bases de Datos,2022-2,45,3.9,3.8,4.2,Cumple con el programa.,Estable,NEU,NEU,3.9666666666666663
Docente_15,Estructuras de Datos,2021-2,29,2.9,2.9,4.3,"Asistencia puntual, pero falta dinamismo.",Estable,NEG,NEG,3.3666666666666667
Docente_37,Matemáticas Básicas,2022-1,20,2.0,2.9,2.8,Falta mucha pedagogía.,En riesgo,NEG,NEG,2.566666666666667
Docente_33,Matemáticas Básicas,2020-2,31,4.4,4.5,4.5,Resuelve las dudas con mucha paciencia.,Mejora,NEU,NEU,4.466666666666667
Docente_22,Matemáticas Básicas,2022-1,43,4.2,4.3,3.3,Llega tarde a las clases frecuentemente.,Estable,NEG,NEG,3.9333333333333336
Docente_37,Bases de Datos,2023-2,45,5.0,4.0,4.5,Me inspiró a seguir aprendiendo sobre este tema.,Mejora,POS,POS,4.5
Docente_37,Inteligencia Artificial,2021-2,39,4.3,4.2,5.0,Los talleres son muy útiles para aprender.,Mejora,POS,POS,4.5
Docente_50,Inteligencia Artificial,2023-2,43,3.7,4.1,3.5,Los parciales no tienen nada que ver con lo visto en clase.,Estable,NEU,NEG,3.766666666666667
Docente_2,Inteligencia Artificial,2020-2,23,3.4,4.6,3.8,Se nota que sabe mucho de la materia.,Estable,NEU,NEU,3.9333333333333336
Docente_25,Ingeniería de Software,2021-2,36,4.2,4.3,4.3,Se podría mejorar un poco el material de estudio.,Mejora,NEU,NEG,4.266666666666667
Docente_15,Ética Profesional,2022-2,28,2.2,2.1,2.3,Los parciales no tienen nada que ver con lo visto en clase.,En riesgo,NEU,NEG,2.2
Docente_34,Estructuras de Datos,2020-1,37,3.8,4.0,3.2,Cumple con el programa.,Estable,NEU,NEU,3.6666666666666665
Docente_16,Bases de Datos,2020-2,27,2.3,2.2,2.9,Los temas son difíciles pero se entienden.,En riesgo,NEU,NEU,2.466666666666667
Docente_48,Ética Profesional,2022-2,17,4.9,4.7,5.0,Cumple con el programa.,Mejora,NEU,NEU,4.866666666666667
Docente_12,Inteligencia Artificial,2022-2,26,3.8,4.4,4.3,Me inspiró a seguir aprendiendo sobre este tema.,Estable,POS,POS,4.166666666666667
Docente_37,Bases de Datos,2021-1,45,5.0,4.0,4.3,Se podría mejorar un poco el material de estudio.,Mejora,NEU,NEG,4.433333333333334
Docente_44,Programación Orientada a Objetos,2023-2,38,3.5,3.9,3.9,Me inspiró a seguir aprendiendo sobre este tema.,Estable,POS,POS,3.766666666666667
Docente_16,Ingeniería de Software,2021-2,42,3.5,2.4,3.0,Llega tarde a las clases frecuentemente.,En riesgo,NEG,NEG,2.966666666666667
Docente_14,Programación Orientada a Objetos,2021-2,41,3.9,4.7,4.5,La clase estuvo bien.,Estable,POS,NEU,4.366666666666666
Docente_40,Bases de Datos,2021-1,39,3.4,3.6,3.4,La clase es muy dinámica y entretenida.,Estable,POS,POS,3.466666666666667
Docente_8,Matemáticas Básicas,2023-2,34,4.4,4.6,3.5,Explica muy bien los temas.,Estable,POS,POS,4.166666666666667
Docente_49,Ética Profesional,2020-1,42,3.9,5.0,4.3,La clase estuvo bien.,Mejora,POS,NEU,4.3999999999999995
Docente_24,Estructuras de Datos,2022-2,30,3.8,3.7,4.7,Los parciales no tienen nada que ver con lo visto en clase.,Estable,NEU,NEG,4.066666666666666
Docente_18,Inteligencia Artificial,2021-1,39,4.1,3.6,3.1,No resuelve las dudas de los estudiantes.,Estable,NEG,NEG,3.5999999999999996
Docente_18,Inteligencia Artificial,2021-2,39,4.7,5.0,4.6,"El profesor es normal, ni muy bueno ni muy malo.",Mejora,NEU,NEU,4.766666666666667
Docente_9,Matemáticas Básicas,2023-1,30,4.1,3.7,3.5,Llega tarde a las clases frecuentemente.,Estable,NEG,NEG,3.766666666666667
Docente_3,Estructuras de Datos,2022-2,27,4.8,4.2,3.2,Los talleres son muy útiles para aprender.,Estable,POS,POS,4.066666666666666
Docente_30,Matemáticas Básicas,2023-2,25,3.8,4.0,5.0,Explica muy bien los temas.,Estable,POS,POS,4.266666666666667
Docente_1,Ingeniería de Software,2021-2,27,2.1,2.4,3.2,"El profesor es normal, ni muy bueno ni muy malo.",En riesgo,NEU,NEU,2.566666666666667
Docente_7,Bases de Datos,2022-2,34,3.7,5.0,3.7,Cumple con el programa.,Estable,NEU,NEU,4.133333333333333
Docente_12,Estructuras de Datos,2022-1,22,3.8,4.5,4.7,Resuelve las dudas con mucha paciencia.,Mejora,NEU,NEU,4.333333333333333
Docente_31,Estructuras de Datos,2022-2,26,4.1,3.0,1.8,Califica de forma injusta.,En riesgo,NEG,NEG,2.966666666666667
Docente_32,Inteligencia Artificial,2021-2,28,3.9,4.0,3.4,Se podría mejorar un poco el material de estudio.,Estable,NEU,NEG,3.766666666666667
Docente_24,Ética Profesional,2023-1,23,3.5,4.2,3.6,La clase es muy aburrida y monótona.,Estable,NEG,NEG,3.766666666666667
Docente_12,Estructuras de Datos,2021-1,33,1.7,2.2,3.4,Los temas son difíciles pero se entienden.,En riesgo,NEU,NEU,2.4333333333333336
Docente_15,Ética Profesional,2020-2,38,3.2,4.4,3.3,Cumple con el programa.,Estable,NEU,NEU,3.6333333333333333
Docente_16,Estructuras de Datos,2023-1,42,2.6,2.9,1.8,Falta mucha pedagogía.,En riesgo,NEG,NEG,2.433333333333333
Docente_13,Programación Orientada a Objetos,2021-1,30,5.0,4.9,4.9,"Asistencia puntual, pero falta dinamismo.",Mejora,NEG,NEG,4.933333333333334
Docente_1,Programación Orientada a Objetos,2023-1,30,3.6,2.4,2.1,Califica de forma injusta.,En riesgo,NEG,NEG,2.6999999999999997
Docente_41,Estructuras de Datos,2022-2,40,4.9,5.0,4.1,La clase estuvo bien.,Mejora,POS,NEU,4.666666666666667
Docente_20,Bases de Datos,2020-1,27,4.1,4.0,4.2,"Excelente profesor, muy claro.",Mejora,POS,POS,4.1000000000000005
Docente_45,Programación Orientada a Objetos,2020-1,21,3.9,4.1,4.3,Resuelve las dudas con mucha paciencia.,Mejora,NEU,NEU,4.1000000000000005
Docente_31,Ética Profesional,2020-2,29,4.6,4.8,5.0,Se podría mejorar un poco el material de estudio.,Mejora,NEU,NEG,4.8
Docente_22,Bases de Datos,2022-2,26,3.8,5.0,5.0,Cumple con el programa.,Mejora,NEU,NEU,4.6000000000000005
Docente_36,Ética Profesional,2022-1,26,2.1,3.0,2.3,"No explica bien, me siento perdido.",En riesgo,NEG,NEG,2.4666666666666663
Docente_27,Matemáticas Básicas,2022-2,42,3.8,4.7,4.0,Falta mucha pedagogía.,Estable,NEG,NEG,4.166666666666667
Docente_13,Estructuras de Datos,2021-1,39,4.8,4.8,4.6,Resuelve las dudas con mucha paciencia.,Mejora,NEU,NEU,4.733333333333333
Docente_23,Bases de Datos,2023-2,39,4.6,4.1,5.0,Se podría mejorar un poco el material de estudio.,Mejora,NEU,NEG,4.566666666666666
Docente_29,Matemáticas Básicas,2023-1,34,5.0,4.9,4.5,Resuelve las dudas con mucha paciencia.,Mejora,NEU,NEU,4.8
Docente_30,Ingeniería de Software,2021-1,42,2.8,5.0,3.4,Los talleres son muy útiles para aprender.,Estable,POS,POS,3.733333333333333
Docente_41,Ética Profesional,2022-2,28,3.8,4.7,3.8,Falta mucha pedagogía.,Estable,NEG,NEG,4.1000000000000005
Docente_37,Inteligencia Artificial,2020-2,17,4.0,3.4,3.9,Los talleres son muy útiles para aprender.,Estable,POS,POS,3.766666666666667
Docente_22,Programación Orientada a Objetos,2022-2,25,3.7,3.5,3.8,"El profesor es normal, ni muy bueno ni muy malo.",Estable,NEU,NEU,3.6666666666666665
Docente_46,Bases de Datos,2023-1,23,4.2,3.6,2.3,La clase es muy aburrida y monótona.,Estable,NEG,NEG,3.366666666666667
Docente_50,Ética Profesional,2022-2,38,3.9,4.0,3.3,Los parciales no tienen nada que ver con lo visto en clase.,Estable,NEU,NEG,3.733333333333333
Docente_34,Inteligencia Artificial,2023-1,20,3.7,3.5,4.1,Los talleres son muy útiles para aprender.,Estable,POS,POS,3.766666666666667
Docente_2,Programación Orientada a Objetos,2021-2,36,4.3,4.4,4.5,Resuelve las dudas con mucha paciencia.,Mejora,NEU,NEU,4.3999999999999995
Docente_48,Ingeniería de Software,2020-2,21,4.4,3.6,4.1,Los talleres son muy útiles para aprender.,Estable,POS,POS,4.033333333333333
Docente_26,Matemáticas Básicas,2020-2,17,3.9,4.9,4.6,La clase estuvo bien.,Mejora,POS,NEU,4.466666666666667
Docente_36,Matemáticas Básicas,2020-1,39,4.6,5.0,4.3,Me inspiró a seguir aprendiendo sobre este tema.,Mejora,POS,POS,4.633333333333333
Docente_34,Ética Profesional,2020-2,18,4.0,5.0,4.8,Resuelve las dudas con mucha paciencia.,Mejora,NEU,NEU,4.6000000000000005
Docente_40,Programación Orientada a Objetos,2020-2,35,5.0,4.6,4.4,Me inspiró a seguir aprendiendo sobre este tema.,Mejora,POS,POS,4.666666666666667
Docente_20,Programación Orientada a Objetos,2021-2,38,3.0,1.0,2.9,Llega tarde a las clases frecuentemente.,En riesgo,NEG,NEG,2.3000000000000003
Docente_29,Ingeniería de Software,2021-1,19,1.0,2.0,3.1,Cumple con el programa.,En riesgo,NEU,NEU,2.033333333333333
Docente_11,Matemáticas Básicas,2020-1,36,2.5,1.4,1.8,Los parciales no tienen nada que ver con lo visto en clase.,En riesgo,NEU,NEG,1.9000000000000001
Docente_21,Ética Profesional,2023-2,29,3.0,4.1,3.8,Llega tarde a las clases frecuentemente.,Estable,NEG,NEG,3.633333333333333
Docente_18,Estructuras de Datos,2023-2,19,4.5,3.8,3.6,Llega tarde a las clases frecuentemente.,Estable,NEG,NEG,3.966666666666667
Docente_12,Estructuras de Datos,2023-2,35,1.9,2.2,1.3,Se podría mejorar un poco el material de estudio.,En riesgo,NEU,NEG,1.7999999999999998
Docente_41,Estructuras de Datos,2023-1,31,4.3,4.8,3.4,Los temas son difíciles pero se entienden.,Mejora,NEU,NEU,4.166666666666667
Docente_41,Estructuras de Datos,2022-1,44,3.4,2.9,3.8,Se podría mejorar un poco el material de estudio.,Estable,NEU,NEG,3.3666666666666667
Docente_31,Estructuras de Datos,2021-2,40,4.7,4.5,3.6,"Excelente profesor, muy claro.",Mejora,POS,POS,4.266666666666667
Docente_29,Bases de Datos,2022-2,28,4.1,3.4,3.8,Cumple con el programa.,Estable,NEU,NEU,3.766666666666667
Docente_10,Bases de Datos,2020-1,15,3.6,4.3,2.8,No resuelve las dudas de los estudiantes.,Estable,NEG,NEG,3.5666666666666664
Docente_49,Ética Profesional,2021-1,26,4.3,4.8,4.2,Resuelve las dudas con mucha paciencia.,Mejora,NEU,NEU,4.433333333333334
Docente_31,Estructuras de Datos,2020-1,37,4.2,4.2,3.7,Califica de forma injusta.,Estable,NEG,NEG,4.033333333333334
Docente_49,Inteligencia Artificial,2022-1,15,4.5,4.1,4.7,"Asistencia puntual, pero falta dinamismo.",Mejora,NEG,NEG,4.433333333333334
Docente_28,Ética Profesional,2022-1,34,3.7,4.4,3.3,La clase estuvo bien.,Estable,POS,NEU,3.8000000000000007
Docente_1,Estructuras de Datos,2022-2,21,3.6,4.0,3.8,"No explica bien, me siento perdido.",Estable,NEG,NEG,3.7999999999999994
Docente_36,Inteligencia Artificial,2023-1,22,4.5,3.7,3.4,Los talleres son muy útiles para aprender.,Estable,POS,POS,3.8666666666666667
Docente_46,Ingeniería de Software,2023-1,41,3.9,4.7,3.7,"Asistencia puntual, pero falta dinamismo.",Estable,NEG,NEG,4.1000000000000005
Docente_15,Bases de Datos,2020-2,28,1.9,3.4,2.7,Los temas son difíciles pero se entienden.,En riesgo,NEU,NEU,2.6666666666666665
Docente_16,Estructuras de Datos,2022-1,24,3.4,3.8,3.9,Llega tarde a las clases frecuentemente.,Estable,NEG,NEG,3.6999999999999997
Docente_18,Inteligencia Artificial,2021-2,42,4.7,3.6,5.0,"Excelente profesor, muy claro.",Mejora,POS,POS,4.433333333333334
Docente_12,Programación Orientada a Objetos,2022-1,18,3.9,4.2,3.5,La clase es muy aburrida y monótona.,Estable,NEG,NEG,3.8666666666666667
Docente_40,Inteligencia Artificial,2022-1,37,4.5,4.9,4.9,"El profesor es normal, ni muy bueno ni muy malo.",Mejora,NEU,NEU,4.766666666666667
Docente_32,Programación Orientada a Objetos,2022-2,15,4.4,4.7,3.9,Se nota que sabe mucho de la materia.,Mejora,NEU,NEU,4.333333333333334
Docente_4,Estructuras de Datos,2020-1,20,3.4,3.9,3.0,La clase es muy dinámica y entretenida.,Estable,POS,POS,3.4333333333333336
Docente_19,Bases de Datos,2021-1,37,3.5,4.0,3.8,La clase es muy aburrida y monótona.,Estable,NEG,NEG,3.766666666666667
Docente_47,Matemáticas Básicas,2021-2,17,4.4,3.3,3.9,Resuelve las dudas con mucha paciencia.,Estable,NEU,NEU,3.8666666666666667
Docente_1,Inteligencia Artificial,2021-2,25,4.9,3.9,4.2,Me inspiró a seguir aprendiendo sobre este tema.,Mejora,POS,POS,4.333333333333333
Docente_20,Ética Profesional,2023-2,26,2.3,2.1,3.0,La clase estuvo bien.,En riesgo,POS,NEU,2.466666666666667
Docente_45,Ética Profesional,2020-1,25,4.7,4.3,5.0,"Excelente profesor, muy claro.",Mejora,POS,POS,4.666666666666667
Docente_49,Programación Orientada a Objetos,2020-1,23,2.9,2.0,2.7,"Asistencia puntual, pero falta dinamismo.",En riesgo,NEG,NEG,2.5333333333333337
Docente_26,Matemáticas Básicas,2023-2,20,4.3,4.8,4.5,La clase es muy dinámica y entretenida.,Mejora,POS,POS,4.533333333333333
Docente_17,Ética Profesional,2023-1,41,3.6,4.0,4.1,Explica muy bien los temas.,Estable,POS,POS,3.9
Docente_8,Ética Profesional,2021-2,27,4.0,3.9,4.4,"Asistencia puntual, pero falta dinamismo.",Mejora,NEG,NEG,4.1000000000000005
Docente_29,Programación Orientada a Objetos,2020-1,21,4.2,3.9,3.8,La clase estuvo bien.,Mejora,POS,NEU,3.9666666666666663
Docente_48,Ética Profesional,2020-2,31,3.6,4.1,3.1,Me inspiró a seguir aprendiendo sobre este tema.,Estable,POS,POS,3.5999999999999996
Docente_31,Inteligencia Artificial,2022-1,44,3.8,4.9,4.9,Los talleres son muy útiles para aprender.,Mejora,POS,POS,4.533333333333333
Docente_11,Ingeniería de Software,2020-1,38,4.1,4.5,4.0,Cumple con el programa.,Mejora,NEU,NEU,4.2
Docente_34,Matemáticas Básicas,2022-1,30,2.7,2.2,3.2,Los temas son difíciles pero se entienden.,En riesgo,NEU,NEU,2.7000000000000006
Docente_20,Programación Orientada a Objetos,2022-2,43,3.9,4.3,3.6,"Excelente profesor, muy claro.",Estable,POS,POS,3.933333333333333
Docente_43,Programación Orientada a Objetos,2020-2,22,1.7,3.5,3.2,Los temas son difíciles pero se entienden.,En riesgo,NEU,NEU,2.8000000000000003
Docente_28,Bases de Datos,2020-1,20,2.6,2.0,2.9,"Asistencia puntual, pero falta dinamismo.",En riesgo,NEG,NEG,2.5
Docente_18,Estructuras de Datos,2020-2,27,4.2,4.1,3.5,La clase estuvo bien.,Estable,POS,NEU,3.9333333333333336
Docente_1,Matemáticas Básicas,2023-2,37,3.8,3.5,3.5,Falta mucha pedagogía.,Estable,NEG,NEG,3.6
Docente_10,Bases de Datos,2020-2,22,4.0,5.0,3.3,Se nota que sabe mucho de la materia.,Mejora,NEU,NEU,4.1000000000000005
Docente_32,Matemáticas Básicas,2022-2,44,4.3,4.1,3.6,"Excelente profesor, muy claro.",Estable,POS,POS,3.9999999999999996
Docente_4,Bases de Datos,2021-1,37,2.3,2.6,3.1,Cumple con el programa.,En riesgo,NEU,NEU,2.6666666666666665
Docente_7,Programación Orientada a Objetos,2023-2,22,2.3,2.2,1.6,Los parciales no tienen nada que ver con lo visto en clase.,En riesgo,NEU,NEG,2.033333333333333
Docente_36,Ética Profesional,2022-2,40,3.4,2.7,2.0,La clase estuvo bien.,En riesgo,POS,NEU,2.6999999999999997
Docente_47,Programación Orientada a Objetos,2020-1,37,3.2,4.3,4.3,"Asistencia puntual, pero falta dinamismo.",Estable,NEG,NEG,3.9333333333333336
Docente_23,Ingeniería de Software,2021-1,23,4.3,4.7,5.0,Explica muy bien los temas.,Mejora,POS,POS,4.666666666666667
Docente_32,Ingeniería de Software,2023-2,32,3.3,4.2,4.3,"El profesor es normal, ni muy bueno ni muy malo.",Estable,NEU,NEU,3.9333333333333336
Docente_35,Ingeniería de Software,2023-2,21,3.9,3.9,4.1,Los parciales no tienen nada que ver con lo visto en clase.,Estable,NEU,NEG,3.9666666666666663
Docente_12,Estructuras de Datos,2022-2,25,4.8,4.5,4.8,Se podría mejorar un poco el material de estudio.,Mejora,NEU,NEG,4.7
Docente_30,Bases de Datos,2021-1,17,2.2,2.1,2.3,Cumple con el programa.,En riesgo,NEU,NEU,2.2
Docente_10,Inteligencia Artificial,2022-1,41,4.3,3.6,3.4,Cumple con el programa.,Estable,NEU,NEU,3.766666666666667
Docente_35,Bases de Datos,2023-2,15,2.4,3.4,2.8,No resuelve las dudas de los estudiantes.,Estable,NEG,NEG,2.8666666666666667
Docente_25,Ingeniería de Software,2021-1,43,4.0,2.8,3.5,Explica muy bien los temas.,Estable,POS,POS,3.4333333333333336
Docente_40,Ética Profesional,2022-2,39,4.4,3.3,4.2,Falta mucha pedagogía.,Estable,NEG,NEG,3.966666666666667
Docente_16,Bases de Datos,2020-2,36,4.6,4.7,5.0,Cumple con el programa.,Mejora,NEU,NEU,4.766666666666667
Docente_25,Programación Orientada a Objetos,2023-2,39,5.0,4.7,5.0,Cumple con el programa.,Mejora,NEU,NEU,4.8999999999999995
Docente_10,Estructuras de Datos,2022-1,25,3.5,3.8,3.4,"No explica bien, me siento perdido.",Estable,NEG,NEG,3.5666666666666664
Docente_42,Bases de Datos,2020-2,18,3.3,4.9,5.0,Cumple con el programa.,Mejora,NEU,NEU,4.3999999999999995
Docente_43,Matemáticas Básicas,2020-1,41,4.1,4.8,4.3,Se nota que sabe mucho de la materia.,Mejora,NEU,NEU,4.3999999999999995
Docente_12,Ética Profesional,2020-1,21,3.8,4.9,3.8,"Excelente profesor, muy claro.",Mejora,POS,POS,4.166666666666667
Docente_32,Programación Orientada a Objetos,2020-2,16,3.6,4.5,3.7,Los parciales no tienen nada que ver con lo visto en clase.,Estable,NEU,NEG,3.9333333333333336
Docente_42,Ética Profesional,2023-1,36,2.3,3.7,2.8,La clase estuvo bien.,En riesgo,POS,NEU,2.9333333333333336
Docente_34,Estructuras de Datos,2022-1,16,4.2,4.6,4.8,Los talleres son muy útiles para aprender.,Mejora,POS,POS,4.533333333333334
Docente_15,Estructuras de Datos,2020-2,15,2.6,1.1,3.6,No resuelve las dudas de los estudiantes.,En riesgo,NEG,NEG,2.4333333333333336
Docente_42,Inteligencia Artificial,2020-2,29,2.2,2.7,1.4,"Asistencia puntual, pero falta dinamismo.",En riesgo,NEG,NEG,2.1
Docente_41,Matemáticas Básicas,2022-2,32,3.7,5.0,3.2,"No explica bien, me siento perdido.",Estable,NEG,NEG,3.9666666666666663
Docente_24,Ética Profesional,2020-1,41,3.8,3.3,4.0,Falta mucha pedagogía.,Estable,NEG,NEG,3.6999999999999997
Docente_18,Estructuras de Datos,2020-1,38,4.3,4.3,4.1,Se nota que sabe mucho de la materia.,Estable,NEU,NEU,4.233333333333333
Docente_20,Matemáticas Básicas,2021-2,45,2.7,3.2,2.1,Cumple con el programa.,En riesgo,NEU,NEU,2.6666666666666665
Docente_7,Matemáticas Básicas,2021-2,32,4.5,5.0,4.1,Me inspiró a seguir aprendiendo sobre este tema.,Mejora,POS,POS,4.533333333333333
Docente_13,Programación Orientada a Objetos,2021-2,33,3.4,4.4,3.4,Los talleres son muy útiles para aprender.,Estable,POS,POS,3.733333333333334
Docente_36,Ingeniería de Software,2023-1,38,3.9,4.3,4.3,La clase es muy dinámica y entretenida.,Estable,POS,POS,4.166666666666667
Docente_50,Ingeniería de Software,2022-2,36,2.5,1.3,2.0,La clase estuvo bien.,En riesgo,POS,NEU,1.9333333333333333
Docente_45,Ingeniería de Software,2023-1,43,1.2,3.1,2.6,La clase es muy aburrida y monótona.,En riesgo,NEG,NEG,2.3000000000000003
Docente_11,Ética Profesional,2021-1,32,4.3,4.9,4.5,Me inspiró a seguir aprendiendo sobre este tema.,Mejora,POS,POS,4.566666666666666
Docente_33,Bases de Datos,2021-1,32,1.1,2.5,2.1,"El profesor es normal, ni muy bueno ni muy malo.",En riesgo,NEU,NEU,1.9000000000000001
Docente_29,Bases de Datos,2022-2,32,1.6,2.3,1.3,Los parciales no tienen nada que ver con lo visto en clase.,En riesgo,NEU,NEG,1.7333333333333334
Docente_24,Inteligencia Artificial,2023-1,41,1.6,2.6,3.4,Se podría mejorar un poco el material de estudio.,En riesgo,NEU,NEG,2.533333333333333
Docente_21,Estructuras de Datos,2021-2,33,2.0,2.6,2.1,Cumple con el programa.,En riesgo,NEU,NEU,2.233333333333333
Docente_14,Inteligencia Artificial,2022-1,26,3.7,4.8,3.6,La clase estuvo bien.,Mejora,POS,NEU,4.033333333333333
Docente_29,Inteligencia Artificial,2020-1,38,4.6,3.9,4.7,"Excelente profesor, muy claro.",Estable,POS,POS,4.3999999999999995
Docente_19,Estructuras de Datos,2020-1,31,5.0,4.6,3.9,Se nota que sabe mucho de la materia.,Mejora,NEU,NEU,4.5
Docente_20,Matemáticas Básicas,2022-1,22,4.5,4.4,4.6,La clase es muy dinámica y entretenida.,Mejora,POS,POS,4.5
Docente_21,Matemáticas Básicas,2022-1,44,3.8,3.9,3.4,Llega tarde a las clases frecuentemente.,Estable,NEG,NEG,3.6999999999999997
Docente_33,Estructuras de Datos,2021-1,18,2.9,2.4,2.7,"No explica bien, me siento perdido.",En riesgo,NEG,NEG,2.6666666666666665
Docente_30,Bases de Datos,2021-1,19,3.2,3.8,3.6,Cumple con el programa.,Estable,NEU,NEU,3.533333333333333
Docente_24,Estructuras de Datos,2021-2,22,4.7,4.7,4.8,Resuelve las dudas con mucha paciencia.,Mejora,NEU,NEU,4.733333333333333
Docente_20,Matemáticas Básicas,2023-1,33,4.2,4.3,4.4,La clase es muy dinámica y entretenida.,Mejora,POS,POS,4.3
Docente_47,Matemáticas Básicas,2022-2,40,3.0,3.4,2.7,La clase estuvo bien.,En riesgo,POS,NEU,3.0333333333333337
Docente_12,Inteligencia Artificial,2020-2,34,3.2,2.9,2.5,Los temas son difíciles pero se entienden.,En riesgo,NEU,NEU,2.8666666666666667
Docente_20,Matemáticas Básicas,2023-1,17,3.8,3.4,3.9,"Excelente profesor, muy claro.",Estable,POS,POS,3.6999999999999997
Docente_50,Bases de Datos,2022-2,43,3.3,3.9,3.1,"No explica bien, me siento perdido.",Estable,NEG,NEG,3.433333333333333
Docente_27,Ética Profesional,2020-2,42,1.6,1.3,2.8,"Asistencia puntual, pero falta dinamismo.",En riesgo,NEG,NEG,1.9000000000000001
Docente_15,Ingeniería de Software,2020-1,35,5.0,4.0,4.2,"Asistencia puntual, pero falta dinamismo.",Mejora,NEG,NEG,4.3999999999999995
Docente_41,Inteligencia Artificial,2020-1,24,2.3,1.9,2.0,Cumple con el programa.,En riesgo,NEU,NEU,2.0666666666666664
Docente_3,Bases de Datos,2021-1,25,4.8,4.5,4.4,Cumple con el programa.,Mejora,NEU,NEU,4.566666666666667
Docente_45,Programación Orientada a Objetos,2021-1,16,4.8,4.9,4.2,Los temas son difíciles pero se entienden.,Mejora,NEU,NEU,4.633333333333333
Docente_47,Inteligencia Artificial,2023-2,39,3.9,4.1,4.0,Falta mucha pedagogía.,Estable,NEG,NEG,4.0
Docente_37,Estructuras de Datos,2020-2,22,4.1,3.7,3.6,"No explica bien, me siento perdido.",Estable,NEG,NEG,3.8000000000000003
Docente_19,Ética Profesional,2023-1,19,4.2,4.4,4.7,Se nota que sabe mucho de la materia.,Mejora,NEU,NEU,4.433333333333334
Docente_22,Matemáticas Básicas,2023-2,33,4.3,5.0,4.5,Se podría mejorar un poco el material de estudio.,Mejora,NEU,NEG,4.6000000000000005
Docente_4,Estructuras de Datos,2023-1,23,3.3,2.5,2.3,La clase es muy aburrida y monótona.,En riesgo,NEG,NEG,2.6999999999999997
Docente_26,Estructuras de Datos,2023-1,39,3.7,4.4,3.2,Resuelve las dudas con mucha paciencia.,Estable,NEU,NEU,3.766666666666667
Docente_49,Programación Orientada a Objetos,2023-2,32,2.8,2.0,2.4,No resuelve las dudas de los estudiantes.,En riesgo,NEG,NEG,2.4
Docente_32,Inteligencia Artificial,2021-2,32,3.2,3.9,2.8,Falta mucha pedagogía.,Estable,NEG,NEG,3.2999999999999994
Docente_48,Estructuras de Datos,2021-2,22,3.5,3.9,3.8,Se nota que sabe mucho de la materia.,Estable,NEU,NEU,3.733333333333333
Docente_18,Ética Profesional,2023-1,25,3.4,4.6,3.3,Los parciales no tienen nada que ver con lo visto en clase.,Estable,NEU,NEG,3.766666666666667
Docente_6,Matemáticas Básicas,2023-1,28,3.5,3.7,3.3,Se podría mejorar un poco el material de estudio.,Estable,NEU,NEG,3.5
Docente_23,Programación Orientada a Objetos,2022-2,26,2.8,4.4,4.6,Falta mucha pedagogía.,Estable,NEG,NEG,3.9333333333333336
Docente_42,Matemáticas Básicas,2022-1,20,3.5,4.7,4.2,Los talleres son muy útiles para aprender.,Mejora,POS,POS,4.133333333333333
Docente_40,Ética Profesional,2023-2,34,1.9,1.6,3.0,Califica de forma injusta.,En riesgo,NEG,NEG,2.1666666666666665
Docente_29,Matemáticas Básicas,2021-2,21,2.6,2.3,2.5,Los temas son difíciles pero se entienden.,En riesgo,NEU,NEU,2.466666666666667
Docente_24,Programación Orientada a Objetos,2020-2,18,3.4,2.7,3.7,"Excelente profesor, muy claro.",Estable,POS,POS,3.266666666666667
Docente_16,Estructuras de Datos,2021-1,42,4.5,4.4,3.6,"El profesor es normal, ni muy bueno ni muy malo.",Estable,NEU,NEU,4.166666666666667
Docente_1,Bases de Datos,2020-2,24,3.5,3.7,3.9,La clase es muy aburrida y monótona.,Estable,NEG,NEG,3.6999999999999997
Docente_31,Matemáticas Básicas,2022-2,21,3.7,5.0,4.2,Llega tarde a las clases frecuentemente.,Estable,NEG,NEG,4.3
Docente_14,Programación Orientada a Objetos,2022-1,32,3.9,4.6,4.2,Califica de forma injusta.,Estable,NEG,NEG,4.233333333333333
Docente_40,Ingeniería de Software,2021-1,37,3.8,4.1,4.1,Explica muy bien los temas.,Estable,POS,POS,4.0
Docente_25,Estructuras de Datos,2020-1,23,4.1,4.9,4.4,Se nota que sabe mucho de la materia.,Mejora,NEU,NEU,4.466666666666667
Docente_4,Bases de Datos,2021-2,40,2.6,3.8,3.3,Falta mucha pedagogía.,Estable,NEG,NEG,3.233333333333333
Docente_18,Matemáticas Básicas,2023-2,35,4.5,4.0,4.0,Explica muy bien los temas.,Estable,POS,POS,4.166666666666667
Docente_5,Inteligencia Artificial,2022-1,36,3.6,4.8,4.1,Se podría mejorar un poco el material de estudio.,Estable,NEU,NEG,4.166666666666667
Docente_7,Matemáticas Básicas,2022-1,42,4.0,3.5,4.9,"Asistencia puntual, pero falta dinamismo.",Estable,NEG,NEG,4.133333333333334
Docente_15,Inteligencia Artificial,2020-2,43,4.0,4.0,4.2,Los temas son difíciles pero se entienden.,Estable,NEU,NEU,4.066666666666666
Docente_32,Ética Profesional,2020-2,20,5.0,4.5,4.4,La clase es muy dinámica y entretenida.,Mejora,POS,POS,4.633333333333334
Docente_33,Inteligencia Artificial,2020-1,16,3.5,2.2,1.5,No resuelve las dudas de los estudiantes.,En riesgo,NEG,NEG,2.4
Docente_34,Bases de Datos,2022-2,30,2.7,3.1,2.2,Falta mucha pedagogía.,En riesgo,NEG,NEG,2.6666666666666665
Docente_48,Programación Orientada a Objetos,2020-1,26,4.9,4.4,3.7,Los temas son difíciles pero se entienden.,Mejora,NEU,NEU,4.333333333333333
Docente_23,Bases de Datos,2022-1,22,4.1,4.4,4.7,Cumple con el programa.,Mejora,NEU,NEU,4.3999999999999995
Docente_18,Ética Profesional,2020-1,35,2.9,4.5,3.4,Cumple con el programa.,Estable,NEU,NEU,3.6
Docente_25,Ética Profesional,2020-1,45,2.0,3.4,2.0,Cumple con el programa.,En riesgo,NEU,NEU,2.466666666666667
Docente_18,Programación Orientada a Objetos,2021-1,25,4.7,5.0,4.1,Me inspiró a seguir aprendiendo sobre este tema.,Mejora,POS,POS,4.6
Docente_43,Programación Orientada a Objetos,2020-2,38,4.7,5.0,4.6,Me inspiró a seguir aprendiendo sobre este tema.,Mejora,POS,POS,4.766666666666667
Docente_34,Ingeniería de Software,2021-2,28,3.0,3.3,4.1,La clase estuvo bien.,Estable,POS,NEU,3.4666666666666663
Docente_37,Programación Orientada a Objetos,2023-1,24,3.3,1.8,2.8,"El profesor es normal, ni muy bueno ni muy malo.",En riesgo,NEU,NEU,2.6333333333333333
Docente_22,Inteligencia Artificial,2021-1,21,3.5,4.3,4.7,Los temas son difíciles pero se entienden.,Mejora,NEU,NEU,4.166666666666667
Docente_9,Estructuras de Datos,2021-2,42,3.9,4.6,4.2,Resuelve las dudas con mucha paciencia.,Estable,NEU,NEU,4.233333333333333
Docente_20,Ingeniería de Software,2021-1,28,4.4,3.6,4.3,Resuelve las dudas con mucha paciencia.,Estable,NEU,NEU,4.1000000000000005
Docente_42,Estructuras de Datos,2021-1,25,3.5,4.6,3.6,Se nota que sabe mucho de la materia.,Estable,NEU,NEU,3.9
Docente_36,Estructuras de Datos,2020-2,20,1.2,2.7,2.9,Los parciales no tienen nada que ver con lo visto en clase.,En riesgo,NEU,NEG,2.266666666666667
Docente_10,Ingeniería de Software,2020-1,39,4.2,3.4,3.9,Los temas son difíciles pero se entienden.,Estable,NEU,NEU,3.8333333333333335
Docente_27,Inteligencia Artificial,2022-1,29,3.9,3.8,3.4,Cumple con el programa.,Estable,NEU,NEU,3.6999999999999997
Docente_10,Ética Profesional,2021-2,18,5.0,4.3,5.0,Se nota que sabe mucho de la materia.,Mejora,NEU,NEU,4.766666666666667
Docente_12,Matemáticas Básicas,2022-1,34,3.8,4.3,4.3,"El profesor es normal, ni muy bueno ni muy malo.",Mejora,NEU,NEU,4.133333333333333
Docente_40,Programación Orientada a Objetos,2021-2,22,2.4,3.6,1.8,Los temas son difíciles pero se entienden.,En riesgo,NEU,NEU,2.6
Docente_2,Bases de Datos,2020-2,37,3.6,4.4,3.9,Califica de forma injusta.,Estable,NEG,NEG,3.966666666666667
Docente_9,Estructuras de Datos,2023-2,37,3.0,3.6,2.9,Se podría mejorar un poco el material de estudio.,Estable,NEU,NEG,3.1666666666666665
Docente_12,Ética Profesional,2023-1,30,4.8,4.7,5.0,La clase estuvo bien.,Mejora,POS,NEU,4.833333333333333
Docente_9,Programación Orientada a Objetos,2021-2,22,1.8,1.9,2.2,"No explica bien, me siento perdido.",En riesgo,NEG,NEG,1.9666666666666668
Docente_27,Ética Profesional,2020-1,44,4.3,4.5,4.8,Resuelve las dudas con mucha paciencia.,Mejora,NEU,NEU,4.533333333333334
Docente_27,Programación Orientada a Objetos,2021-2,39,4.7,5.0,4.3,La clase es muy dinámica y entretenida.,Mejora,POS,POS,4.666666666666667
Docente_5,Programación Orientada a Objetos,2023-2,42,3.9,4.5,5.0,"El profesor es normal, ni muy bueno ni muy malo.",Mejora,NEU,NEU,4.466666666666667
Docente_32,Ingeniería de Software,2022-2,42,2.4,2.3,2.8,La clase estuvo bien.,En riesgo,POS,NEU,2.4999999999999996
Docente_16,Inteligencia Artificial,2023-1,39,2.0,4.2,4.0,"Excelente profesor, muy claro.",Estable,POS,POS,3.4
Docente_39,Ingeniería de Software,2023-1,38,2.8,2.8,3.2,Los parciales no tienen nada que ver con lo visto en clase.,En riesgo,NEU,NEG,2.9333333333333336
Docente_26,Estructuras de Datos,2020-1,31,3.9,3.1,3.3,La clase es muy dinámica y entretenida.,Estable,POS,POS,3.4333333333333336
Docente_29,Inteligencia Artificial,2020-1,43,3.5,3.8,3.5,La clase estuvo bien.,Estable,POS,NEU,3.6
Docente_34,Estructuras de Datos,2023-1,38,4.5,4.5,3.7,Explica muy bien los temas.,Mejora,POS,POS,4.233333333333333
Docente_36,Inteligencia Artificial,2020-1,21,4.1,4.3,2.9,"El profesor es normal, ni muy bueno ni muy malo.",Estable,NEU,NEU,3.766666666666666
Docente_29,Inteligencia Artificial,2022-1,39,3.4,3.4,3.8,"El profesor es normal, ni muy bueno ni muy malo.",Estable,NEU,NEU,3.533333333333333
Docente_30,Programación Orientada a Objetos,2023-1,24,4.4,5.0,4.6,"El profesor es normal, ni muy bueno ni muy malo.",Mejora,NEU,NEU,4.666666666666667
Docente_4,Ingeniería de Software,2021-1,29,2.5,3.0,2.1,Los temas son difíciles pero se entienden.,En riesgo,NEU,NEU,2.533333333333333
Docente_29,Matemáticas Básicas,2020-2,20,4.8,4.2,4.7,"Asistencia puntual, pero falta dinamismo.",Mejora,NEG,NEG,4.566666666666666
Docente_38,Ingeniería de Software,2021-1,27,4.4,4.9,4.4,Me inspiró a seguir aprendiendo sobre este tema.,Mejora,POS,POS,4.566666666666667
Docente_21,Inteligencia Artificial,2020-1,20,2.2,1.9,1.8,La clase estuvo bien.,En riesgo,POS,NEU,1.9666666666666666
Docente_38,Ingeniería de Software,2021-2,43,2.8,1.7,1.1,La clase estuvo bien.,En riesgo,POS,NEU,1.8666666666666665
Docente_6,Bases de Datos,2022-2,37,4.3,3.2,4.0,Los talleres son muy útiles para aprender.,Estable,POS,POS,3.8333333333333335
Docente_46,Ingeniería de Software,2020-2,17,3.7,3.0,4.0,La clase es muy dinámica y entretenida.,Estable,POS,POS,3.5666666666666664
Docente_46,Inteligencia Artificial,2022-2,17,4.0,3.3,3.8,No resuelve las dudas de los estudiantes.,Estable,NEG,NEG,3.6999999999999997
Docente_46,Inteligencia Artificial,2021-1,27,4.8,4.0,5.0,Cumple con el programa.,Mejora,NEU,NEU,4.6000000000000005
Docente_25,Matemáticas Básicas,2021-1,44,1.6,2.4,2.8,Los parciales no tienen nada que ver con lo visto en clase.,En riesgo,NEU,NEG,2.2666666666666666
Docente_37,Ética Profesional,2021-1,20,4.2,4.3,4.7,Se nota que sabe mucho de la materia.,Mejora,NEU,NEU,4.3999999999999995
Docente_12,Ética Profesional,2020-1,28,4.1,3.9,3.3,"El profesor es normal, ni muy bueno ni muy malo.",Estable,NEU,NEU,3.766666666666667
Docente_20,Ingeniería de Software,2023-2,24,3.6,4.4,3.8,Los talleres son muy útiles para aprender.,Estable,POS,POS,3.9333333333333336
Docente_8,Programación Orientada a Objetos,2021-2,15,2.4,1.0,1.5,"El profesor es normal, ni muy bueno ni muy malo.",En riesgo,NEU,NEU,1.6333333333333335
Docente_49,Bases de Datos,2020-1,29,4.3,4.6,4.2,La clase estuvo bien.,Mejora,POS,NEU,4.366666666666666
Docente_32,Estructuras de Datos,2020-1,34,4.7,4.7,3.1,La clase estuvo bien.,Mejora,POS,NEU,4.166666666666667
Docente_16,Programación Orientada a Objetos,2023-2,29,2.1,2.2,2.0,Falta mucha pedagogía.,En riesgo,NEG,NEG,2.1
Docente_29,Matemáticas Básicas,2020-1,22,4.3,4.1,4.5,Cumple con el programa.,Mejora,NEU,NEU,4.3
Docente_18,Estructuras de Datos,2021-2,16,4.2,4.1,3.1,Los talleres son muy útiles para aprender.,Estable,POS,POS,3.8000000000000003
Docente_10,Matemáticas Básicas,2022-2,16,3.7,3.7,4.5,Resuelve las dudas con mucha paciencia.,Estable,NEU,NEU,3.966666666666667
Docente_3,Ingeniería de Software,2022-1,25,4.3,3.6,3.7,Se nota que sabe mucho de la materia.,Estable,NEU,NEU,3.866666666666667
Docente_4,Matemáticas Básicas,2023-1,20,2.8,3.8,3.8,Los talleres son muy útiles para aprender.,Estable,POS,POS,3.4666666666666663
Docente_44,Bases de Datos,2021-1,45,4.6,4.0,3.9,La clase es muy aburrida y monótona.,Estable,NEG,NEG,4.166666666666667
Docente_48,Estructuras de Datos,2022-2,44,3.8,3.6,3.5,"Excelente profesor, muy claro.",Estable,POS,POS,3.6333333333333333
Docente_6,Ética Profesional,2022-1,25,4.7,4.5,5.0,Los talleres son muy útiles para aprender.,Mejora,POS,POS,4.733333333333333
Docente_25,Ética Profesional,2020-2,39,4.1,2.8,4.4,"No explica bien, me siento perdido.",Estable,NEG,NEG,3.766666666666667
Docente_36,Matemáticas Básicas,2022-1,30,3.2,1.0,2.8,Califica de forma injusta.,En riesgo,NEG,NEG,2.3333333333333335
Docente_8,Ingeniería de Software,2022-1,25,1.5,3.3,3.2,Cumple con el programa.,En riesgo,NEU,NEU,2.6666666666666665
Docente_27,Estructuras de Datos,2021-2,37,3.2,4.1,3.2,Me inspiró a seguir aprendiendo sobre este tema.,Estable,POS,POS,3.5
Docente_40,Matemáticas Básicas,2020-2,33,5.0,3.7,5.0,Se podría mejorar un poco el material de estudio.,Mejora,NEU,NEG,4.566666666666666
Docente_41,Estructuras de Datos,2020-2,30,2.2,2.7,1.6,Se podría mejorar un poco el material de estudio.,En riesgo,NEU,NEG,2.1666666666666665
Docente_45,Estructuras de Datos,2022-1,28,2.7,2.8,2.0,"El profesor es normal, ni muy bueno ni muy malo.",En riesgo,NEU,NEU,2.5
Docente_21,Bases de Datos,2022-2,44,2.9,3.8,3.7,Resuelve las dudas con mucha paciencia.,Estable,NEU,NEU,3.4666666666666663
Docente_40,Estructuras de Datos,2023-2,31,3.8,3.2,2.2,Se podría mejorar un poco el material de estudio.,En riesgo,NEU,NEG,3.0666666666666664
Docente_41,Inteligencia Artificial,2023-2,40,4.1,4.2,4.1,Los talleres son muy útiles para aprender.,Estable,POS,POS,4.133333333333334
Docente_40,Programación Orientada a Objetos,2022-1,21,4.1,2.8,3.5,Explica muy bien los temas.,Estable,POS,POS,3.4666666666666663
Docente_8,Matemáticas Básicas,2023-2,35,2.0,2.0,2.0,"Asistencia puntual, pero falta dinamismo.",En riesgo,NEG,NEG,2.0
Docente_8,Ingeniería de Software,2021-2,40,3.6,4.2,3.7,Falta mucha pedagogía.,Estable,NEG,NEG,3.8333333333333335
Docente_27,Inteligencia Artificial,2020-1,25,3.5,4.6,3.9,Se podría mejorar un poco el material de estudio.,Estable,NEU,NEG,4.0
Docente_36,Ética Profesional,2021-2,15,2.8,3.5,2.1,Los temas son difíciles pero se entienden.,En riesgo,NEU,NEU,2.8000000000000003
Docente_13,Ingeniería de Software,2022-1,23,2.5,1.9,2.2,"Asistencia puntual, pero falta dinamismo.",En riesgo,NEG,NEG,2.2
Docente_5,Bases de Datos,2022-1,31,4.1,3.1,3.1,Llega tarde a las clases frecuentemente.,Estable,NEG,NEG,3.433333333333333
Docente_21,Ética Profesional,2020-1,18,4.0,2.3,1.4,Los temas son difíciles pero se entienden.,En riesgo,NEU,NEU,2.5666666666666664
Docente_22,Bases de Datos,2023-1,38,4.4,4.2,4.6,Los parciales no tienen nada que ver con lo visto en clase.,Estable,NEU,NEG,4.4
Docente_40,Matemáticas Básicas,2021-1,21,3.9,4.5,4.7,Los talleres son muy útiles para aprender.,Mejora,POS,POS,4.366666666666667
Docente_22,Ingeniería de Software,2023-2,44,4.3,3.9,4.2,Califica de forma injusta.,Estable,NEG,NEG,4.133333333333333
Docente_3,Ingeniería de Software,2021-1,30,3.8,3.4,3.8,Resuelve las dudas con mucha paciencia.,Estable,NEU,NEU,3.6666666666666665
Docente_41,Inteligencia Artificial,2022-2,29,2.8,2.4,3.6,"Asistencia puntual, pero falta dinamismo.",En riesgo,NEG,NEG,2.933333333333333
Docente_27,Ingeniería de Software,2020-1,41,3.9,4.0,3.3,No resuelve las dudas de los estudiantes.,Estable,NEG,NEG,3.733333333333333
Docente_20,Estructuras de Datos,2022-2,32,3.9,4.6,4.2,Cumple con el programa.,Mejora,NEU,NEU,4.233333333333333
Docente_2,Programación Orientada a Objetos,2022-2,40,3.2,3.6,3.9,Se podría mejorar un poco el material de estudio.,Estable,NEU,NEG,3.566666666666667
Docente_5,Programación Orientada a Objetos,2022-1,41,3.9,3.3,4.2,Explica muy bien los temas.,Estable,POS,POS,3.7999999999999994
Docente_22,Inteligencia Artificial,2021-1,33,4.8,4.5,3.4,Falta mucha pedagogía.,Estable,NEG,NEG,4.233333333333333
Docente_25,Programación Orientada a Objetos,2020-2,42,4.9,3.8,3.0,"El profesor es normal, ni muy bueno ni muy malo.",Estable,NEU,NEU,3.9
Docente_46,Ética Profesional,2022-2,37,5.0,4.3,4.6,Explica muy bien los temas.,Mejora,POS,POS,4.633333333333334
Docente_18,Inteligencia Artificial,2020-2,30,4.4,4.1,3.1,La clase estuvo bien.,Estable,POS,NEU,3.8666666666666667
Docente_24,Inteligencia Artificial,2022-1,21,4.8,4.5,4.9,Cumple con el programa.,Mejora,NEU,NEU,4.733333333333333
Docente_20,Programación Orientada a Objetos,2020-2,26,3.7,4.3,3.8,"Excelente profesor, muy claro.",Estable,POS,POS,3.9333333333333336
Docente_50,Programación Orientada a Objetos,2020-2,29,1.5,3.1,3.5,Cumple con el programa.,En riesgo,NEU,NEU,2.6999999999999997
Docente_2,Ética Profesional,2023-2,43,2.6,1.9,2.3,Cumple con el programa.,En riesgo,NEU,NEU,2.2666666666666666
Docente_10,Programación Orientada a Objetos,2022-2,44,4.3,3.8,3.6,Califica de forma injusta.,Estable,NEG,NEG,3.9
Docente_47,Ética Profesional,2022-1,39,3.8,4.0,4.8,Los temas son difíciles pero se entienden.,Estable,NEU,NEU,4.2
Docente_10,Ética Profesional,2020-2,41,4.3,5.0,4.4,Cumple con el programa.,Mejora,NEU,NEU,4.566666666666667
Docente_44,Programación Orientada a Objetos,2021-2,38,3.5,3.4,2.6,"No explica bien, me siento perdido.",En riesgo,NEG,NEG,3.1666666666666665
Docente_30,Inteligencia Artificial,2020-2,15,4.3,4.7,4.5,Resuelve las dudas con mucha paciencia.,Mejora,NEU,NEU,4.5
Docente_3,Ingeniería de Software,2020-2,25,3.7,3.2,4.5,La clase es muy aburrida y monótona.,Estable,NEG,NEG,3.8000000000000003
Docente_3,Matemáticas Básicas,2022-1,15,4.8,4.9,4.1,"El profesor es normal, ni muy bueno ni muy malo.",Mejora,NEU,NEU,4.6
Docente_49,Bases de Datos,2021-2,25,2.8,3.7,4.6,Me inspiró a seguir aprendiendo sobre este tema.,Estable,POS,POS,3.6999999999999997
Docente_13,Bases de Datos,2022-1,32,4.1,4.6,4.3,Los temas son difíciles pero se entienden.,Estable,NEU,NEU,4.333333333333333
Docente_50,Inteligencia Artificial,2020-2,23,3.0,3.8,3.7,Resuelve las dudas con mucha paciencia.,Estable,NEU,NEU,3.5
Docente_11,Bases de Datos,2020-2,15,1.4,3.6,2.0,"El profesor es normal, ni muy bueno ni muy malo.",En riesgo,NEU,NEU,2.3333333333333335
Docente_36,Estructuras de Datos,2020-2,21,4.6,4.6,4.0,Cumple con el programa.,Mejora,NEU,NEU,4.3999999999999995
Docente_23,Estructuras de Datos,2022-2,23,4.1,3.7,3.1,Resuelve las dudas con mucha paciencia.,Estable,NEU,NEU,3.6333333333333333
Docente_46,Ética Profesional,2022-1,33,3.4,4.3,3.9,La clase estuvo bien.,Estable,POS,NEU,3.8666666666666667
Docente_11,Matemáticas Básicas,2022-1,34,4.2,5.0,3.8,Los temas son difíciles pero se entienden.,Estable,NEU,NEU,4.333333333333333
Docente_35,Inteligencia Artificial,2020-1,19,4.4,2.1,4.0,Explica muy bien los temas.,Estable,POS,POS,3.5
Docente_31,Ingeniería de Software,2020-1,18,3.6,4.1,3.6,"Asistencia puntual, pero falta dinamismo.",Estable,NEG,NEG,3.766666666666666
Docente_4,Matemáticas Básicas,2023-1,27,2.4,3.0,2.4,Califica de forma injusta.,En riesgo,NEG,NEG,2.6
Docente_46,Estructuras de Datos,2023-2,34,3.9,4.4,3.7,Los talleres son muy útiles para aprender.,Mejora,POS,POS,4.0
Docente_20,Bases de Datos,2021-2,37,3.7,4.6,3.5,Llega tarde a las clases frecuentemente.,Estable,NEG,NEG,3.9333333333333336
Docente_6,Ética Profesional,2023-2,33,3.4,4.1,3.3,Resuelve las dudas con mucha paciencia.,Estable,NEU,NEU,3.6
Docente_6,Ética Profesional,2023-2,18,3.9,4.0,3.5,La clase es muy aburrida y monótona.,Estable,NEG,NEG,3.8000000000000003
Docente_20,Ingeniería de Software,2023-2,30,3.6,3.8,4.1,La clase estuvo bien.,Estable,POS,NEU,3.8333333333333335
Docente_15,Programación Orientada a Objetos,2022-1,44,4.2,4.6,3.4,Los talleres son muy útiles para aprender.,Mejora,POS,POS,4.066666666666667
Docente_26,Programación Orientada a Objetos,2022-2,40,4.1,4.4,3.9,Los temas son difíciles pero se entienden.,Estable,NEU,NEU,4.133333333333334
Docente_30,Inteligencia Artificial,2020-1,17,4.4,3.8,2.9,Califica de forma injusta.,Estable,NEG,NEG,3.6999999999999997
Docente_8,Bases de Datos,2023-2,29,4.6,4.9,4.6,Se nota que sabe mucho de la materia.,Mejora,NEU,NEU,4.7
Docente_19,Ética Profesional,2022-2,34,4.7,4.7,4.3,"El profesor es normal, ni muy bueno ni muy malo.",Mejora,NEU,NEU,4.566666666666666
Docente_9,Estructuras de Datos,2020-2,27,2.8,3.0,1.3,Se podría mejorar un poco el material de estudio.,En riesgo,NEU,NEG,2.3666666666666667
Docente_7,Bases de Datos,2020-2,40,3.7,4.5,4.7,Resuelve las dudas con mucha paciencia.,Mejora,NEU,NEU,4.3
Docente_35,Inteligencia Artificial,2023-1,33,4.0,4.4,3.8,Me inspiró a seguir aprendiendo sobre este tema.,Mejora,POS,POS,4.066666666666666
Docente_16,Estructuras de Datos,2021-2,32,3.1,3.3,3.9,Los talleres son muy útiles para aprender.,Estable,POS,POS,3.4333333333333336
Docente_31,Inteligencia Artificial,2020-2,25,4.7,5.0,4.3,La clase es muy dinámica y entretenida.,Mejora,POS,POS,4.666666666666667
Docente_45,Estructuras de Datos,2023-1,40,3.9,3.7,4.4,"No explica bien, me siento perdido.",Estable,NEG,NEG,4.0
Docente_37,Ética Profesional,2022-2,32,5.0,4.7,3.9,Se podría mejorar un poco el material de estudio.,Mejora,NEU,NEG,4.533333333333333
Docente_16,Programación Orientada a Objetos,2020-2,38,5.0,4.7,4.5,Se podría mejorar un poco el material de estudio.,Mejora,NEU,NEG,4.733333333333333
Docente_37,Ética Profesional,2023-2,18,2.5,2.3,2.5,"El profesor es normal, ni muy bueno ni muy malo.",En riesgo,NEU,NEU,2.433333333333333
Docente_39,Inteligencia Artificial,2022-2,32,3.9,4.6,3.3,"Excelente profesor, muy claro.",Mejora,POS,POS,3.9333333333333336
Docente_29,Programación Orientada a Objetos,2022-1,45,3.7,3.8,3.3,"Asistencia puntual, pero falta dinamismo.",Estable,NEG,NEG,3.6
Docente_5,Estructuras de Datos,2020-2,36,5.0,4.3,3.4,"El profesor es normal, ni muy bueno ni muy malo.",Mejora,NEU,NEU,4.233333333333333
Docente_50,Ética Profesional,2023-1,25,3.9,4.0,3.6,Califica de forma injusta.,Estable,NEG,NEG,3.8333333333333335
Docente_42,Ingeniería de Software,2020-1,17,3.0,5.0,3.6,Me inspiró a seguir aprendiendo sobre este tema.,Estable,POS,POS,3.8666666666666667
Docente_9,Estructuras de Datos,2020-1,39,4.6,4.9,4.0,Se nota que sabe mucho de la materia.,Mejora,NEU,NEU,4.5
Docente_43,Programación Orientada a Objetos,2023-2,32,3.8,4.7,3.3,Resuelve las dudas con mucha paciencia.,Mejora,NEU,NEU,3.9333333333333336
Docente_25,Estructuras de Datos,2023-2,21,4.6,4.8,5.0,La clase es muy dinámica y entretenida.,Mejora,POS,POS,4.8
Docente_44,Bases de Datos,2022-1,33,3.6,2.0,4.1,"Asistencia puntual, pero falta dinamismo.",En riesgo,NEG,NEG,3.233333333333333
Docente_44,Bases de Datos,2023-1,37,3.3,3.9,3.1,Los talleres son muy útiles para aprender.,Mejora,POS,POS,3.433333333333333
Docente_6,Estructuras de Datos,2020-1,34,3.7,4.1,3.8,No resuelve las dudas de los estudiantes.,Estable,NEG,NEG,3.8666666666666667
Docente_26,Ética Profesional,2021-1,42,3.5,4.2,3.5,"El profesor es normal, ni muy bueno ni muy malo.",Estable,NEU,NEU,3.733333333333333
Docente_4,Bases de Datos,2020-1,15,2.8,3.1,3.5,Se podría mejorar un poco el material de estudio.,En riesgo,NEU,NEG,3.1333333333333333
Docente_36,Ética Profesional,2022-2,18,1.0,1.0,2.2,Llega tarde a las clases frecuentemente.,En riesgo,NEG,NEG,1.4000000000000001
Docente_2,Programación Orientada a Objetos,2023-1,37,3.2,4.1,3.9,Los parciales no tienen nada que ver con lo visto en clase.,Estable,NEU,NEG,3.733333333333333
Docente_26,Ingeniería de Software,2022-2,37,4.1,4.0,3.4,"Asistencia puntual, pero falta dinamismo.",Estable,NEG,NEG,3.8333333333333335
Docente_26,Inteligencia Artificial,2023-1,32,4.5,4.3,5.0,La clase es muy dinámica y entretenida.,Mejora,POS,POS,4.6000000000000005
Docente_43,Programación Orientada a Objetos,2023-2,19,3.6,4.1,4.3,La clase es muy dinámica y entretenida.,Mejora,POS,POS,4.0
Docente_36,Inteligencia Artificial,2022-2,41,3.8,3.0,2.0,Falta mucha pedagogía.,En riesgo,NEG,NEG,2.9333333333333336
Docente_10,Bases de Datos,2021-1,19,2.3,2.2,1.4,"No explica bien, me siento perdido.",En riesgo,NEG,NEG,1.9666666666666668
Docente_5,Ingeniería de Software,2020-1,19,2.9,4.0,4.0,Califica de forma injusta.,Estable,NEG,NEG,3.6333333333333333
Docente_43,Inteligencia Artificial,2021-1,17,4.8,4.7,4.2,Se nota que sabe mucho de la materia.,Mejora,NEU,NEU,4.566666666666666
Docente_42,Ética Profesional,2023-1,42,2.9,3.3,4.1,La clase es muy aburrida y monótona.,Estable,NEG,NEG,3.433333333333333
Docente_45,Estructuras de Datos,2023-1,34,1.7,2.9,1.7,Califica de forma injusta.,En riesgo,NEG,NEG,2.1
Docente_30,Estructuras de Datos,2023-1,32,3.0,3.7,3.8,La clase es muy aburrida y monótona.,Estable,NEG,NEG,3.5
Docente_25,Bases de Datos,2021-2,20,4.5,3.4,3.5,"No explica bien, me siento perdido.",Estable,NEG,NEG,3.8000000000000003
Docente_39,Matemáticas Básicas,2023-2,42,4.1,4.9,3.9,Se podría mejorar un poco el material de estudio.,Mejora,NEU,NEG,4.3
Docente_16,Ingeniería de Software,2022-1,28,4.6,2.8,3.5,Llega tarde a las clases frecuentemente.,Estable,NEG,NEG,3.633333333333333
Docente_37,Bases de Datos,2020-1,16,5.0,4.1,3.8,"El profesor es normal, ni muy bueno ni muy malo.",Mejora,NEU,NEU,4.3
Docente_31,Ingeniería de Software,2022-2,18,4.3,3.6,3.5,Los parciales no tienen nada que ver con lo visto en clase.,Estable,NEU,NEG,3.8000000000000003
Docente_31,Ingeniería de Software,2020-2,19,4.4,4.7,4.0,Se podría mejorar un poco el material de estudio.,Mejora,NEU,NEG,4.366666666666667
Docente_47,Estructuras de Datos,2022-1,29,4.0,4.3,4.5,Cumple con el programa.,Mejora,NEU,NEU,4.266666666666667
Docente_6,Estructuras de Datos,2020-2,22,3.8,5.0,4.6,La clase estuvo bien.,Mejora,POS,NEU,4.466666666666667
Docente_41,Ingeniería de Software,2020-2,36,5.0,4.3,4.6,Los temas son difíciles pero se entienden.,Mejora,NEU,NEU,4.633333333333334
Docente_35,Ética Profesional,2022-1,34,3.0,3.7,4.3,"Excelente profesor, muy claro.",Estable,POS,POS,3.6666666666666665
Docente_22,Estructuras de Datos,2020-1,30,2.7,1.6,3.4,La clase estuvo bien.,En riesgo,POS,NEU,2.566666666666667
Docente_33,Inteligencia Artificial,2022-2,28,4.4,3.9,4.8,Los talleres son muy útiles para aprender.,Mejora,POS,POS,4.366666666666667
Docente_19,Bases de Datos,2021-1,16,3.7,3.2,3.0,Falta mucha pedagogía.,Estable,NEG,NEG,3.3000000000000003
Docente_48,Bases de Datos,2022-1,16,3.3,3.7,3.0,Los temas son difíciles pero se entienden.,En riesgo,NEU,NEU,3.3333333333333335
Docente_31,Estructuras de Datos,2021-1,33,4.2,4.6,4.9,Explica muy bien los temas.,Mejora,POS,POS,4.566666666666667
Docente_43,Bases de Datos,2020-1,24,4.8,3.9,2.8,Califica de forma injusta.,Estable,NEG,NEG,3.8333333333333335
Docente_6,Programación Orientada a Objetos,2020-2,42,4.2,4.5,3.0,"Asistencia puntual, pero falta dinamismo.",Mejora,NEG,NEG,3.9
Docente_18,Bases de Datos,2021-1,34,3.4,4.8,3.9,Cumple con el programa.,Estable,NEU,NEU,4.033333333333333
Docente_18,Ética Profesional,2022-1,15,2.8,2.4,1.9,Se podría mejorar un poco el material de estudio.,En riesgo,NEU,NEG,2.3666666666666667
Docente_8,Estructuras de Datos,2021-1,44,4.3,4.0,3.6,Los parciales no tienen nada que ver con lo visto en clase.,Estable,NEU,NEG,3.966666666666667
Docente_48,Programación Orientada a Objetos,2023-2,26,4.0,4.5,3.9,Los talleres son muy útiles para aprender.,Estable,POS,POS,4.133333333333334
Docente_17,Ética Profesional,2021-2,30,4.6,4.2,4.3,Se nota que sabe mucho de la materia.,Mejora,NEU,NEU,4.366666666666667
Docente_34,Ética Profesional,2020-1,25,4.1,4.2,3.9,Se nota que sabe mucho de la materia.,Estable,NEU,NEU,4.066666666666667
Docente_10,Estructuras de Datos,2021-1,41,2.7,2.0,2.1,La clase estuvo bien.,En riesgo,POS,NEU,2.266666666666667
Docente_49,Inteligencia Artificial,2023-1,22,4.9,4.6,3.2,Los temas son difíciles pero se entienden.,Mejora,NEU,NEU,4.233333333333333
Docente_29,Ingeniería de Software,2021-1,21,3.4,4.6,4.5,Los parciales no tienen nada que ver con lo visto en clase.,Estable,NEU,NEG,4.166666666666667
Docente_47,Ética Profesional,2022-2,16,4.7,3.2,4.2,Cumple con el programa.,Estable,NEU,NEU,4.033333333333334
Docente_49,Ética Profesional,2020-2,16,4.4,4.4,5.0,Se nota que sabe mucho de la materia.,Mejora,NEU,NEU,4.6000000000000005
Docente_30,Inteligencia Artificial,2023-2,24,3.8,3.6,4.4,Califica de forma injusta.,Estable,NEG,NEG,3.9333333333333336
Docente_48,Ética Profesional,2021-2,27,3.2,3.7,3.9,"Asistencia puntual, pero falta dinamismo.",Estable,NEG,NEG,3.6
Docente_31,Bases de Datos,2021-1,31,2.0,2.1,2.9,Falta mucha pedagogía.,En riesgo,NEG,NEG,2.3333333333333335
Docente_1,Bases de Datos,2023-2,27,2.7,2.7,3.4,Los temas son difíciles pero se entienden.,En riesgo,NEU,NEU,2.9333333333333336
Docente_21,Estructuras de Datos,2020-1,18,3.3,3.5,4.9,Llega tarde a las clases frecuentemente.,Estable,NEG,NEG,3.9
Docente_41,Bases de Datos,2023-1,34,5.0,5.0,4.7,Los temas son difíciles pero se entienden.,Mejora,NEU,NEU,4.8999999999999995
Docente_18,Bases de Datos,2022-1,23,4.2,4.1,3.5,La clase es muy dinámica y entretenida.,Estable,POS,POS,3.9333333333333336
Docente_17,Ingeniería de Software,2023-1,29,3.7,3.7,3.2,La clase estuvo bien.,Estable,POS,NEU,3.5333333333333337
Docente_47,Ingeniería de Software,2021-2,31,3.9,4.7,4.1,Los temas son difíciles pero se entienden.,Estable,NEU,NEU,4.233333333333333
Docente_44,Ingeniería de Software,2021-1,25,3.2,3.4,2.5,Cumple con el programa.,En riesgo,NEU,NEU,3.033333333333333
Docente_1,Ingeniería de Software,2020-1,41,3.3,4.7,3.5,Se nota que sabe mucho de la materia.,Estable,NEU,NEU,3.8333333333333335
Docente_1,Inteligencia Artificial,2020-2,31,4.0,4.3,4.3,La clase es muy dinámica y entretenida.,Estable,POS,POS,4.2
Docente_44,Inteligencia Artificial,2022-2,22,3.9,4.9,4.5,Se podría mejorar un poco el material de estudio.,Mejora,NEU,NEG,4.433333333333334
Docente_19,Bases de Datos,2021-2,16,3.3,4.2,3.1,Explica muy bien los temas.,Estable,POS,POS,3.533333333333333
Docente_40,Matemáticas Básicas,2020-1,45,5.0,4.2,4.1,"El profesor es normal, ni muy bueno ni muy malo.",Mejora,NEU,NEU,4.433333333333333
Docente_43,Ética Profesional,2021-2,45,1.5,2.2,1.3,"El profesor es normal, ni muy bueno ni muy malo.",En riesgo,NEU,NEU,1.6666666666666667
Docente_41,Matemáticas Básicas,2020-2,17,3.5,3.9,4.0,Falta mucha pedagogía.,Estable,NEG,NEG,3.8000000000000003
Docente_9,Inteligencia Artificial,2021-1,43,1.7,2.8,2.5,La clase es muy aburrida y monótona.,En riesgo,NEG,NEG,2.3333333333333335
Docente_45,Programación Orientada a Objetos,2022-1,24,4.8,3.8,4.3,La clase es muy aburrida y monótona.,Estable,NEG,NEG,4.3
Docente_43,Matemáticas Básicas,2023-2,44,2.4,3.8,1.4,Llega tarde a las clases frecuentemente.,En riesgo,NEG,NEG,2.533333333333333
Docente_50,Inteligencia Artificial,2022-2,23,3.2,2.4,2.5,Califica de forma injusta.,En riesgo,NEG,NEG,2.6999999999999997
Docente_50,Matemáticas Básicas,2022-1,39,3.5,4.0,3.8,"Excelente profesor, muy claro.",Estable,POS,POS,3.766666666666667
Docente_25,Inteligencia Artificial,2022-2,16,3.6,3.1,3.6,Cumple con el programa.,Estable,NEU,NEU,3.4333333333333336
Docente_17,Programación Orientada a Objetos,2023-2,17,4.6,5.0,4.1,La clase estuvo bien.,Mejora,POS,NEU,4.566666666666666
Docente_13,Estructuras de Datos,2023-1,20,3.3,4.3,4.2,Califica de forma injusta.,Estable,NEG,NEG,3.9333333333333336
Docente_7,Programación Orientada a Objetos,2023-1,21,3.7,4.9,3.6,Falta mucha pedagogía.,Estable,NEG,NEG,4.066666666666667
Docente_42,Matemáticas Básicas,2023-2,37,3.9,3.9,4.6,Cumple con el programa.,Estable,NEU,NEU,4.133333333333333
Docente_7,Matemáticas Básicas,2020-2,17,4.2,3.2,4.2,Los parciales no tienen nada que ver con lo visto en clase.,Estable,NEU,NEG,3.866666666666667
Docente_47,Bases de Datos,2023-2,15,4.0,4.1,4.6,Califica de forma injusta.,Estable,NEG,NEG,4.233333333333333
Docente_10,Ingeniería de Software,2020-1,44,3.7,4.6,3.3,"No explica bien, me siento perdido.",En riesgo,NEG,NEG,3.866666666666667
Docente_43,Inteligencia Artificial,2022-1,19,2.8,2.6,2.8,Se podría mejorar un poco el material de estudio.,En riesgo,NEU,NEG,2.733333333333333
Docente_22,Inteligencia Artificial,2020-1,31,3.3,3.9,4.2,Califica de forma injusta.,Estable,NEG,NEG,3.7999999999999994
Docente_31,Inteligencia Artificial,2023-1,42,4.2,4.3,3.6,Se nota que sabe mucho de la materia.,Estable,NEU,NEU,4.033333333333333
Docente_35,Programación Orientada a Objetos,2020-1,27,4.3,4.8,4.7,Se podría mejorar un poco el material de estudio.,Mejora,NEU,NEG,4.6000000000000005
Docente_50,Inteligencia Artificial,2020-2,33,3.9,4.8,3.4,Llega tarde a las clases frecuentemente.,Estable,NEG,NEG,4.033333333333333
Docente_23,Bases de Datos,2022-1,27,4.2,4.5,3.6,"Excelente profesor, muy claro.",Estable,POS,POS,4.1
Docente_41,Ingeniería de Software,2020-2,26,4.4,5.0,4.6,Cumple con el programa.,Mejora,NEU,NEU,4.666666666666667
Docente_22,Matemáticas Básicas,2023-2,39,3.2,3.6,3.4,"El profesor es normal, ni muy bueno ni muy malo.",Estable,NEU,NEU,3.4000000000000004
Docente_42,Programación Orientada a Objetos,2021-1,32,2.4,2.8,2.4,"No explica bien, me siento perdido.",En riesgo,NEG,NEG,2.533333333333333
Docente_25,Ingeniería de Software,2021-2,24,4.0,4.0,4.2,"Asistencia puntual, pero falta dinamismo.",Estable,NEG,NEG,4.066666666666666
Docente_7,Ingeniería de Software,2022-2,30,3.7,3.3,3.8,Se nota que sabe mucho de la materia.,Estable,NEU,NEU,3.6
Docente_41,Inteligencia Artificial,2021-2,19,4.9,4.7,4.7,Explica muy bien los temas.,Mejora,POS,POS,4.766666666666667
Docente_13,Matemáticas Básicas,2021-2,30,3.9,4.1,4.6,Me inspiró a seguir aprendiendo sobre este tema.,Mejora,POS,POS,4.2
Docente_5,Ética Profesional,2022-1,30,3.6,3.0,3.2,Llega tarde a las clases frecuentemente.,Estable,NEG,NEG,3.266666666666667
Docente_29,Matemáticas Básicas,2020-1,25,4.0,4.4,3.2,"Excelente profesor, muy claro.",Estable,POS,POS,3.866666666666667
Docente_22,Ética Profesional,2020-1,27,4.1,4.8,3.6,"Excelente profesor, muy claro.",Mejora,POS,POS,4.166666666666666
Docente_14,Ética Profesional,2023-2,45,3.6,4.2,3.6,Llega tarde a las clases frecuentemente.,Estable,NEG,NEG,3.8000000000000003
Docente_10,Ingeniería de Software,2021-2,44,2.8,1.7,2.3,La clase es muy aburrida y monótona.,En riesgo,NEG,NEG,2.2666666666666666
Docente_3,Ingeniería de Software,2021-1,30,3.4,4.5,4.5,Explica muy bien los temas.,Estable,POS,POS,4.133333333333334
Docente_31,Estructuras de Datos,2020-1,22,4.1,4.5,4.4,Se podría mejorar un poco el material de estudio.,Mejora,NEU,NEG,4.333333333333333
Docente_42,Programación Orientada a Objetos,2020-1,20,4.7,3.5,3.2,"Excelente profesor, muy claro.",Estable,POS,POS,3.7999999999999994
Docente_20,Ética Profesional,2020-2,29,3.8,3.9,2.4,Falta mucha pedagogía.,Estable,NEG,NEG,3.3666666666666667
Docente_11,Ética Profesional,2020-2,41,5.0,4.6,4.7,"Excelente profesor, muy claro.",Mejora,POS,POS,4.766666666666667
Docente_8,Inteligencia Artificial,2021-2,17,4.5,5.0,3.6,Me inspiró a seguir aprendiendo sobre este tema.,Estable,POS,POS,4.366666666666666
Docente_28,Bases de Datos,2023-1,25,3.1,3.5,3.4,La clase es muy dinámica y entretenida.,Estable,POS,POS,3.3333333333333335
Docente_44,Estructuras de Datos,2021-1,25,4.1,4.5,4.6,"Asistencia puntual, pero falta dinamismo.",Mejora,NEG,NEG,4.3999999999999995
Docente_14,Ética Profesional,2020-1,33,2.1,2.5,1.8,Califica de forma injusta.,En riesgo,NEG,NEG,2.1333333333333333
Docente_22,Matemáticas Básicas,2020-2,23,3.7,4.6,3.4,Se nota que sabe mucho de la materia.,Mejora,NEU,NEU,3.9000000000000004
Docente_49,Inteligencia Artificial,2021-1,37,4.2,4.7,3.5,Se podría mejorar un poco el material de estudio.,Estable,NEU,NEG,4.133333333333334
Docente_36,Programación Orientada a Objetos,2023-2,22,4.2,2.9,3.1,Los parciales no tienen nada que ver con lo visto en clase.,Estable,NEU,NEG,3.4
Docente_3,Programación Orientada a Objetos,2020-2,40,2.2,2.5,1.7,Los temas son difíciles pero se entienden.,En riesgo,NEU,NEU,2.1333333333333333
Docente_40,Inteligencia Artificial,2021-1,15,3.3,4.7,3.9,Califica de forma injusta.,Estable,NEG,NEG,3.966666666666667
Docente_6,Matemáticas Básicas,2020-1,20,4.3,3.9,3.4,Se nota que sabe mucho de la materia.,Estable,NEU,NEU,3.8666666666666667
Docente_46,Ingeniería de Software,2022-1,28,3.3,2.9,1.8,Se podría mejorar un poco el material de estudio.,En riesgo,NEU,NEG,2.6666666666666665
Docente_50,Inteligencia Artificial,2021-1,21,4.5,5.0,3.9,Se nota que sabe mucho de la materia.,Mejora,NEU,NEU,4.466666666666667
Docente_41,Bases de Datos,2023-2,28,3.8,3.0,2.9,La clase estuvo bien.,Estable,POS,NEU,3.233333333333333
Docente_12,Estructuras de Datos,2020-1,34,3.7,4.5,4.2,Se nota que sabe mucho de la materia.,Mejora,NEU,NEU,4.133333333333333
Docente_46,Inteligencia Artificial,2020-2,35,3.8,5.0,3.8,"Asistencia puntual, pero falta dinamismo.",Mejora,NEG,NEG,4.2
Docente_20,Bases de Datos,2023-1,15,3.8,5.0,5.0,Cumple con el programa.,Mejora,NEU,NEU,4.6000000000000005
Docente_16,Programación Orientada a Objetos,2020-2,31,4.6,3.3,4.9,La clase es muy dinámica y entretenida.,Estable,POS,POS,4.266666666666667
Docente_40,Bases de Datos,2021-2,29,1.2,2.3,1.6,"Asistencia puntual, pero falta dinamismo.",En riesgo,NEG,NEG,1.7
Docente_41,Ingeniería de Software,2021-2,23,3.3,3.7,4.5,"Excelente profesor, muy claro.",Estable,POS,POS,3.8333333333333335
Docente_13,Matemáticas Básicas,2021-1,36,3.8,4.5,3.8,Califica de forma injusta.,Estable,NEG,NEG,4.033333333333334
Docente_32,Programación Orientada a Objetos,2021-1,36,2.9,3.9,3.9,"Excelente profesor, muy claro.",Estable,POS,POS,3.5666666666666664
Docente_4,Ingeniería de Software,2022-2,24,5.0,4.9,4.1,La clase es muy dinámica y entretenida.,Mejora,POS,POS,4.666666666666667
Docente_28,Bases de Datos,2022-2,34,4.3,5.0,4.9,"Asistencia puntual, pero falta dinamismo.",Mejora,NEG,NEG,4.733333333333333
Docente_49,Inteligencia Artificial,2020-1,18,3.8,3.6,3.8,"Excelente profesor, muy claro.",Estable,POS,POS,3.733333333333333
Docente_35,Programación Orientada a Objetos,2021-1,40,4.9,4.2,5.0,Explica muy bien los temas.,Mejora,POS,POS,4.7
Docente_32,Estructuras de Datos,2020-2,17,3.3,3.6,4.0,La clase estuvo bien.,Estable,POS,NEU,3.6333333333333333
Docente_47,Inteligencia Artificial,2022-2,28,2.9,3.6,1.7,No resuelve las dudas de los estudiantes.,En riesgo,NEG,NEG,2.733333333333333
Docente_48,Ingeniería de Software,2022-2,22,4.1,5.0,4.6,"Asistencia puntual, pero falta dinamismo.",Mejora,NEG,NEG,4.566666666666666
Docente_8,Bases de Datos,2021-2,18,2.7,3.7,4.2,La clase estuvo bien.,Estable,POS,NEU,3.5333333333333337
Docente_48,Inteligencia Artificial,2021-2,27,4.6,4.2,4.2,La clase es muy dinámica y entretenida.,Mejora,POS,POS,4.333333333333333
Docente_5,Inteligencia Artificial,2023-2,16,3.9,4.0,3.9,"No explica bien, me siento perdido.",Estable,NEG,NEG,3.9333333333333336
Docente_10,Programación Orientada a Objetos,2023-2,20,4.2,4.6,4.9,Me inspiró a seguir aprendiendo sobre este tema.,Mejora,POS,POS,4.566666666666667
Docente_24,Programación Orientada a Objetos,2023-2,38,3.7,4.0,3.4,Me inspiró a seguir aprendiendo sobre este tema.,Estable,POS,POS,3.6999999999999997
Docente_41,Bases de Datos,2022-1,21,3.6,3.7,3.8,Los temas son difíciles pero se entienden.,Estable,NEU,NEU,3.7000000000000006
Docente_9,Matemáticas Básicas,2020-1,23,4.5,4.4,3.9,Se nota que sabe mucho de la materia.,Mejora,NEU,NEU,4.266666666666667
Docente_8,Ética Profesional,2023-2,29,2.8,1.8,2.4,Falta mucha pedagogía.,En riesgo,NEG,NEG,2.3333333333333335
Docente_11,Ética Profesional,2022-2,22,3.1,3.2,1.8,Llega tarde a las clases frecuentemente.,En riesgo,NEG,NEG,2.7000000000000006
Docente_39,Programación Orientada a Objetos,2021-1,33,4.8,4.2,4.7,Cumple con el programa.,Mejora,NEU,NEU,4.566666666666666
Docente_15,Matemáticas Básicas,2023-1,42,4.1,4.2,4.5,No resuelve las dudas de los estudiantes.,Estable,NEG,NEG,4.266666666666667
Docente_32,Ética Profesional,2021-2,33,2.3,1.8,2.8,La clase estuvo bien.,En riesgo,POS,NEU,2.3
Docente_30,Bases de Datos,2020-1,38,4.1,4.5,4.0,Me inspiró a seguir aprendiendo sobre este tema.,Mejora,POS,POS,4.2
Docente_48,Ética Profesional,2021-2,22,3.5,4.4,4.4,Los temas son difíciles pero se entienden.,Estable,NEU,NEU,4.1000000000000005
Docente_28,Estructuras de Datos,2021-2,43,4.6,4.9,5.0,"El profesor es normal, ni muy bueno ni muy malo.",Mejora,NEU,NEU,4.833333333333333
Docente_10,Estructuras de Datos,2020-1,28,4.2,4.6,4.4,Explica muy bien los temas.,Mejora,POS,POS,4.4
Docente_3,Inteligencia Artificial,2020-1,28,4.0,2.0,2.8,Cumple con el programa.,En riesgo,NEU,NEU,2.9333333333333336
Docente_26,Inteligencia Artificial,2020-2,29,3.3,5.0,3.5,Califica de forma injusta.,Estable,NEG,NEG,3.9333333333333336
Docente_16,Matemáticas Básicas,2020-1,37,3.8,4.4,4.0,"No explica bien, me siento perdido.",Estable,NEG,NEG,4.066666666666666
Docente_14,Programación Orientada a Objetos,2022-2,24,4.0,3.7,3.1,La clase estuvo bien.,Estable,POS,NEU,3.6
Docente_42,Matemáticas Básicas,2020-1,30,2.6,1.5,2.1,Los temas son difíciles pero se entienden.,En riesgo,NEU,NEU,2.0666666666666664
Docente_20,Programación Orientada a Objetos,2023-2,42,4.4,3.7,3.7,Los parciales no tienen nada que ver con lo visto en clase.,Estable,NEU,NEG,3.9333333333333336
Docente_48,Estructuras de Datos,2020-1,29,3.7,3.7,3.6,La clase es muy aburrida y monótona.,Estable,NEG,NEG,3.6666666666666665
Docente_50,Programación Orientada a Objetos,2023-1,20,3.2,2.0,2.3,"Asistencia puntual, pero falta dinamismo.",En riesgo,NEG,NEG,2.5
Docente_24,Ingeniería de Software,2023-2,37,4.3,4.2,3.0,Explica muy bien los temas.,Estable,POS,POS,3.8333333333333335
Docente_41,Matemáticas Básicas,2023-1,43,4.0,5.0,3.9,Se podría mejorar un poco el material de estudio.,Mejora,NEU,NEG,4.3
Docente_22,Estructuras de Datos,2020-1,24,3.8,3.7,3.5,"No explica bien, me siento perdido.",Estable,NEG,NEG,3.6666666666666665
Docente_49,Bases de Datos,2021-2,40,2.8,2.9,3.1,Se nota que sabe mucho de la materia.,Estable,NEU,NEU,2.933333333333333
Docente_40,Bases de Datos,2020-1,31,4.3,4.2,4.1,Se podría mejorar un poco el material de estudio.,Estable,NEU,NEG,4.2
Docente_4,Matemáticas Básicas,2023-1,26,3.1,3.8,2.6,La clase es muy aburrida y monótona.,Estable,NEG,NEG,3.1666666666666665
Docente_40,Matemáticas Básicas,2022-2,26,3.6,3.7,4.0,Los talleres son muy útiles para aprender.,Estable,POS,POS,3.766666666666667
Docente_42,Estructuras de Datos,2020-2,32,3.5,3.8,4.3,Me inspiró a seguir aprendiendo sobre este tema.,Estable,POS,POS,3.8666666666666667
Docente_9,Bases de Datos,2021-2,32,3.8,4.1,3.7,La clase es muy dinámica y entretenida.,Estable,POS,POS,3.8666666666666667
Docente_42,Inteligencia Artificial,2021-2,39,3.1,3.6,3.7,La clase estuvo bien.,Estable,POS,NEU,3.466666666666667
Docente_21,Bases de Datos,2022-1,31,1.6,2.9,3.4,Los temas son difíciles pero se entienden.,En riesgo,NEU,NEU,2.6333333333333333
Docente_28,Bases de Datos,2020-1,17,3.8,2.9,3.8,Se podría mejorar un poco el material de estudio.,Estable,NEU,NEG,3.5
Docente_23,Inteligencia Artificial,2023-2,31,1.8,3.8,3.0,Cumple con el programa.,En riesgo,NEU,NEU,2.8666666666666667
Docente_8,Inteligencia Artificial,2022-1,29,4.0,4.6,3.8,"El profesor es normal, ni muy bueno ni muy malo.",Mejora,NEU,NEU,4.133333333333333
Docente_24,Ética Profesional,2020-2,21,4.1,4.7,3.8,La clase estuvo bien.,Mejora,POS,NEU,4.2
Docente_6,Matemáticas Básicas,2023-1,43,5.0,4.5,4.7,Se nota que sabe mucho de la materia.,Mejora,NEU,NEU,4.733333333333333
Docente_19,Matemáticas Básicas,2020-2,20,4.0,3.9,4.5,Cumple con el programa.,Estable,NEU,NEU,4.133333333333334
Docente_8,Ingeniería de Software,2021-1,30,4.0,4.8,4.4,Se nota que sabe mucho de la materia.,Mejora,NEU,NEU,4.4
Docente_14,Estructuras de Datos,2020-1,24,3.5,3.7,4.3,"No explica bien, me siento perdido.",Estable,NEG,NEG,3.8333333333333335
Docente_44,Estructuras de Datos,2021-1,30,4.5,4.1,3.7,Se podría mejorar un poco el material de estudio.,Estable,NEU,NEG,4.1000000000000005
Docente_27,Inteligencia Artificial,2020-1,24,3.9,3.1,4.1,Me inspiró a seguir aprendiendo sobre este tema.,Estable,POS,POS,3.6999999999999997
Docente_5,Matemáticas Básicas,2021-2,41,3.4,4.6,3.6,No resuelve las dudas de los estudiantes.,Estable,NEG,NEG,3.8666666666666667
Docente_42,Bases de Datos,2023-1,33,2.3,1.9,1.0,Los parciales no tienen nada que ver con lo visto en clase.,En riesgo,NEU,NEG,1.7333333333333332
Docente_42,Ingeniería de Software,2022-2,30,3.6,4.0,3.6,Los parciales no tienen nada que ver con lo visto en clase.,Estable,NEU,NEG,3.733333333333333
Docente_43,Ingeniería de Software,2023-2,29,4.1,3.7,3.8,"El profesor es normal, ni muy bueno ni muy malo.",Estable,NEU,NEU,3.8666666666666667
Docente_37,Programación Orientada a Objetos,2022-1,20,5.0,4.0,4.9,"Asistencia puntual, pero falta dinamismo.",Mejora,NEG,NEG,4.633333333333334
Docente_17,Programación Orientada a Objetos,2023-2,26,4.3,4.4,4.4,Resuelve las dudas con mucha paciencia.,Mejora,NEU,NEU,4.366666666666666
Docente_50,Ética Profesional,2020-1,19,4.2,3.8,4.3,Se podría mejorar un poco el material de estudio.,Estable,NEU,NEG,4.1000000000000005
Docente_19,Inteligencia Artificial,2021-1,34,3.5,3.3,4.4,Los talleres son muy útiles para aprender.,Estable,POS,POS,3.733333333333333
Docente_46,Estructuras de Datos,2022-1,20,3.9,4.3,4.5,Se nota que sabe mucho de la materia.,Mejora,NEU,NEU,4.233333333333333
Docente_46,Ingeniería de Software,2021-1,20,4.8,4.5,5.0,La clase es muy dinámica y entretenida.,Mejora,POS,POS,4.766666666666667
Docente_8,Matemáticas Básicas,2022-2,33,3.9,4.3,4.2,Se nota que sabe mucho de la materia.,Mejora,NEU,NEU,4.133333333333333
Docente_29,Bases de Datos,2022-2,20,3.5,5.0,5.0,La clase es muy dinámica y entretenida.,Mejora,POS,POS,4.5
Docente_36,Ingeniería de Software,2020-1,36,3.9,4.4,3.3,Los temas son difíciles pero se entienden.,Estable,NEU,NEU,3.866666666666667
Docente_23,Programación Orientada a Objetos,2022-2,29,2.3,3.1,1.2,Cumple con el programa.,En riesgo,NEU,NEU,2.2
Docente_11,Estructuras de Datos,2022-1,18,4.9,4.9,5.0,Explica muy bien los temas.,Mejora,POS,POS,4.933333333333334
Docente_26,Inteligencia Artificial,2021-1,45,5.0,4.5,4.0,La clase estuvo bien.,Mejora,POS,NEU,4.5
Docente_21,Programación Orientada a Objetos,2020-1,38,3.9,4.4,4.1,Llega tarde a las clases frecuentemente.,Estable,NEG,NEG,4.133333333333334
Docente_33,Bases de Datos,2022-1,30,4.0,3.5,2.9,"El profesor es normal, ni muy bueno ni muy malo.",Estable,NEU,NEU,3.466666666666667
Docente_49,Estructuras de Datos,2021-1,40,3.3,4.1,3.1,Los parciales no tienen nada que ver con lo visto en clase.,Estable,NEU,NEG,3.5
Docente_47,Inteligencia Artificial,2022-2,37,1.6,3.9,2.2,La clase es muy aburrida y monótona.,En riesgo,NEG,NEG,2.566666666666667
Docente_47,Inteligencia Artificial,2020-1,19,2.9,3.5,2.7,Los temas son difíciles pero se entienden.,En riesgo,NEU,NEU,3.0333333333333337
Docente_36,Matemáticas Básicas,2022-1,15,4.8,4.3,5.0,Me inspiró a seguir aprendiendo sobre este tema.,Mejora,POS,POS,4.7
Docente_40,Ética Profesional,2021-2,29,3.0,3.5,3.6,Se podría mejorar un poco el material de estudio.,Estable,NEU,NEG,3.3666666666666667
Docente_6,Bases de Datos,2020-1,34,4.8,5.0,4.4,Los temas son difíciles pero se entienden.,Mejora,NEU,NEU,4.733333333333333
Docente_13,Estructuras de Datos,2021-2,40,4.7,3.7,3.8,Cumple con el programa.,Estable,NEU,NEU,4.066666666666666
Docente_13,Matemáticas Básicas,2020-2,32,4.2,3.0,3.7,La clase es muy aburrida y monótona.,Estable,NEG,NEG,3.6333333333333333
Docente_44,Ingeniería de Software,2020-2,31,5.0,4.6,4.0,Me inspiró a seguir aprendiendo sobre este tema.,Mejora,POS,POS,4.533333333333333
Docente_13,Inteligencia Artificial,2022-2,34,2.2,2.7,2.7,"El profesor es normal, ni muy bueno ni muy malo.",En riesgo,NEU,NEU,2.5333333333333337
Docente_33,Matemáticas Básicas,2022-2,27,2.0,3.7,3.2,Califica de forma injusta.,En riesgo,NEG,NEG,2.966666666666667
Docente_46,Ética Profesional,2023-1,26,4.7,4.8,4.8,Me inspiró a seguir aprendiendo sobre este tema.,Mejora,POS,POS,4.766666666666667
Docente_24,Matemáticas Básicas,2022-1,26,4.0,4.4,3.9,Los talleres son muy útiles para aprender.,Mejora,POS,POS,4.1000000000000005
Docente_20,Inteligencia Artificial,2020-2,21,2.2,4.5,3.0,La clase es muy aburrida y monótona.,Estable,NEG,NEG,3.233333333333333
Docente_48,Inteligencia Artificial,2023-2,24,5.0,4.8,4.7,Se nota que sabe mucho de la materia.,Mejora,NEU,NEU,4.833333333333333
Docente_47,Inteligencia Artificial,2023-1,19,1.7,2.6,1.8,"El profesor es normal, ni muy bueno ni muy malo.",En riesgo,NEU,NEU,2.033333333333333
Docente_39,Matemáticas Básicas,2021-1,21,4.1,3.8,4.4,"El profesor es normal, ni muy bueno ni muy malo.",Estable,NEU,NEU,4.1000000000000005
Docente_31,Ética Profesional,2022-2,17,4.4,4.1,4.5,Los parciales no tienen nada que ver con lo visto en clase.,Estable,NEU,NEG,4.333333333333333
Docente_49,Inteligencia Artificial,2020-2,15,3.6,3.9,4.2,"No explica bien, me siento perdido.",Estable,NEG,NEG,3.9
Docente_41,Bases de Datos,2023-1,20,4.1,4.2,3.2,Llega tarde a las clases frecuentemente.,Estable,NEG,NEG,3.8333333333333335
Docente_30,Ingeniería de Software,2021-1,21,3.9,5.0,3.6,Los talleres son muy útiles para aprender.,Estable,POS,POS,4.166666666666667
Docente_25,Bases de Datos,2023-2,16,1.5,2.8,1.7,Llega tarde a las clases frecuentemente.,En riesgo,NEG,NEG,2.0
Docente_38,Bases de Datos,2023-2,32,3.3,3.8,3.9,La clase es muy aburrida y monótona.,Estable,NEG,NEG,3.6666666666666665
Docente_15,Matemáticas Básicas,2020-1,19,5.0,3.5,4.2,Resuelve las dudas con mucha paciencia.,Mejora,NEU,NEU,4.233333333333333
Docente_20,Ingeniería de Software,2023-2,18,4.6,3.5,3.9,"El profesor es normal, ni muy bueno ni muy malo.",Estable,NEU,NEU,4.0
Docente_27,Programación Orientada a Objetos,2023-2,44,3.5,4.1,4.7,Se podría mejorar un poco el material de estudio.,Mejora,NEU,NEG,4.1000000000000005
Docente_42,Programación Orientada a Objetos,2020-1,18,4.6,3.6,3.5,Cumple con el programa.,Estable,NEU,NEU,3.9
Docente_32,Matemáticas Básicas,2022-2,33,4.1,2.6,4.0,Califica de forma injusta.,Estable,NEG,NEG,3.5666666666666664
Docente_37,Inteligencia Artificial,2022-1,35,1.8,2.6,1.4,Los temas son difíciles pero se entienden.,En riesgo,NEU,NEU,1.9333333333333336
Docente_31,Ingeniería de Software,2020-2,26,3.2,1.4,2.5,Cumple con el programa.,En riesgo,NEU,NEU,2.3666666666666667
Docente_47,Estructuras de Datos,2020-1,42,4.1,4.9,4.9,Resuelve las dudas con mucha paciencia.,Mejora,NEU,NEU,4.633333333333334
Docente_11,Estructuras de Datos,2020-1,19,4.4,3.8,3.8,Los temas son difíciles pero se entienden.,Estable,NEU,NEU,4.0
Docente_30,Ingeniería de Software,2021-1,26,2.9,3.4,3.8,Califica de forma injusta.,En riesgo,NEG,NEG,3.3666666666666667
Docente_4,Bases de Datos,2022-2,28,3.8,3.1,3.3,Se podría mejorar un poco el material de estudio.,Estable,NEU,NEG,3.4
Docente_4,Bases de Datos,2022-1,31,1.0,2.1,1.2,Los temas son difíciles pero se entienden.,En riesgo,NEU,NEU,1.4333333333333333
Docente_5,Estructuras de Datos,2021-2,39,5.0,4.8,4.5,Los temas son difíciles pero se entienden.,Mejora,NEU,NEU,4.766666666666667
Docente_12,Ética Profesional,2020-2,34,3.9,4.4,4.0,"Asistencia puntual, pero falta dinamismo.",Mejora,NEG,NEG,4.1000000000000005
Docente_11,Estructuras de Datos,2022-2,42,4.4,4.5,4.1,Los talleres son muy útiles para aprender.,Mejora,POS,POS,4.333333333333333
Docente_44,Ética Profesional,2022-1,23,2.6,2.3,2.4,Los temas son difíciles pero se entienden.,En riesgo,NEU,NEU,2.4333333333333336
Docente_45,Ingeniería de Software,2022-2,18,3.0,3.6,4.1,Llega tarde a las clases frecuentemente.,Estable,NEG,NEG,3.5666666666666664
Docente_38,Bases de Datos,2021-1,15,3.2,4.2,3.3,Resuelve las dudas con mucha paciencia.,Estable,NEU,NEU,3.5666666666666664
Docente_34,Bases de Datos,2022-2,39,4.1,4.4,4.0,Califica de forma injusta.,Estable,NEG,NEG,4.166666666666667
Docente_27,Bases de Datos,2021-1,18,3.5,3.3,4.6,Me inspiró a seguir aprendiendo sobre este tema.,Estable,POS,POS,3.7999999999999994
Docente_10,Estructuras de Datos,2021-2,41,2.7,2.5,2.2,No resuelve las dudas de los estudiantes.,En riesgo,NEG,NEG,2.466666666666667
Docente_36,Estructuras de Datos,2020-2,28,2.8,3.2,1.0,La clase estuvo bien.,En riesgo,POS,NEU,2.3333333333333335
Docente_5,Matemáticas Básicas,2021-1,44,4.3,3.9,4.5,Explica muy bien los temas.,Mejora,POS,POS,4.233333333333333
Docente_31,Bases de Datos,2022-1,37,3.8,4.0,3.5,Se podría mejorar un poco el material de estudio.,Estable,NEU,NEG,3.766666666666667
Docente_9,Ética Profesional,2023-2,43,3.9,3.9,3.9,Falta mucha pedagogía.,Estable,NEG,NEG,3.9
Docente_34,Ética Profesional,2022-2,20,4.0,3.9,3.4,"El profesor es normal, ni muy bueno ni muy malo.",Estable,NEU,NEU,3.766666666666667
Docente_2,Ingeniería de Software,2020-2,22,4.7,4.4,4.4,Se nota que sabe mucho de la materia.,Mejora,NEU,NEU,4.500000000000001
Docente_45,Programación Orientada a Objetos,2021-2,24,1.7,2.6,2.5,Califica de forma injusta.,En riesgo,NEG,NEG,2.2666666666666666
Docente_14,Programación Orientada a Objetos,2020-2,28,4.1,3.9,3.8,Se podría mejorar un poco el material de estudio.,Mejora,NEU,NEG,3.9333333333333336
Docente_49,Ética Profesional,2020-2,17,1.8,2.9,2.0,"No explica bien, me siento perdido.",En riesgo,NEG,NEG,2.2333333333333334
Docente_50,Inteligencia Artificial,2023-1,16,4.9,4.7,4.0,La clase es muy dinámica y entretenida.,Mejora,POS,POS,4.533333333333334
Docente_7,Matemáticas Básicas,2020-1,30,3.5,4.4,4.4,La clase es muy dinámica y entretenida.,Estable,POS,POS,4.1000000000000005
Docente_17,Matemáticas Básicas,2020-2,24,3.8,4.3,3.7,Explica muy bien los temas.,Estable,POS,POS,3.9333333333333336
Docente_49,Matemáticas Básicas,2020-2,44,4.4,3.8,3.2,Falta mucha pedagogía.,Estable,NEG,NEG,3.7999999999999994
Docente_14,Estructuras de Datos,2021-2,20,3.8,3.7,4.1,Se podría mejorar un poco el material de estudio.,Estable,NEU,NEG,3.8666666666666667
Docente_2,Matemáticas Básicas,2021-1,42,4.3,4.6,3.9,Cumple con el programa.,Estable,NEU,NEU,4.266666666666667
Docente_38,Bases de Datos,2022-2,20,3.4,3.7,3.8,No resuelve las dudas de los estudiantes.,Estable,NEG,NEG,3.633333333333333
Docente_50,Ingeniería de Software,2021-2,31,3.2,3.8,2.9,"El profesor es normal, ni muy bueno ni muy malo.",En riesgo,NEU,NEU,3.3000000000000003
Docente_5,Matemáticas Básicas,2020-1,31,1.8,3.8,3.2,No resuelve las dudas de los estudiantes.,En riesgo,NEG,NEG,2.9333333333333336
Docente_46,Programación Orientada a Objetos,2022-1,20,3.8,3.5,3.7,Llega tarde a las clases frecuentemente.,Estable,NEG,NEG,3.6666666666666665
Docente_1,Ingeniería de Software,2020-2,44,2.7,2.1,1.4,No resuelve las dudas de los estudiantes.,En riesgo,NEG,NEG,2.066666666666667
Docente_33,Ética Profesional,2023-2,26,3.0,4.0,3.5,Los parciales no tienen nada que ver con lo visto en clase.,Estable,NEU,NEG,3.5
Docente_12,Inteligencia Artificial,2020-2,20,3.6,4.1,3.9,Se podría mejorar un poco el material de estudio.,Estable,NEU,NEG,3.8666666666666667
Docente_25,Inteligencia Artificial,2021-2,31,3.0,4.7,1.8,No resuelve las dudas de los estudiantes.,En riesgo,NEG,NEG,3.1666666666666665
Docente_27,Matemáticas Básicas,2022-2,18,2.4,3.2,2.0,La clase estuvo bien.,En riesgo,POS,NEU,2.533333333333333
Docente_8,Estructuras de Datos,2021-1,30,3.0,3.4,3.3,Se podría mejorar un poco el material de estudio.,Estable,NEU,NEG,3.233333333333333
Docente_46,Bases de Datos,2020-1,17,2.6,2.3,2.1,Los parciales no tienen nada que ver con lo visto en clase.,En riesgo,NEU,NEG,2.3333333333333335
Docente_32,Matemáticas Básicas,2023-1,24,4.0,5.0,4.0,La clase estuvo bien.,Mejora,POS,NEU,4.333333333333333
Docente_39,Ingeniería de Software,2022-1,36,2.4,1.5,3.0,La clase estuvo bien.,En riesgo,POS,NEU,2.3000000000000003
Docente_15,Estructuras de Datos,2023-1,24,3.8,4.9,3.9,"No explica bien, me siento perdido.",Estable,NEG,NEG,4.2
Docente_13,Ética Profesional,2020-2,43,2.5,2.6,2.5,"Asistencia puntual, pero falta dinamismo.",En riesgo,NEG,NEG,2.533333333333333
Docente_31,Ingeniería de Software,2022-2,20,4.0,2.8,4.0,Explica muy bien los temas.,Estable,POS,POS,3.6
Docente_44,Inteligencia Artificial,2020-2,27,3.3,4.8,4.2,La clase es muy aburrida y monótona.,Estable,NEG,NEG,4.1000000000000005
Docente_34,Ingeniería de Software,2020-2,18,4.7,3.7,3.8,Se nota que sabe mucho de la materia.,Mejora,NEU,NEU,4.066666666666666
Docente_26,Inteligencia Artificial,2020-2,38,4.2,3.2,3.7,Los talleres son muy útiles para aprender.,Estable,POS,POS,3.7000000000000006
Docente_5,Bases de Datos,2021-2,25,3.2,3.4,2.4,No resuelve las dudas de los estudiantes.,En riesgo,NEG,NEG,3.0
Docente_39,Ética Profesional,2023-1,18,3.7,4.9,4.2,La clase es muy dinámica y entretenida.,Mejora,POS,POS,4.266666666666667
Docente_28,Ingeniería de Software,2023-2,23,4.2,3.4,4.1,Los parciales no tienen nada que ver con lo visto en clase.,Estable,NEU,NEG,3.9
Docente_38,Bases de Datos,2023-1,26,3.7,4.3,4.7,La clase estuvo bien.,Mejora,POS,NEU,4.233333333333333
Docente_43,Estructuras de Datos,2023-1,30,4.1,4.7,4.6,No resuelve las dudas de los estudiantes.,Estable,NEG,NEG,4.466666666666667
Docente_18,Programación Orientada a Objetos,2023-2,18,1.4,2.2,2.6,La clase es muy aburrida y monótona.,En riesgo,NEG,NEG,2.066666666666667
Docente_17,Inteligencia Artificial,2023-2,22,2.9,3.5,3.7,Resuelve las dudas con mucha paciencia.,Estable,NEU,NEU,3.366666666666667
Docente_2,Matemáticas Básicas,2020-1,41,3.5,3.6,3.1,Se nota que sabe mucho de la materia.,Estable,NEU,NEU,3.4
Docente_32,Ingeniería de Software,2020-1,20,3.6,3.5,2.7,"Asistencia puntual, pero falta dinamismo.",Estable,NEG,NEG,3.266666666666667
Docente_39,Ingeniería de Software,2022-2,19,3.6,3.7,3.7,"El profesor es normal, ni muy bueno ni muy malo.",Estable,NEU,NEU,3.6666666666666665
Docente_40,Estructuras de Datos,2020-2,39,4.3,3.9,3.5,Se nota que sabe mucho de la materia.,Estable,NEU,NEU,3.9
Docente_43,Ética Profesional,2023-2,40,4.7,4.2,3.5,La clase es muy aburrida y monótona.,Estable,NEG,NEG,4.133333333333334
Docente_13,Bases de Datos,2023-2,30,2.0,1.6,2.4,Cumple con el programa.,En riesgo,NEU,NEU,2.0
Docente_17,Estructuras de Datos,2022-2,40,4.1,4.4,4.5,Cumple con el programa.,Mejora,NEU,NEU,4.333333333333333
Docente_35,Matemáticas Básicas,2020-1,28,5.0,4.8,3.8,"Excelente profesor, muy claro.",Mejora,POS,POS,4.533333333333334
Docente_25,Inteligencia Artificial,2022-2,42,2.9,4.3,3.8,"Asistencia puntual, pero falta dinamismo.",Estable,NEG,NEG,3.6666666666666665
Docente_29,Inteligencia Artificial,2020-1,16,4.4,5.0,4.0,Se nota que sabe mucho de la materia.,Mejora,NEU,NEU,4.466666666666667
Docente_36,Ingeniería de Software,2022-1,43,4.5,4.5,4.6,Se podría mejorar un poco el material de estudio.,Mejora,NEU,NEG,4.533333333333333
Docente_11,Inteligencia Artificial,2023-1,19,3.9,5.0,3.3,"El profesor es normal, ni muy bueno ni muy malo.",Estable,NEU,NEU,4.066666666666666
Docente_46,Inteligencia Artificial,2023-2,39,2.1,3.3,1.9,La clase es muy aburrida y monótona.,En riesgo,NEG,NEG,2.4333333333333336
Docente_37,Ingeniería de Software,2023-2,36,3.4,3.9,4.6,Llega tarde a las clases frecuentemente.,Estable,NEG,NEG,3.9666666666666663
Docente_44,Estructuras de Datos,2023-2,30,4.9,4.8,4.9,Cumple con el programa.,Mejora,NEU,NEU,4.866666666666666
Docente_11,Estructuras de Datos,2020-1,27,3.2,4.9,3.9,Cumple con el programa.,Estable,NEU,NEU,4.000000000000001
Docente_32,Estructuras de Datos,2023-1,34,1.1,2.6,1.9,Los temas son difíciles pero se entienden.,En riesgo,NEU,NEU,1.8666666666666665
Docente_23,Ética Profesional,2022-1,25,4.2,4.1,4.1,"Excelente profesor, muy claro.",Estable,POS,POS,4.133333333333334
Docente_2,Estructuras de Datos,2020-1,19,3.5,3.3,3.4,Se podría mejorar un poco el material de estudio.,Estable,NEU,NEG,3.4
Docente_23,Ética Profesional,2020-1,39,3.5,3.7,3.0,Los temas son difíciles pero se entienden.,Estable,NEU,NEU,3.4
Docente_25,Matemáticas Básicas,2023-1,26,3.8,4.0,4.6,Se podría mejorar un poco el material de estudio.,Estable,NEU,NEG,4.133333333333333
Docente_27,Bases de Datos,2020-1,36,4.6,3.6,3.8,La clase estuvo bien.,Estable,POS,NEU,4.0
Docente_16,Programación Orientada a Objetos,2022-1,33,3.2,3.9,3.9,Se nota que sabe mucho de la materia.,Estable,NEU,NEU,3.6666666666666665
Docente_45,Matemáticas Básicas,2022-1,18,4.1,4.3,4.1,Los talleres son muy útiles para aprender.,Mejora,POS,POS,4.166666666666666
Docente_11,Matemáticas Básicas,2022-2,16,2.2,3.0,1.8,La clase estuvo bien.,En riesgo,POS,NEU,2.3333333333333335
Docente_43,Ética Profesional,2023-1,33,3.5,4.4,3.8,No resuelve las dudas de los estudiantes.,Estable,NEG,NEG,3.9
Docente_27,Bases de Datos,2020-1,37,4.8,4.8,4.3,La clase estuvo bien.,Mejora,POS,NEU,4.633333333333333
Docente_38,Matemáticas Básicas,2022-2,27,4.0,4.3,4.0,"El profesor es normal, ni muy bueno ni muy malo.",Mejora,NEU,NEU,4.1000000000000005
Docente_25,Bases de Datos,2020-2,40,4.1,3.8,4.2,Califica de forma injusta.,Estable,NEG,NEG,4.033333333333333
Docente_7,Ingeniería de Software,2021-2,25,3.4,4.4,3.2,Califica de forma injusta.,Estable,NEG,NEG,3.6666666666666665
Docente_33,Ética Profesional,2022-2,20,3.6,2.2,3.6,Falta mucha pedagogía.,Estable,NEG,NEG,3.1333333333333333
Docente_20,Bases de Datos,2023-1,21,3.9,4.1,3.4,Califica de forma injusta.,Estable,NEG,NEG,3.8000000000000003
Docente_41,Ética Profesional,2020-2,41,3.3,3.8,3.3,Llega tarde a las clases frecuentemente.,Estable,NEG,NEG,3.4666666666666663
Docente_14,Bases de Datos,2022-1,16,3.8,3.5,4.2,"El profesor es normal, ni muy bueno ni muy malo.",Estable,NEU,NEU,3.8333333333333335
Docente_37,Inteligencia Artificial,2021-2,34,3.7,4.5,3.7,Se nota que sabe mucho de la materia.,Estable,NEU,NEU,3.9666666666666663
Docente_46,Ética Profesional,2020-2,33,3.6,3.7,4.3,Los temas son difíciles pero se entienden.,Estable,NEU,NEU,3.866666666666667
Docente_18,Matemáticas Básicas,2023-2,28,4.1,4.7,4.3,Me inspiró a seguir aprendiendo sobre este tema.,Estable,POS,POS,4.366666666666667
Docente_23,Ética Profesional,2020-2,35,2.9,3.7,4.2,"El profesor es normal, ni muy bueno ni muy malo.",Estable,NEU,NEU,3.6
Docente_33,Ética Profesional,2022-1,28,3.3,3.1,3.4,Llega tarde a las clases frecuentemente.,Estable,NEG,NEG,3.266666666666667
Docente_21,Programación Orientada a Objetos,2023-1,27,3.2,3.9,4.7,Cumple con el programa.,Estable,NEU,NEU,3.9333333333333336
Docente_40,Estructuras de Datos,2023-2,36,2.5,2.2,2.9,"Asistencia puntual, pero falta dinamismo.",En riesgo,NEG,NEG,2.533333333333333
Docente_36,Programación Orientada a Objetos,2020-1,35,4.6,5.0,4.5,Se podría mejorar un poco el material de estudio.,Mejora,NEU,NEG,4.7
Docente_34,Ética Profesional,2021-1,33,4.6,4.6,4.0,La clase estuvo bien.,Mejora,POS,NEU,4.3999999999999995
Docente_14,Ingeniería de Software,2023-2,23,5.0,4.6,4.8,Los temas son difíciles pero se entienden.,Mejora,NEU,NEU,4.8
Docente_35,Ética Profesional,2023-1,44,4.4,5.0,4.3,"El profesor es normal, ni muy bueno ni muy malo.",Mejora,NEU,NEU,4.566666666666666
Docente_47,Ingeniería de Software,2020-1,31,4.3,5.0,5.0,La clase es muy dinámica y entretenida.,Mejora,POS,POS,4.766666666666667
Docente_24,Inteligencia Artificial,2021-1,22,3.9,4.0,3.4,Resuelve las dudas con mucha paciencia.,Estable,NEU,NEU,3.766666666666667
Docente_48,Ingeniería de Software,2022-1,42,4.7,3.2,4.5,"No explica bien, me siento perdido.",Estable,NEG,NEG,4.133333333333334
Docente_27,Bases de Datos,2020-2,35,2.8,2.0,1.7,No resuelve las dudas de los estudiantes.,En riesgo,NEG,NEG,2.1666666666666665
Docente_27,Bases de Datos,2022-1,35,3.8,4.0,5.0,Se nota que sabe mucho de la materia.,Mejora,NEU,NEU,4.266666666666667
Docente_17,Ingeniería de Software,2021-2,27,5.0,4.4,5.0,La clase es muy dinámica y entretenida.,Mejora,POS,POS,4.8
Docente_8,Programación Orientada a Objetos,2021-2,15,4.3,3.6,3.7,La clase estuvo bien.,Estable,POS,NEU,3.866666666666667
Docente_20,Inteligencia Artificial,2023-2,32,4.4,4.6,4.2,Me inspiró a seguir aprendiendo sobre este tema.,Mejora,POS,POS,4.3999999999999995
Docente_28,Ingeniería de Software,2020-1,21,3.4,4.3,3.7,Los talleres son muy útiles para aprender.,Estable,POS,POS,3.7999999999999994
Docente_18,Programación Orientada a Objetos,2020-1,23,4.1,4.6,4.5,Cumple con el programa.,Estable,NEU,NEU,4.3999999999999995
Docente_43,Estructuras de Datos,2021-1,35,4.5,4.0,3.8,"Excelente profesor, muy claro.",Estable,POS,POS,4.1000000000000005
Docente_47,Inteligencia Artificial,2020-1,16,4.0,4.1,4.9,Se nota que sabe mucho de la materia.,Estable,NEU,NEU,4.333333333333333
Docente_21,Estructuras de Datos,2022-1,42,1.0,4.0,1.4,La clase es muy aburrida y monótona.,En riesgo,NEG,NEG,2.1333333333333333
Docente_27,Bases de Datos,2020-2,27,3.9,3.7,3.6,Resuelve las dudas con mucha paciencia.,Estable,NEU,NEU,3.733333333333333
Docente_16,Matemáticas Básicas,2020-2,31,4.0,3.3,4.0,Los parciales no tienen nada que ver con lo visto en clase.,Estable,NEU,NEG,3.766666666666667
Docente_50,Estructuras de Datos,2022-1,30,4.5,4.7,4.1,"Excelente profesor, muy claro.",Mejora,POS,POS,4.433333333333333
Docente_16,Estructuras de Datos,2020-2,39,3.5,4.7,4.4,Los temas son difíciles pero se entienden.,Estable,NEU,NEU,4.2
Docente_22,Ética Profesional,2023-1,40,4.4,4.9,4.2,Se podría mejorar un poco el material de estudio.,Mejora,NEU,NEG,4.5
Docente_48,Programación Orientada a Objetos,2023-1,21,2.8,4.3,3.6,Resuelve las dudas con mucha paciencia.,Estable,NEU,NEU,3.5666666666666664
Docente_7,Programación Orientada a Objetos,2021-2,23,3.0,4.2,2.8,La clase es muy aburrida y monótona.,Estable,NEG,NEG,3.3333333333333335
Docente_27,Bases de Datos,2020-1,30,4.2,4.4,4.0,Llega tarde a las clases frecuentemente.,Estable,NEG,NEG,4.2
Docente_24,Ingeniería de Software,2020-2,25,3.6,4.2,2.4,Llega tarde a las clases frecuentemente.,Estable,NEG,NEG,3.4000000000000004
Docente_28,Inteligencia Artificial,2021-2,45,5.0,5.0,4.7,Resuelve las dudas con mucha paciencia.,Mejora,NEU,NEU,4.8999999999999995
Docente_10,Bases de Datos,2023-2,37,4.0,4.7,3.0,Se podría mejorar un poco el material de estudio.,Estable,NEU,NEG,3.9
Docente_20,Matemáticas Básicas,2020-1,41,4.8,5.0,3.4,Se podría mejorar un poco el material de estudio.,Mejora,NEU,NEG,4.4
Docente_43,Ética Profesional,2020-1,37,4.2,4.6,4.4,La clase estuvo bien.,Estable,POS,NEU,4.4
Docente_17,Estructuras de Datos,2023-1,24,3.4,4.3,4.8,Se podría mejorar un poco el material de estudio.,Estable,NEU,NEG,4.166666666666667
Docente_44,Matemáticas Básicas,2021-2,42,4.0,5.0,3.6,La clase estuvo bien.,Mejora,POS,NEU,4.2
Docente_25,Matemáticas Básicas,2023-1,44,4.8,4.5,3.3,Resuelve las dudas con mucha paciencia.,Mejora,NEU,NEU,4.2
Docente_20,Matemáticas Básicas,2021-2,24,3.9,4.6,5.0,La clase es muy dinámica y entretenida.,Mejora,POS,POS,4.5
Docente_11,Inteligencia Artificial,2022-2,43,3.9,3.2,4.4,"No explica bien, me siento perdido.",Estable,NEG,NEG,3.8333333333333335
Docente_3,Bases de Datos,2020-2,41,3.8,5.0,3.0,Califica de forma injusta.,Estable,NEG,NEG,3.9333333333333336
Docente_31,Ingeniería de Software,2023-1,44,4.1,3.8,3.7,Los temas son difíciles pero se entienden.,Estable,NEU,NEU,3.8666666666666667
Docente_46,Inteligencia Artificial,2020-2,41,3.9,5.0,4.4,Se nota que sabe mucho de la materia.,Mejora,NEU,NEU,4.433333333333334
Docente_45,Bases de Datos,2020-2,26,4.3,2.7,4.0,"No explica bien, me siento perdido.",Estable,NEG,NEG,3.6666666666666665
Docente_39,Ingeniería de Software,2022-2,29,2.9,3.4,3.3,Explica muy bien los temas.,Estable,POS,POS,3.1999999999999997
Docente_49,Matemáticas Básicas,2021-1,35,3.5,3.8,2.2,La clase estuvo bien.,En riesgo,POS,NEU,3.1666666666666665
Docente_42,Programación Orientada a Objetos,2020-1,27,4.7,4.9,4.2,La clase es muy dinámica y entretenida.,Mejora,POS,POS,4.6000000000000005
Docente_41,Bases de Datos,2022-2,33,3.6,3.7,3.8,Se nota que sabe mucho de la materia.,Estable,NEU,NEU,3.7000000000000006
Docente_8,Programación Orientada a Objetos,2021-2,31,4.1,3.9,4.5,Resuelve las dudas con mucha paciencia.,Estable,NEU,NEU,4.166666666666667
Docente_39,Ingeniería de Software,2023-1,40,3.8,3.9,3.7,Los temas son difíciles pero se entienden.,Estable,NEU,NEU,3.7999999999999994
Docente_29,Inteligencia Artificial,2021-1,23,3.4,3.6,4.0,Los talleres son muy útiles para aprender.,Estable,POS,POS,3.6666666666666665
Docente_44,Estructuras de Datos,2022-2,40,4.1,2.3,4.0,"El profesor es normal, ni muy bueno ni muy malo.",Estable,NEU,NEU,3.4666666666666663
Docente_13,Matemáticas Básicas,2023-1,26,4.2,4.6,4.2,Se nota que sabe mucho de la materia.,Mejora,NEU,NEU,4.333333333333333
Docente_26,Inteligencia Artificial,2021-2,15,4.6,4.6,3.4,Explica muy bien los temas.,Estable,POS,POS,4.2
Docente_36,Ingeniería de Software,2021-2,44,4.2,4.4,3.5,Se nota que sabe mucho de la materia.,Estable,NEU,NEU,4.033333333333334
Docente_30,Programación Orientada a Objetos,2022-1,37,3.2,4.5,3.4,Los talleres son muy útiles para aprender.,Estable,POS,POS,3.6999999999999997
Docente_4,Inteligencia Artificial,2023-1,34,3.7,3.4,3.2,Cumple con el programa.,Estable,NEU,NEU,3.4333333333333336
Docente_10,Matemáticas Básicas,2022-2,20,5.0,5.0,4.3,"El profesor es normal, ni muy bueno ni muy malo.",Mejora,NEU,NEU,4.766666666666667
Docente_8,Matemáticas Básicas,2023-1,39,3.6,4.2,4.4,La clase es muy aburrida y monótona.,Estable,NEG,NEG,4.066666666666667
Docente_44,Inteligencia Artificial,2020-2,22,2.9,4.5,3.3,Me inspiró a seguir aprendiendo sobre este tema.,Estable,POS,POS,3.5666666666666664
Docente_13,Ética Profesional,2022-1,24,4.1,4.4,4.1,Se podría mejorar un poco el material de estudio.,Mejora,NEU,NEG,4.2
Docente_32,Inteligencia Artificial,2021-1,28,4.1,3.9,4.1,Me inspiró a seguir aprendiendo sobre este tema.,Estable,POS,POS,4.033333333333333
Docente_39,Programación Orientada a Objetos,2022-1,38,2.8,3.7,5.0,Me inspiró a seguir aprendiendo sobre este tema.,Estable,POS,POS,3.8333333333333335
Docente_27,Programación Orientada a Objetos,2023-1,40,2.1,2.5,3.0,Califica de forma injusta.,En riesgo,NEG,NEG,2.533333333333333
Docente_2,Bases de Datos,2022-1,22,3.7,4.3,3.8,Falta mucha pedagogía.,Estable,NEG,NEG,3.9333333333333336
Docente_29,Programación Orientada a Objetos,2022-2,33,4.0,4.0,3.8,La clase es muy aburrida y monótona.,Estable,NEG,NEG,3.9333333333333336
Docente_6,Matemáticas Básicas,2023-2,19,4.6,5.0,4.8,Los talleres son muy útiles para aprender.,Mejora,POS,POS,4.8
Docente_45,Inteligencia Artificial,2021-2,37,3.4,3.3,4.4,"Asistencia puntual, pero falta dinamismo.",Estable,NEG,NEG,3.6999999999999997
Docente_46,Inteligencia Artificial,2022-1,17,3.1,4.8,4.7,La clase es muy dinámica y entretenida.,Estable,POS,POS,4.2
Docente_36,Matemáticas Básicas,2020-1,25,3.8,3.3,2.9,La clase estuvo bien.,Estable,POS,NEU,3.3333333333333335
Docente_31,Bases de Datos,2020-1,15,4.8,4.9,3.2,Cumple con el programa.,Estable,NEU,NEU,4.3
Docente_33,Estructuras de Datos,2023-1,24,3.8,3.9,3.8,"Asistencia puntual, pero falta dinamismo.",Estable,NEG,NEG,3.8333333333333335
Docente_43,Bases de Datos,2021-1,45,3.6,3.4,2.9,Cumple con el programa.,En riesgo,NEU,NEU,3.3000000000000003
Docente_3,Estructuras de Datos,2021-1,23,3.7,3.6,4.4,Los talleres son muy útiles para aprender.,Estable,POS,POS,3.9000000000000004
Docente_33,Inteligencia Artificial,2022-2,43,2.7,2.8,2.1,La clase estuvo bien.,En riesgo,POS,NEU,2.533333333333333
Docente_9,Matemáticas Básicas,2022-2,37,4.1,4.9,4.2,Cumple con el programa.,Mejora,NEU,NEU,4.3999999999999995
Docente_28,Programación Orientada a Objetos,2022-1,18,4.4,4.5,4.1,Los talleres son muy útiles para aprender.,Mejora,POS,POS,4.333333333333333
Docente_3,Programación Orientada a Objetos,2023-2,42,3.5,3.8,3.8,Cumple con el programa.,Estable,NEU,NEU,3.6999999999999997
Docente_48,Bases de Datos,2023-1,24,3.3,3.8,4.4,Cumple con el programa.,Estable,NEU,NEU,3.8333333333333335
Docente_40,Ética Profesional,2022-1,31,4.3,4.3,4.7,Los temas son difíciles pero se entienden.,Estable,NEU,NEU,4.433333333333334
Docente_28,Programación Orientada a Objetos,2022-2,38,4.0,1.8,2.9,La clase estuvo bien.,En riesgo,POS,NEU,2.9
Docente_49,Programación Orientada a Objetos,2023-2,16,4.5,5.0,4.4,La clase es muy dinámica y entretenida.,Mejora,POS,POS,4.633333333333334
Docente_10,Matemáticas Básicas,2021-2,20,4.2,4.0,3.6,"Excelente profesor, muy claro.",Estable,POS,POS,3.933333333333333
Docente_31,Bases de Datos,2021-1,37,3.8,4.3,3.8,La clase es muy aburrida y monótona.,Estable,NEG,NEG,3.9666666666666663
Docente_28,Matemáticas Básicas,2023-2,16,3.1,4.3,2.7,La clase estuvo bien.,En riesgo,POS,NEU,3.366666666666667
Docente_23,Ingeniería de Software,2023-2,29,2.3,3.2,2.3,La clase estuvo bien.,En riesgo,POS,NEU,2.6
Docente_8,Ética Profesional,2021-1,18,3.7,4.8,4.6,Se podría mejorar un poco el material de estudio.,Estable,NEU,NEG,4.366666666666666
Docente_6,Programación Orientada a Objetos,2022-1,20,3.6,4.9,3.8,Los talleres son muy útiles para aprender.,Estable,POS,POS,4.1000000000000005
Docente_48,Estructuras de Datos,2022-1,33,4.3,4.4,3.8,Los parciales no tienen nada que ver con lo visto en clase.,Estable,NEU,NEG,4.166666666666667
Docente_14,Estructuras de Datos,2020-1,31,3.8,1.0,2.0,"Asistencia puntual, pero falta dinamismo.",En riesgo,NEG,NEG,2.2666666666666666
Docente_37,Programación Orientada a Objetos,2023-1,44,4.4,4.6,3.7,"Excelente profesor, muy claro.",Mejora,POS,POS,4.233333333333333
Docente_16,Ética Profesional,2023-2,36,4.2,3.5,4.4,La clase es muy dinámica y entretenida.,Estable,POS,POS,4.033333333333334
Docente_22,Matemáticas Básicas,2022-1,36,4.7,4.4,4.3,Los temas son difíciles pero se entienden.,Mejora,NEU,NEU,4.466666666666668
Docente_8,Inteligencia Artificial,2022-2,33,3.3,4.4,4.5,La clase es muy dinámica y entretenida.,Estable,POS,POS,4.066666666666666
Docente_21,Programación Orientada a Objetos,2020-1,17,2.5,2.5,2.0,La clase estuvo bien.,En riesgo,POS,NEU,2.3333333333333335
Docente_46,Ingeniería de Software,2023-2,29,4.3,4.7,3.4,Los temas son difíciles pero se entienden.,Mejora,NEU,NEU,4.133333333333334
Docente_18,Estructuras de Datos,2020-1,25,4.5,3.5,3.2,"Excelente profesor, muy claro.",Estable,POS,POS,3.733333333333333
Docente_42,Estructuras de Datos,2023-2,25,3.3,4.2,3.7,Los parciales no tienen nada que ver con lo visto en clase.,Estable,NEU,NEG,3.733333333333333
Docente_9,Programación Orientada a Objetos,2020-1,40,4.2,4.6,3.6,"El profesor es normal, ni muy bueno ni muy malo.",Estable,NEU,NEU,4.133333333333334
Docente_21,Ética Profesional,2020-1,38,5.0,5.0,4.8,"Excelente profesor, muy claro.",Mejora,POS,POS,4.933333333333334
Docente_36,Estructuras de Datos,2023-1,17,4.1,3.9,3.7,"Asistencia puntual, pero falta dinamismo.",Estable,NEG,NEG,3.9
Docente_17,Programación Orientada a Objetos,2021-2,45,3.6,3.9,4.4,"Asistencia puntual, pero falta dinamismo.",Estable,NEG,NEG,3.966666666666667
Docente_6,Matemáticas Básicas,2021-2,20,3.6,3.6,3.4,"Asistencia puntual, pero falta dinamismo.",Estable,NEG,NEG,3.533333333333333
Docente_50,Inteligencia Artificial,2022-1,35,4.1,3.5,3.2,Resuelve las dudas con mucha paciencia.,Estable,NEU,NEU,3.6
Docente_8,Bases de Datos,2023-2,40,4.2,2.9,4.5,"No explica bien, me siento perdido.",Estable,NEG,NEG,3.8666666666666667
Docente_48,Ética Profesional,2022-1,43,3.2,4.1,3.7,Falta mucha pedagogía.,Estable,NEG,NEG,3.6666666666666665
Docente_9,Bases de Datos,2020-2,41,3.2,3.8,3.5,Se podría mejorar un poco el material de estudio.,Estable,NEU,NEG,3.5
Docente_33,Programación Orientada a Objetos,2023-2,29,1.7,3.3,2.9,Falta mucha pedagogía.,En riesgo,NEG,NEG,2.6333333333333333
Docente_31,Bases de Datos,2023-1,17,3.4,4.6,4.1,"No explica bien, me siento perdido.",Estable,NEG,NEG,4.033333333333333
Docente_24,Estructuras de Datos,2021-1,28,1.6,2.3,1.3,Los temas son difíciles pero se entienden.,En riesgo,NEU,NEU,1.7333333333333334
Docente_28,Matemáticas Básicas,2020-1,31,4.4,4.0,4.0,Los temas son difíciles pero se entienden.,Estable,NEU,NEU,4.133333333333334
Docente_30,Ingeniería de Software,2021-2,35,3.1,2.4,1.9,Los temas son difíciles pero se entienden.,En riesgo,NEU,NEU,2.466666666666667
Docente_46,Programación Orientada a Objetos,2023-2,31,2.9,2.9,2.5,Los temas son difíciles pero se entienden.,En riesgo,NEU,NEU,2.766666666666667
Docente_42,Estructuras de Datos,2020-2,24,3.7,4.5,3.8,La clase es muy aburrida y monótona.,Estable,NEG,NEG,4.0
Docente_28,Matemáticas Básicas,2023-2,24,3.5,3.5,5.0,Resuelve las dudas con mucha paciencia.,Estable,NEU,NEU,4.0
Docente_9,Ingeniería de Software,2022-1,41,2.9,2.9,3.2,No resuelve las dudas de los estudiantes.,En riesgo,NEG,NEG,3.0
Docente_34,Inteligencia Artificial,2022-1,33,4.2,3.4,4.3,"Excelente profesor, muy claro.",Estable,POS,POS,3.9666666666666663
Docente_36,Matemáticas Básicas,2020-1,31,4.4,3.8,5.0,"Excelente profesor, muy claro.",Mejora,POS,POS,4.3999999999999995
Docente_33,Inteligencia Artificial,2023-1,18,3.7,3.0,4.1,La clase es muy aburrida y monótona.,Estable,NEG,NEG,3.6
Docente_43,Ingeniería de Software,2022-1,26,2.5,3.1,1.9,Llega tarde a las clases frecuentemente.,En riesgo,NEG,NEG,2.5
Docente_38,Matemáticas Básicas,2020-1,18,3.4,2.4,4.1,La clase es muy aburrida y monótona.,Estable,NEG,NEG,3.2999999999999994
Docente_12,Ética Profesional,2021-1,41,2.9,3.7,3.2,"Asistencia puntual, pero falta dinamismo.",Estable,NEG,NEG,3.266666666666667
Docente_3,Matemáticas Básicas,2023-1,43,3.8,4.7,3.8,Se podría mejorar un poco el material de estudio.,Mejora,NEU,NEG,4.1000000000000005
Docente_20,Bases de Datos,2023-2,39,3.8,3.7,3.9,La clase es muy aburrida y monótona.,Estable,NEG,NEG,3.8000000000000003
Docente_40,Ética Profesional,2022-1,25,3.9,3.6,3.9,Los talleres son muy útiles para aprender.,Estable,POS,POS,3.8000000000000003
Docente_14,Programación Orientada a Objetos,2020-2,38,2.9,3.9,4.2,Falta mucha pedagogía.,Estable,NEG,NEG,3.6666666666666665
Docente_17,Ética Profesional,2020-2,28,4.1,3.8,3.4,Llega tarde a las clases frecuentemente.,Estable,NEG,NEG,3.766666666666666
Docente_2,Matemáticas Básicas,2023-1,18,3.2,3.5,2.2,"No explica bien, me siento perdido.",En riesgo,NEG,NEG,2.966666666666667
Docente_11,Ingeniería de Software,2023-2,29,2.9,2.0,1.8,Se podría mejorar un poco el material de estudio.,En riesgo,NEU,NEG,2.2333333333333334
Docente_26,Ética Profesional,2023-2,24,4.0,4.2,4.8,"El profesor es normal, ni muy bueno ni muy malo.",Mejora,NEU,NEU,4.333333333333333
Docente_40,Bases de Datos,2023-1,40,4.1,4.8,4.3,Resuelve las dudas con mucha paciencia.,Mejora,NEU,NEU,4.3999999999999995
Docente_6,Programación Orientada a Objetos,2021-1,15,3.6,3.6,3.8,Me inspiró a seguir aprendiendo sobre este tema.,Estable,POS,POS,3.6666666666666665
Docente_8,Ética Profesional,2020-1,37,1.8,3.4,2.1,No resuelve las dudas de los estudiantes.,En riesgo,NEG,NEG,2.4333333333333336
Docente_2,Programación Orientada a Objetos,2023-2,35,2.8,3.7,3.6,Resuelve las dudas con mucha paciencia.,Estable,NEU,NEU,3.3666666666666667
Docente_42,Programación Orientada a Objetos,2023-1,41,2.0,1.6,2.6,Los temas son difíciles pero se entienden.,En riesgo,NEU,NEU,2.066666666666667
Docente_35,Programación Orientada a Objetos,2020-2,24,4.2,3.9,4.7,La clase es muy aburrida y monótona.,Estable,NEG,NEG,4.266666666666667
Docente_10,Inteligencia Artificial,2023-1,15,2.5,3.2,2.1,La clase es muy aburrida y monótona.,En riesgo,NEG,NEG,2.6
Docente_11,Programación Orientada a Objetos,2023-2,45,2.7,3.8,3.9,Califica de forma injusta.,Estable,NEG,NEG,3.466666666666667
Docente_31,Matemáticas Básicas,2023-2,33,2.2,3.0,2.9,No resuelve las dudas de los estudiantes.,En riesgo,NEG,NEG,2.6999999999999997
Docente_13,Bases de Datos,2023-1,16,1.4,2.8,2.9,Los parciales no tienen nada que ver con lo visto en clase.,En riesgo,NEU,NEG,2.3666666666666667
Docente_1,Matemáticas Básicas,2023-1,28,4.5,3.7,4.3,La clase estuvo bien.,Mejora,POS,NEU,4.166666666666667
Docente_48,Estructuras de Datos,2022-1,16,4.3,4.4,5.0,La clase estuvo bien.,Mejora,POS,NEU,4.566666666666666
Docente_26,Inteligencia Artificial,2023-2,22,4.1,3.9,3.8,"Excelente profesor, muy claro.",Estable,POS,POS,3.9333333333333336
Docente_34,Matemáticas Básicas,2023-1,33,3.1,4.3,3.8,Los temas son difíciles pero se entienden.,Estable,NEU,NEU,3.733333333333333
Docente_36,Matemáticas Básicas,2022-1,43,3.4,3.9,3.0,"No explica bien, me siento perdido.",Estable,NEG,NEG,3.4333333333333336
Docente_31,Matemáticas Básicas,2023-2,34,4.9,5.0,5.0,Los temas son difíciles pero se entienden.,Mejora,NEU,NEU,4.966666666666667
Docente_23,Inteligencia Artificial,2023-1,15,5.0,5.0,4.3,Se nota que sabe mucho de la materia.,Mejora,NEU,NEU,4.766666666666667
Docente_19,Ingeniería de Software,2021-2,30,3.1,2.7,4.1,Se podría mejorar un poco el material de estudio.,Estable,NEU,NEG,3.3000000000000003
Docente_29,Programación Orientada a Objetos,2021-2,33,4.1,4.0,3.5,Los temas son difíciles pero se entienden.,Estable,NEU,NEU,3.8666666666666667
Docente_39,Ética Profesional,2023-2,19,3.9,4.4,3.6,"El profesor es normal, ni muy bueno ni muy malo.",Estable,NEU,NEU,3.966666666666667
Docente_47,Ingeniería de Software,2023-1,45,4.8,3.5,3.2,"No explica bien, me siento perdido.",Estable,NEG,NEG,3.8333333333333335
Docente_44,Ingeniería de Software,2022-2,40,4.0,3.7,2.7,Califica de forma injusta.,Estable,NEG,NEG,3.466666666666667
Docente_11,Estructuras de Datos,2021-2,24,3.8,3.6,4.5,Se nota que sabe mucho de la materia.,Estable,NEU,NEU,3.966666666666667
Docente_43,Inteligencia Artificial,2021-1,20,3.4,2.6,1.8,No resuelve las dudas de los estudiantes.,En riesgo,NEG,NEG,2.6
Docente_11,Estructuras de Datos,2023-2,18,4.4,4.1,3.9,"No explica bien, me siento perdido.",Estable,NEG,NEG,4.133333333333334
Docente_32,Bases de Datos,2021-2,21,3.6,3.1,3.2,Llega tarde a las clases frecuentemente.,Estable,NEG,NEG,3.3000000000000003
Docente_4,Matemáticas Básicas,2022-2,43,3.8,4.4,3.6,Cumple con el programa.,Estable,NEU,NEU,3.933333333333333
Docente_23,Ingeniería de Software,2021-1,20,5.0,4.0,3.8,Cumple con el programa.,Mejora,NEU,NEU,4.266666666666667
Docente_3,Ética Profesional,2020-2,25,3.4,3.5,3.2,"No explica bien, me siento perdido.",Estable,NEG,NEG,3.366666666666667
Docente_8,Estructuras de Datos,2021-2,18,4.6,4.5,3.8,Cumple con el programa.,Mejora,NEU,NEU,4.3
Docente_15,Inteligencia Artificial,2022-1,25,3.8,4.6,4.0,Se podría mejorar un poco el material de estudio.,Estable,NEU,NEG,4.133333333333333
Docente_50,Matemáticas Básicas,2022-1,43,3.5,3.5,3.1,Resuelve las dudas con mucha paciencia.,Estable,NEU,NEU,3.3666666666666667
Docente_45,Ética Profesional,2020-2,37,3.2,3.5,3.7,"Excelente profesor, muy claro.",Estable,POS,POS,3.466666666666667
Docente_29,Ética Profesional,2023-2,45,3.8,4.5,4.1,La clase es muy dinámica y entretenida.,Estable,POS,POS,4.133333333333334
Docente_7,Ética Profesional,2020-2,41,1.5,2.6,2.9,Cumple con el programa.,En riesgo,NEU,NEU,2.3333333333333335
Docente_3,Estructuras de Datos,2020-2,20,5.0,4.8,4.5,Los temas son difíciles pero se entienden.,Mejora,NEU,NEU,4.766666666666667
Docente_8,Ética Profesional,2021-2,44,3.7,3.2,3.7,Se podría mejorar un poco el material de estudio.,Estable,NEU,NEG,3.5333333333333337
Docente_11,Ingeniería de Software,2022-1,37,3.5,3.1,3.3,La clase es muy aburrida y monótona.,Estable,NEG,NEG,3.2999999999999994
Docente_49,Estructuras de Datos,2023-2,38,3.3,3.7,3.5,La clase es muy dinámica y entretenida.,Estable,POS,POS,3.5
Docente_10,Ingeniería de Software,2022-2,25,4.0,3.5,3.5,Resuelve las dudas con mucha paciencia.,Estable,NEU,NEU,3.6666666666666665
Docente_8,Ética Profesional,2021-2,29,2.5,2.4,2.4,Falta mucha pedagogía.,En riesgo,NEG,NEG,2.4333333333333336
Docente_50,Ética Profesional,2020-1,22,3.6,3.5,3.6,Califica de forma injusta.,Estable,NEG,NEG,3.5666666666666664
Docente_22,Bases de Datos,2021-1,17,4.3,4.2,5.0,Cumple con el programa.,Estable,NEU,NEU,4.5
Docente_24,Ingeniería de Software,2023-1,26,4.9,4.3,4.1,Los temas son difíciles pero se entienden.,Mejora,NEU,NEU,4.433333333333333
Docente_43,Programación Orientada a Objetos,2021-1,39,4.6,4.0,4.7,"Asistencia puntual, pero falta dinamismo.",Mejora,NEG,NEG,4.433333333333334
Docente_34,Inteligencia Artificial,2021-2,19,4.5,5.0,4.6,"Asistencia puntual, pero falta dinamismo.",Mejora,NEG,NEG,4.7
Docente_28,Inteligencia Artificial,2023-1,43,3.4,3.5,4.2,La clase es muy aburrida y monótona.,Estable,NEG,NEG,3.7000000000000006
Docente_34,Ética Profesional,2022-2,45,3.3,4.8,3.6,Explica muy bien los temas.,Estable,POS,POS,3.9
Docente_29,Programación Orientada a Objetos,2020-1,37,3.6,3.3,4.1,No resuelve las dudas de los estudiantes.,Estable,NEG,NEG,3.6666666666666665
Docente_5,Matemáticas Básicas,2022-2,25,4.6,3.8,4.4,Me inspiró a seguir aprendiendo sobre este tema.,Mejora,POS,POS,4.266666666666667
Docente_50,Programación Orientada a Objetos,2023-1,16,3.9,4.5,2.9,"Asistencia puntual, pero falta dinamismo.",Estable,NEG,NEG,3.766666666666667
Docente_49,Matemáticas Básicas,2021-1,43,4.3,5.0,4.2,"El profesor es normal, ni muy bueno ni muy malo.",Mejora,NEU,NEU,4.5
Docente_4,Ingeniería de Software,2022-1,28,1.1,1.8,2.3,Falta mucha pedagogía.,En riesgo,NEG,NEG,1.7333333333333334
Docente_44,Ingeniería de Software,2022-1,38,4.4,4.3,3.4,Los temas son difíciles pero se entienden.,Estable,NEU,NEU,4.033333333333333
Docente_23,Matemáticas Básicas,2022-1,43,4.1,4.2,4.1,No resuelve las dudas de los estudiantes.,Estable,NEG,NEG,4.133333333333334
Docente_40,Programación Orientada a Objetos,2023-1,29,1.9,1.9,2.1,Los temas son difíciles pero se entienden.,En riesgo,NEU,NEU,1.9666666666666668
Docente_14,Estructuras de Datos,2023-2,37,3.5,4.3,3.7,Los talleres son muy útiles para aprender.,Mejora,POS,POS,3.8333333333333335
Docente_42,Inteligencia Artificial,2021-2,43,2.7,2.0,2.0,Llega tarde a las clases frecuentemente.,En riesgo,NEG,NEG,2.2333333333333334
Docente_6,Matemáticas Básicas,2022-2,27,3.1,3.9,3.4,Resuelve las dudas con mucha paciencia.,Estable,NEU,NEU,3.466666666666667
Docente_34,Estructuras de Datos,2022-1,21,3.5,3.8,4.6,Se nota que sabe mucho de la materia.,Estable,NEU,NEU,3.9666666666666663
Docente_33,Estructuras de Datos,2022-1,31,3.5,4.1,3.5,Los temas son difíciles pero se entienden.,Estable,NEU,NEU,3.6999999999999997
Docente_49,Ingeniería de Software,2021-1,15,4.2,4.8,4.1,Explica muy bien los temas.,Mejora,POS,POS,4.366666666666666
Docente_35,Estructuras de Datos,2022-1,22,4.2,4.3,4.6,"El profesor es normal, ni muy bueno ni muy malo.",Estable,NEU,NEU,4.366666666666666
Docente_47,Inteligencia Artificial,2020-2,38,5.0,5.0,3.7,Explica muy bien los temas.,Mejora,POS,POS,4.566666666666666
Docente_24,Bases de Datos,2022-2,18,3.9,5.0,4.9,Explica muy bien los temas.,Mejora,POS,POS,4.6000000000000005
Docente_49,Ingeniería de Software,2020-2,29,4.1,3.5,3.7,"El profesor es normal, ni muy bueno ni muy malo.",Estable,NEU,NEU,3.766666666666667
Docente_37,Ingeniería de Software,2020-1,29,3.4,4.3,3.3,Los temas son difíciles pero se entienden.,Estable,NEU,NEU,3.6666666666666665
Docente_16,Ética Profesional,2021-2,26,1.9,2.8,1.6,Llega tarde a las clases frecuentemente.,En riesgo,NEG,NEG,2.0999999999999996
Docente_19,Ingeniería de Software,2021-1,37,2.9,1.7,2.7,Falta mucha pedagogía.,En riesgo,NEG,NEG,2.433333333333333
Docente_34,Ingeniería de Software,2021-2,18,3.5,3.8,3.2,Los temas son difíciles pero se entienden.,Estable,NEU,NEU,3.5
Docente_34,Estructuras de Datos,2021-2,41,4.9,2.9,3.0,Se podría mejorar un poco el material de estudio.,Estable,NEU,NEG,3.6
Docente_30,Matemáticas Básicas,2021-1,37,4.5,4.1,3.9,"No explica bien, me siento perdido.",Estable,NEG,NEG,4.166666666666667
Docente_27,Matemáticas Básicas,2020-2,16,3.7,4.0,3.8,"No explica bien, me siento perdido.",Estable,NEG,NEG,3.8333333333333335
Docente_9,Inteligencia Artificial,2021-2,29,3.8,4.6,3.6,"Excelente profesor, muy claro.",Mejora,POS,POS,3.9999999999999996
Docente_24,Ingeniería de Software,2023-1,33,4.6,3.9,4.8,Cumple con el programa.,Mejora,NEU,NEU,4.433333333333334
Docente_34,Ética Profesional,2023-1,42,3.9,4.3,3.7,Cumple con el programa.,Estable,NEU,NEU,3.9666666666666663
Docente_38,Inteligencia Artificial,2023-1,29,3.6,3.8,4.1,Califica de forma injusta.,Estable,NEG,NEG,3.8333333333333335
Docente_47,Inteligencia Artificial,2021-1,19,4.7,4.3,4.5,No resuelve las dudas de los estudiantes.,Estable,NEG,NEG,4.5
Docente_9,Inteligencia Artificial,2023-2,19,1.8,2.7,2.1,Se podría mejorar un poco el material de estudio.,En riesgo,NEU,NEG,2.1999999999999997
Docente_33,Ética Profesional,2020-2,37,4.2,3.9,3.9,Me inspiró a seguir aprendiendo sobre este tema.,Estable,POS,POS,4.0
Docente_30,Inteligencia Artificial,2020-1,38,2.7,3.6,4.5,Los talleres son muy útiles para aprender.,Estable,POS,POS,3.6
Docente_36,Bases de Datos,2020-2,34,3.1,3.4,4.1,"No explica bien, me siento perdido.",Estable,NEG,NEG,3.533333333333333
Docente_8,Matemáticas Básicas,2022-2,33,3.7,4.6,4.6,"El profesor es normal, ni muy bueno ni muy malo.",Estable,NEU,NEU,4.3
Docente_3,Estructuras de Datos,2021-1,18,3.9,4.3,3.7,Se podría mejorar un poco el material de estudio.,Estable,NEU,NEG,3.9666666666666663
Docente_20,Bases de Datos,2022-1,24,4.9,4.2,4.6,La clase estuvo bien.,Mejora,POS,NEU,4.566666666666667
Docente_2,Ética Profesional,2021-1,19,2.7,3.3,1.8,"Asistencia puntual, pero falta dinamismo.",En riesgo,NEG,NEG,2.6
Docente_38,Inteligencia Artificial,2020-1,44,5.0,4.5,5.0,Resuelve las dudas con mucha paciencia.,Mejora,NEU,NEU,4.833333333333333
Docente_19,Programación Orientada a Objetos,2021-1,41,2.9,4.0,3.8,Califica de forma injusta.,Estable,NEG,NEG,3.5666666666666664
Docente_1,Matemáticas Básicas,2022-2,17,5.0,4.7,4.0,Explica muy bien los temas.,Mejora,POS,POS,4.566666666666666
Docente_27,Inteligencia Artificial,2022-1,33,3.8,3.4,3.6,La clase es muy aburrida y monótona.,Estable,NEG,NEG,3.5999999999999996
Docente_22,Ética Profesional,2023-1,30,3.0,2.6,2.8,Se podría mejorar un poco el material de estudio.,En riesgo,NEU,NEG,2.7999999999999994
Docente_39,Programación Orientada a Objetos,2021-1,31,5.0,4.1,4.2,Los temas son difíciles pero se entienden.,Mejora,NEU,NEU,4.433333333333334
Docente_30,Ética Profesional,2023-2,36,2.1,2.0,1.4,La clase estuvo bien.,En riesgo,POS,NEU,1.8333333333333333
Docente_10,Ética Profesional,2022-2,17,4.6,4.3,4.5,"Asistencia puntual, pero falta dinamismo.",Mejora,NEG,NEG,4.466666666666666
Docente_40,Ingeniería de Software,2023-1,27,5.0,4.3,3.3,La clase es muy dinámica y entretenida.,Mejora,POS,POS,4.2
Docente_26,Bases de Datos,2020-1,45,4.5,4.2,3.7,La clase es muy aburrida y monótona.,Estable,NEG,NEG,4.133333333333333
Docente_48,Bases de Datos,2020-2,42,4.9,4.7,4.1,Se nota que sabe mucho de la materia.,Mejora,NEU,NEU,4.566666666666667
Docente_46,Matemáticas Básicas,2022-1,32,4.8,4.4,4.5,Los temas son difíciles pero se entienden.,Mejora,NEU,NEU,4.566666666666666
Docente_8,Ingeniería de Software,2020-2,21,3.2,3.3,2.6,"El profesor es normal, ni muy bueno ni muy malo.",En riesgo,NEU,NEU,3.033333333333333
Docente_35,Estructuras de Datos,2020-1,45,3.5,3.9,3.7,Los parciales no tienen nada que ver con lo visto en clase.,Estable,NEU,NEG,3.7000000000000006
Docente_34,Programación Orientada a Objetos,2023-2,31,4.9,4.6,4.9,Explica muy bien los temas.,Mejora,POS,POS,4.8
Docente_8,Ingeniería de Software,2021-1,45,4.3,4.9,4.3,Explica muy bien los temas.,Mejora,POS,POS,4.5
Docente_18,Ética Profesional,2021-2,22,4.0,5.0,3.6,Se podría mejorar un poco el material de estudio.,Mejora,NEU,NEG,4.2
Docente_38,Inteligencia Artificial,2020-2,40,2.2,3.7,3.3,Cumple con el programa.,En riesgo,NEU,NEU,3.0666666666666664
Docente_39,Bases de Datos,2023-1,33,3.7,3.5,3.7,"Excelente profesor, muy claro.",Estable,POS,POS,3.6333333333333333
Docente_32,Ética Profesional,2020-1,25,4.3,4.3,4.2,Me inspiró a seguir aprendiendo sobre este tema.,Mejora,POS,POS,4.266666666666667
Docente_12,Inteligencia Artificial,2020-1,42,4.2,4.1,3.2,No resuelve las dudas de los estudiantes.,Estable,NEG,NEG,3.8333333333333335
Docente_21,Inteligencia Artificial,2022-1,17,5.0,4.1,4.0,"Excelente profesor, muy claro.",Mejora,POS,POS,4.366666666666666
Docente_7,Estructuras de Datos,2021-1,24,4.1,2.5,3.3,Resuelve las dudas con mucha paciencia.,Estable,NEU,NEU,3.2999999999999994
Docente_12,Bases de Datos,2020-2,19,5.0,4.4,3.9,Resuelve las dudas con mucha paciencia.,Mejora,NEU,NEU,4.433333333333334
Docente_27,Ingeniería de Software,2021-1,16,4.2,4.5,4.0,Falta mucha pedagogía.,Estable,NEG,NEG,4.233333333333333
Docente_21,Programación Orientada a Objetos,2020-1,37,3.1,5.0,3.3,"Excelente profesor, muy claro.",Estable,POS,POS,3.7999999999999994
Docente_20,Inteligencia Artificial,2020-2,25,4.7,4.2,3.9,Resuelve las dudas con mucha paciencia.,Estable,NEU,NEU,4.266666666666667
Docente_27,Bases de Datos,2022-1,27,4.3,4.1,4.3,"Excelente profesor, muy claro.",Mejora,POS,POS,4.233333333333333
Docente_4,Programación Orientada a Objetos,2021-2,39,3.1,4.6,3.0,Falta mucha pedagogía.,Estable,NEG,NEG,3.5666666666666664
Docente_38,Programación Orientada a Objetos,2023-2,31,3.1,2.7,3.0,"Asistencia puntual, pero falta dinamismo.",En riesgo,NEG,NEG,2.9333333333333336
Docente_33,Inteligencia Artificial,2020-2,23,3.7,4.6,3.6,"Excelente profesor, muy claro.",Estable,POS,POS,3.966666666666667
Docente_21,Inteligencia Artificial,2023-1,17,1.1,1.7,2.1,La clase estuvo bien.,En riesgo,POS,NEU,1.6333333333333335
Docente_2,Inteligencia Artificial,2021-2,44,3.3,3.6,3.5,Explica muy bien los temas.,Estable,POS,POS,3.466666666666667
Docente_18,Estructuras de Datos,2020-2,22,4.2,2.7,2.2,"Asistencia puntual, pero falta dinamismo.",En riesgo,NEG,NEG,3.0333333333333337
Docente_36,Ingeniería de Software,2021-1,24,4.0,4.0,4.0,Los parciales no tienen nada que ver con lo visto en clase.,Estable,NEU,NEG,4.0
Docente_27,Inteligencia Artificial,2020-2,42,3.9,3.7,3.8,No resuelve las dudas de los estudiantes.,Estable,NEG,NEG,3.7999999999999994
Docente_14,Ética Profesional,2021-1,26,4.3,4.5,4.0,Cumple con el programa.,Mejora,NEU,NEU,4.266666666666667
Docente_11,Ética Profesional,2021-2,32,4.2,4.3,4.6,Me inspiró a seguir aprendiendo sobre este tema.,Mejora,POS,POS,4.366666666666666
Docente_36,Inteligencia Artificial,2020-1,15,2.7,3.1,2.6,La clase estuvo bien.,En riesgo,POS,NEU,2.8000000000000003
Docente_40,Bases de Datos,2021-1,15,4.2,3.7,4.1,"Excelente profesor, muy claro.",Estable,POS,POS,4.0
Docente_31,Bases de Datos,2022-1,41,3.6,3.6,4.6,"Asistencia puntual, pero falta dinamismo.",Estable,NEG,NEG,3.9333333333333336
Docente_23,Ética Profesional,2021-2,33,4.0,3.8,4.5,No resuelve las dudas de los estudiantes.,Estable,NEG,NEG,4.1000000000000005
Docente_19,Matemáticas Básicas,2021-1,38,3.0,1.0,1.0,Cumple con el programa.,En riesgo,NEU,NEU,1.6666666666666667
Docente_37,Matemáticas Básicas,2022-1,17,3.2,2.9,3.9,"Asistencia puntual, pero falta dinamismo.",Estable,NEG,NEG,3.3333333333333335
Docente_45,Matemáticas Básicas,2021-1,38,4.5,4.4,4.1,Cumple con el programa.,Mejora,NEU,NEU,4.333333333333333
Docente_18,Inteligencia Artificial,2021-2,34,3.6,4.5,4.2,No resuelve las dudas de los estudiantes.,Estable,NEG,NEG,4.1000000000000005
Docente_21,Ingeniería de Software,2022-2,35,4.1,4.5,3.4,Cumple con el programa.,Estable,NEU,NEU,4.0
Docente_49,Ingeniería de Software,2023-2,23,3.5,4.6,4.8,La clase estuvo bien.,Estable,POS,NEU,4.3
Docente_43,Bases de Datos,2022-2,21,3.5,3.9,4.6,La clase es muy aburrida y monótona.,Estable,NEG,NEG,4.0
Docente_39,Bases de Datos,2020-1,44,4.2,3.5,4.2,Resuelve las dudas con mucha paciencia.,Estable,NEU,NEU,3.966666666666667
Docente_42,Matemáticas Básicas,2023-2,15,4.3,4.2,4.5,Explica muy bien los temas.,Mejora,POS,POS,4.333333333333333
Docente_44,Programación Orientada a Objetos,2023-1,32,4.0,4.7,4.1,Califica de forma injusta.,Estable,NEG,NEG,4.266666666666667
Docente_49,Inteligencia Artificial,2020-2,40,4.6,4.6,5.0,Los temas son difíciles pero se entienden.,Mejora,NEU,NEU,4.733333333333333
Docente_42,Matemáticas Básicas,2020-1,43,4.0,4.6,3.5,Los temas son difíciles pero se entienden.,Mejora,NEU,NEU,4.033333333333333
Docente_29,Ingeniería de Software,2020-2,26,3.5,3.5,3.3,"Asistencia puntual, pero falta dinamismo.",Estable,NEG,NEG,3.4333333333333336
Docente_39,Bases de Datos,2023-1,20,4.5,4.7,4.0,"Asistencia puntual, pero falta dinamismo.",Mejora,NEG,NEG,4.3999999999999995
Docente_45,Matemáticas Básicas,2020-2,29,4.7,4.5,4.2,Los talleres son muy útiles para aprender.,Mejora,POS,POS,4.466666666666666
Docente_13,Inteligencia Artificial,2020-1,22,2.6,3.4,2.4,Se podría mejorar un poco el material de estudio.,En riesgo,NEU,NEG,2.8000000000000003
Docente_2,Ética Profesional,2022-1,36,4.1,3.2,3.5,Se podría mejorar un poco el material de estudio.,Estable,NEU,NEG,3.6
Docente_13,Matemáticas Básicas,2022-1,40,4.5,4.7,4.0,Se podría mejorar un poco el material de estudio.,Mejora,NEU,NEG,4.3999999999999995
Docente_15,Programación Orientada a Objetos,2023-2,45,3.6,3.9,4.2,Se podría mejorar un poco el material de estudio.,Estable,NEU,NEG,3.9
Docente_3,Bases de Datos,2023-2,43,3.8,4.5,4.1,Falta mucha pedagogía.,Estable,NEG,NEG,4.133333333333334
Docente_14,Matemáticas Básicas,2021-2,41,4.4,3.9,4.2,"Asistencia puntual, pero falta dinamismo.",Estable,NEG,NEG,4.166666666666667
Docente_8,Ética Profesional,2022-1,33,4.4,4.6,4.4,Cumple con el programa.,Mejora,NEU,NEU,4.466666666666667
Docente_32,Programación Orientada a Objetos,2021-2,36,3.1,3.7,4.0,Los parciales no tienen nada que ver con lo visto en clase.,Estable,NEU,NEG,3.6
Docente_44,Ingeniería de Software,2021-1,17,2.4,4.1,3.0,"El profesor es normal, ni muy bueno ni muy malo.",En riesgo,NEU,NEU,3.1666666666666665
Docente_9,Ingeniería de Software,2020-2,19,4.2,3.8,3.7,Cumple con el programa.,Estable,NEU,NEU,3.9
Docente_37,Ética Profesional,2021-2,43,3.3,2.3,3.7,No resuelve las dudas de los estudiantes.,Estable,NEG,NEG,3.1
Docente_47,Ética Profesional,2022-1,21,3.8,3.3,3.4,Explica muy bien los temas.,Estable,POS,POS,3.5
Docente_45,Ingeniería de Software,2022-1,36,4.2,4.4,5.0,Cumple con el programa.,Mejora,NEU,NEU,4.533333333333334
Docente_30,Matemáticas Básicas,2023-1,35,4.3,4.5,2.6,"Excelente profesor, muy claro.",Estable,POS,POS,3.8000000000000003
Docente_21,Inteligencia Artificial,2023-1,23,3.5,3.9,4.9,La clase es muy dinámica y entretenida.,Estable,POS,POS,4.1000000000000005
Docente_44,Estructuras de Datos,2023-2,30,2.5,2.6,2.6,Los parciales no tienen nada que ver con lo visto en clase.,En riesgo,NEU,NEG,2.5666666666666664
Docente_34,Ética Profesional,2020-1,43,3.3,4.4,4.2,La clase estuvo bien.,Estable,POS,NEU,3.966666666666667
Docente_4,Bases de Datos,2023-1,32,4.6,4.0,4.1,La clase estuvo bien.,Mejora,POS,NEU,4.233333333333333
Docente_21,Matemáticas Básicas,2023-1,21,3.4,3.7,3.6,Los temas son difíciles pero se entienden.,Estable,NEU,NEU,3.5666666666666664
Docente_6,Estructuras de Datos,2020-1,38,3.9,3.9,3.4,La clase estuvo bien.,Estable,POS,NEU,3.733333333333333
Docente_45,Inteligencia Artificial,2020-2,44,3.6,4.0,3.9,La clase estuvo bien.,Estable,POS,NEU,3.8333333333333335
Docente_13,Programación Orientada a Objetos,2022-2,24,4.0,2.9,3.9,Se nota que sabe mucho de la materia.,Estable,NEU,NEU,3.6
Docente_41,Ingeniería de Software,2020-2,15,3.5,3.9,3.6,Califica de forma injusta.,Estable,NEG,NEG,3.6666666666666665
Docente_28,Ética Profesional,2020-1,33,3.5,4.2,3.8,Los temas son difíciles pero se entienden.,Estable,NEU,NEU,3.8333333333333335
Docente_17,Programación Orientada a Objetos,2020-2,30,2.9,3.9,4.4,La clase estuvo bien.,Estable,POS,NEU,3.733333333333333
Docente_22,Ética Profesional,2020-1,41,4.5,4.1,4.3,Los temas son difíciles pero se entienden.,Estable,NEU,NEU,4.3
Docente_34,Ética Profesional,2021-2,45,4.3,4.0,4.5,"Excelente profesor, muy claro.",Mejora,POS,POS,4.266666666666667
Docente_50,Estructuras de Datos,2023-2,39,3.2,3.5,4.1,La clase es muy dinámica y entretenida.,Estable,POS,POS,3.6
Docente_41,Inteligencia Artificial,2020-2,17,4.4,4.6,5.0,Explica muy bien los temas.,Mejora,POS,POS,4.666666666666667
Docente_3,Inteligencia Artificial,2022-2,43,2.7,2.2,3.1,Se podría mejorar un poco el material de estudio.,En riesgo,NEU,NEG,2.6666666666666665
Docente_5,Ética Profesional,2021-1,16,3.4,1.0,2.0,"Asistencia puntual, pero falta dinamismo.",En riesgo,NEG,NEG,2.1333333333333333
Docente_29,Matemáticas Básicas,2022-1,34,2.7,3.4,4.0,"No explica bien, me siento perdido.",Estable,NEG,NEG,3.3666666666666667
Docente_5,Matemáticas Básicas,2020-1,32,4.5,4.6,4.8,Explica muy bien los temas.,Mejora,POS,POS,4.633333333333333
Docente_19,Ética Profesional,2023-1,27,3.6,4.4,2.8,La clase es muy dinámica y entretenida.,Estable,POS,POS,3.6
Docente_40,Ética Profesional,2023-1,22,3.1,3.5,3.7,Falta mucha pedagogía.,Estable,NEG,NEG,3.4333333333333336
Docente_43,Estructuras de Datos,2020-1,29,3.8,3.3,3.7,"Asistencia puntual, pero falta dinamismo.",Estable,NEG,NEG,3.6
Docente_30,Ética Profesional,2023-1,43,3.9,2.4,2.9,"El profesor es normal, ni muy bueno ni muy malo.",En riesgo,NEU,NEU,3.0666666666666664
Docente_40,Matemáticas Básicas,2022-2,35,4.4,4.7,4.6,Los temas son difíciles pero se entienden.,Mejora,NEU,NEU,4.566666666666667
Docente_2,Inteligencia Artificial,2022-2,33,4.6,4.5,4.7,La clase es muy dinámica y entretenida.,Mejora,POS,POS,4.6000000000000005
Docente_7,Matemáticas Básicas,2020-1,34,2.6,2.5,1.3,Se podría mejorar un poco el material de estudio.,En riesgo,NEU,NEG,2.1333333333333333
Docente_5,Estructuras de Datos,2021-2,43,5.0,4.2,4.7,"El profesor es normal, ni muy bueno ni muy malo.",Mejora,NEU,NEU,4.633333333333333
Docente_9,Ingeniería de Software,2022-1,26,3.6,3.2,3.8,"No explica bien, me siento perdido.",Estable,NEG,NEG,3.5333333333333337
Docente_31,Ingeniería de Software,2023-2,20,1.4,3.0,3.4,No resuelve las dudas de los estudiantes.,En riesgo,NEG,NEG,2.6
Docente_9,Ética Profesional,2020-1,16,4.1,4.8,4.1,Se nota que sabe mucho de la materia.,Mejora,NEU,NEU,4.333333333333333
Docente_20,Estructuras de Datos,2023-1,31,4.2,4.4,3.6,Se podría mejorar un poco el material de estudio.,Estable,NEU,NEG,4.066666666666667
Docente_20,Estructuras de Datos,2021-1,19,3.9,4.7,4.7,La clase estuvo bien.,Mejora,POS,NEU,4.433333333333334
Docente_20,Estructuras de Datos,2022-2,24,3.9,4.3,3.8,Se podría mejorar un poco el material de estudio.,Estable,NEU,NEG,4.0
Docente_1,Estructuras de Datos,2021-1,16,5.0,3.7,3.5,La clase estuvo bien.,Estable,POS,NEU,4.066666666666666
Docente_33,Ética Profesional,2020-1,28,2.7,2.1,2.3,Los parciales no tienen nada que ver con lo visto en clase.,En riesgo,NEU,NEG,2.3666666666666667
Docente_13,Programación Orientada a Objetos,2021-2,40,3.4,3.8,4.2,Se nota que sabe mucho de la materia.,Estable,NEU,NEU,3.7999999999999994
Docente_22,Programación Orientada a Objetos,2023-2,37,2.7,2.3,3.1,Se podría mejorar un poco el material de estudio.,En riesgo,NEU,NEG,2.6999999999999997
Docente_30,Estructuras de Datos,2022-2,42,3.0,4.5,3.8,Los parciales no tienen nada que ver con lo visto en clase.,Estable,NEU,NEG,3.766666666666667
Docente_37,Bases de Datos,2022-1,28,4.3,3.9,3.9,Los temas son difíciles pero se entienden.,Estable,NEU,NEU,4.033333333333333
Docente_11,Matemáticas Básicas,2023-2,43,5.0,4.6,4.7,"Asistencia puntual, pero falta dinamismo.",Mejora,NEG,NEG,4.766666666666667
Docente_3,Inteligencia Artificial,2021-2,44,4.1,4.2,3.6,Explica muy bien los temas.,Estable,POS,POS,3.966666666666667
Docente_41,Programación Orientada a Objetos,2021-2,29,2.3,2.4,3.7,"El profesor es normal, ni muy bueno ni muy malo.",En riesgo,NEU,NEU,2.7999999999999994
Docente_14,Programación Orientada a Objetos,2023-2,38,4.1,5.0,3.8,Los temas son difíciles pero se entienden.,Estable,NEU,NEU,4.3
Docente_48,Inteligencia Artificial,2021-2,27,3.2,3.9,3.4,Los talleres son muy útiles para aprender.,Estable,POS,POS,3.5
Docente_1,Bases de Datos,2020-1,17,4.3,4.8,3.6,Los talleres son muy útiles para aprender.,Mejora,POS,POS,4.233333333333333
Docente_2,Estructuras de Datos,2020-2,19,4.0,3.7,3.5,"El profesor es normal, ni muy bueno ni muy malo.",Estable,NEU,NEU,3.733333333333333
Docente_29,Programación Orientada a Objetos,2022-2,16,4.9,4.4,4.5,Explica muy bien los temas.,Mejora,POS,POS,4.6000000000000005
Docente_13,Programación Orientada a Objetos,2022-1,20,3.1,4.0,4.9,La clase estuvo bien.,Estable,POS,NEU,4.0
Docente_17,Ingeniería de Software,2021-1,25,3.2,4.2,4.0,Llega tarde a las clases frecuentemente.,Estable,NEG,NEG,3.8000000000000003
Docente_16,Programación Orientada a Objetos,2021-2,15,3.7,4.0,3.9,Los talleres son muy útiles para aprender.,Estable,POS,POS,3.8666666666666667
Docente_17,Matemáticas Básicas,2020-1,41,3.5,3.8,4.2,Resuelve las dudas con mucha paciencia.,Estable,NEU,NEU,3.8333333333333335
Docente_25,Ingeniería de Software,2020-2,25,2.9,4.6,5.0,La clase es muy dinámica y entretenida.,Mejora,POS,POS,4.166666666666667
Docente_20,Inteligencia Artificial,2021-2,26,3.3,4.4,3.3,Se podría mejorar un poco el material de estudio.,Estable,NEU,NEG,3.6666666666666665
Docente_43,Programación Orientada a Objetos,2023-1,43,3.7,4.9,3.0,Se nota que sabe mucho de la materia.,Estable,NEU,NEU,3.866666666666667
Docente_8,Programación Orientada a Objetos,2021-1,40,3.7,3.9,3.6,Me inspiró a seguir aprendiendo sobre este tema.,Estable,POS,POS,3.733333333333333
Docente_13,Estructuras de Datos,2023-1,37,4.0,3.9,3.3,Se podría mejorar un poco el material de estudio.,Estable,NEU,NEG,3.733333333333333
Docente_21,Estructuras de Datos,2023-1,35,2.9,4.0,4.5,La clase estuvo bien.,Estable,POS,NEU,3.8000000000000003
Docente_3,Ética Profesional,2021-2,42,4.0,4.1,4.0,Llega tarde a las clases frecuentemente.,Estable,NEG,NEG,4.033333333333333
Docente_19,Ética Profesional,2021-1,25,3.5,3.8,3.8,La clase estuvo bien.,Estable,POS,NEU,3.6999999999999997
Docente_4,Ingeniería de Software,2022-1,42,3.2,3.5,4.3,Resuelve las dudas con mucha paciencia.,Estable,NEU,NEU,3.6666666666666665
Docente_33,Estructuras de Datos,2023-2,21,4.9,4.0,4.9,Se podría mejorar un poco el material de estudio.,Mejora,NEU,NEG,4.6000000000000005
Docente_6,Ética Profesional,2023-2,40,4.7,4.2,4.5,Los temas son difíciles pero se entienden.,Mejora,NEU,NEU,4.466666666666667
Docente_40,Matemáticas Básicas,2021-1,31,3.2,3.5,4.4,"Asistencia puntual, pero falta dinamismo.",Estable,NEG,NEG,3.7000000000000006
Docente_49,Ingeniería de Software,2022-2,30,3.0,2.8,4.7,No resuelve las dudas de los estudiantes.,Estable,NEG,NEG,3.5
Docente_30,Programación Orientada a Objetos,2022-2,37,4.6,4.7,3.9,Los talleres son muy útiles para aprender.,Mejora,POS,POS,4.4
Docente_34,Ingeniería de Software,2023-2,37,4.8,3.5,5.0,Califica de forma injusta.,Estable,NEG,NEG,4.433333333333334
Docente_31,Bases de Datos,2023-1,35,3.7,4.3,4.3,Los parciales no tienen nada que ver con lo visto en clase.,Estable,NEU,NEG,4.1000000000000005
Docente_42,Matemáticas Básicas,2021-2,22,4.2,4.1,2.8,Me inspiró a seguir aprendiendo sobre este tema.,Estable,POS,POS,3.7000000000000006
Docente_29,Ética Profesional,2021-2,27,3.0,3.5,3.9,Me inspiró a seguir aprendiendo sobre este tema.,Estable,POS,POS,3.466666666666667
Docente_20,Inteligencia Artificial,2023-1,33,2.6,2.2,1.3,Califica de forma injusta.,En riesgo,NEG,NEG,2.0333333333333337
Docente_24,Bases de Datos,2020-2,19,4.1,4.2,5.0,"Asistencia puntual, pero falta dinamismo.",Mejora,NEG,NEG,4.433333333333334
Docente_6,Bases de Datos,2023-2,31,5.0,4.9,4.5,Los talleres son muy útiles para aprender.,Mejora,POS,POS,4.8
Docente_15,Estructuras de Datos,2020-1,29,3.9,3.5,3.6,No resuelve las dudas de los estudiantes.,Estable,NEG,NEG,3.6666666666666665
Docente_40,Bases de Datos,2023-1,29,4.5,3.0,4.6,La clase es muy aburrida y monótona.,Estable,NEG,NEG,4.033333333333333
Docente_28,Inteligencia Artificial,2022-2,40,4.1,3.8,3.7,Califica de forma injusta.,Estable,NEG,NEG,3.8666666666666667
Docente_21,Bases de Datos,2023-1,15,4.9,4.8,4.8,Se nota que sabe mucho de la materia.,Mejora,NEU,NEU,4.833333333333333
Docente_29,Programación Orientada a Objetos,2022-1,35,3.7,4.4,4.0,Se nota que sabe mucho de la materia.,Estable,NEU,NEU,4.033333333333334
Docente_23,Matemáticas Básicas,2022-1,41,4.9,4.5,4.2,Cumple con el programa.,Mejora,NEU,NEU,4.533333333333334
Docente_33,Estructuras de Datos,2020-2,40,3.4,4.4,1.6,Llega tarde a las clases frecuentemente.,En riesgo,NEG,NEG,3.1333333333333333
Docente_15,Matemáticas Básicas,2020-2,17,3.5,3.8,3.8,Se podría mejorar un poco el material de estudio.,Estable,NEU,NEG,3.6999999999999997
Docente_3,Estructuras de Datos,2021-2,25,4.5,4.8,5.0,La clase es muy dinámica y entretenida.,Mejora,POS,POS,4.766666666666667
Docente_44,Bases de Datos,2022-1,24,4.1,3.7,4.0,Cumple con el programa.,Estable,NEU,NEU,3.9333333333333336
Docente_13,Ingeniería de Software,2021-1,42,4.7,3.9,3.4,Llega tarde a las clases frecuentemente.,Estable,NEG,NEG,4.0
Docente_17,Matemáticas Básicas,2022-1,24,4.8,4.2,4.3,Los talleres son muy útiles para aprender.,Mejora,POS,POS,4.433333333333334
Docente_26,Inteligencia Artificial,2020-1,30,4.9,5.0,4.6,Los temas son difíciles pero se entienden.,Mejora,NEU,NEU,4.833333333333333
Docente_33,Ética Profesional,2021-1,42,3.9,4.4,3.5,"Asistencia puntual, pero falta dinamismo.",Estable,NEG,NEG,3.9333333333333336
Docente_15,Programación Orientada a Objetos,2021-2,30,4.0,4.0,2.6,La clase estuvo bien.,Estable,POS,NEU,3.533333333333333
Docente_34,Estructuras de Datos,2023-2,38,2.2,1.9,2.9,La clase estuvo bien.,En riesgo,POS,NEU,2.3333333333333335
Docente_22,Ética Profesional,2020-2,25,1.4,2.7,2.6,No resuelve las dudas de los estudiantes.,En riesgo,NEG,NEG,2.233333333333333
Docente_28,Ética Profesional,2023-1,21,1.5,2.7,4.0,La clase estuvo bien.,En riesgo,POS,NEU,2.733333333333333
Docente_29,Ética Profesional,2020-1,26,4.4,3.6,3.2,Resuelve las dudas con mucha paciencia.,Estable,NEU,NEU,3.733333333333333
Docente_37,Ética Profesional,2021-1,24,3.8,4.2,4.2,Explica muy bien los temas.,Estable,POS,POS,4.066666666666666
Docente_32,Ética Profesional,2022-2,25,4.9,5.0,4.5,La clase es muy dinámica y entretenida.,Mejora,POS,POS,4.8
Docente_27,Inteligencia Artificial,2023-1,39,4.0,4.0,4.0,Llega tarde a las clases frecuentemente.,Estable,NEG,NEG,4.0
Docente_20,Bases de Datos,2020-1,33,4.0,4.2,3.7,"Excelente profesor, muy claro.",Estable,POS,POS,3.9666666666666663
Docente_9,Programación Orientada a Objetos,2022-2,33,2.6,4.7,3.2,Falta mucha pedagogía.,Estable,NEG,NEG,3.5
Docente_39,Estructuras de Datos,2023-1,27,5.0,4.5,4.9,La clase es muy dinámica y entretenida.,Mejora,POS,POS,4.8
Docente_26,Matemáticas Básicas,2023-1,21,4.2,3.4,3.5,Califica de forma injusta.,Estable,NEG,NEG,3.6999999999999997
Docente_7,Bases de Datos,2023-2,35,4.2,4.7,4.9,Resuelve las dudas con mucha paciencia.,Mejora,NEU,NEU,4.6000000000000005
Docente_6,Programación Orientada a Objetos,2020-2,36,4.4,3.9,4.2,Cumple con el programa.,Mejora,NEU,NEU,4.166666666666667
Docente_12,Matemáticas Básicas,2023-2,15,5.0,4.3,4.4,Se nota que sabe mucho de la materia.,Mejora,NEU,NEU,4.566666666666667
Docente_13,Matemáticas Básicas,2023-1,24,4.2,3.4,3.9,Me inspiró a seguir aprendiendo sobre este tema.,Estable,POS,POS,3.8333333333333335
Docente_15,Bases de Datos,2020-2,29,2.4,2.6,2.7,"No explica bien, me siento perdido.",En riesgo,NEG,NEG,2.566666666666667
Docente_24,Estructuras de Datos,2020-1,20,3.2,3.7,3.2,Los temas son difíciles pero se entienden.,Estable,NEU,NEU,3.366666666666667
Docente_27,Inteligencia Artificial,2021-1,18,2.4,2.7,1.9,Califica de forma injusta.,En riesgo,NEG,NEG,2.3333333333333335
Docente_35,Inteligencia Artificial,2023-2,38,4.8,4.1,3.9,Se nota que sabe mucho de la materia.,Estable,NEU,NEU,4.266666666666667
Docente_25,Ética Profesional,2021-2,19,4.0,4.2,4.1,La clase es muy dinámica y entretenida.,Mejora,POS,POS,4.1
Docente_20,Inteligencia Artificial,2023-2,20,4.9,4.2,4.4,"El profesor es normal, ni muy bueno ni muy malo.",Mejora,NEU,NEU,4.500000000000001
Docente_37,Bases de Datos,2021-2,31,1.4,2.0,3.4,Se podría mejorar un poco el material de estudio.,En riesgo,NEU,NEG,2.2666666666666666
Docente_44,Inteligencia Artificial,2022-1,21,3.2,3.8,3.1,Explica muy bien los temas.,Estable,POS,POS,3.3666666666666667
Docente_10,Inteligencia Artificial,2020-2,41,3.5,3.0,3.2,Falta mucha pedagogía.,En riesgo,NEG,NEG,3.233333333333333
Docente_39,Ética Profesional,2021-2,31,4.1,3.6,3.0,Los temas son difíciles pero se entienden.,Estable,NEU,NEU,3.5666666666666664
Docente_37,Inteligencia Artificial,2023-2,29,4.5,4.8,4.1,"El profesor es normal, ni muy bueno ni muy malo.",Mejora,NEU,NEU,4.466666666666667
Docente_3,Ingeniería de Software,2020-2,24,3.2,5.0,4.9,Los temas son difíciles pero se entienden.,Mejora,NEU,NEU,4.366666666666666
Docente_30,Bases de Datos,2022-1,27,2.6,2.4,2.4,"El profesor es normal, ni muy bueno ni muy malo.",En riesgo,NEU,NEU,2.466666666666667
Docente_12,Inteligencia Artificial,2021-2,20,4.4,4.9,3.3,Falta mucha pedagogía.,Estable,NEG,NEG,4.2
Docente_47,Inteligencia Artificial,2023-2,27,4.0,4.2,3.4,Los talleres son muy útiles para aprender.,Estable,POS,POS,3.8666666666666667
Docente_45,Estructuras de Datos,2020-2,27,3.7,3.9,4.6,"Excelente profesor, muy claro.",Estable,POS,POS,4.066666666666666
Docente_16,Ética Profesional,2021-1,23,4.1,4.8,5.0,Los temas son difíciles pero se entienden.,Mejora,NEU,NEU,4.633333333333333
Docente_35,Bases de Datos,2020-2,37,3.7,2.8,3.5,Me inspiró a seguir aprendiendo sobre este tema.,Estable,POS,POS,3.3333333333333335
Docente_32,Inteligencia Artificial,2020-2,26,5.0,3.2,3.6,Se nota que sabe mucho de la materia.,Estable,NEU,NEU,3.933333333333333
Docente_49,Matemáticas Básicas,2022-2,28,4.9,4.9,4.8,La clase estuvo bien.,Mejora,POS,NEU,4.866666666666667
Docente_11,Bases de Datos,2021-2,31,3.8,3.7,3.9,"Excelente profesor, muy claro.",Estable,POS,POS,3.8000000000000003
Docente_30,Matemáticas Básicas,2020-2,35,5.0,4.4,4.9,Se podría mejorar un poco el material de estudio.,Mejora,NEU,NEG,4.766666666666667
Docente_44,Ingeniería de Software,2023-2,27,4.2,4.4,3.9,Los talleres son muy útiles para aprender.,Mejora,POS,POS,4.166666666666667
Docente_48,Inteligencia Artificial,2021-2,27,4.4,3.5,3.7,"Excelente profesor, muy claro.",Estable,POS,POS,3.866666666666667
Docente_1,Bases de Datos,2020-2,37,2.0,2.0,1.5,Califica de forma injusta.,En riesgo,NEG,NEG,1.8333333333333333
Docente_21,Ingeniería de Software,2023-2,30,4.7,4.5,3.6,La clase es muy aburrida y monótona.,Estable,NEG,NEG,4.266666666666667
Docente_5,Matemáticas Básicas,2021-2,37,2.7,3.0,3.4,La clase estuvo bien.,En riesgo,POS,NEU,3.033333333333333
Docente_9,Inteligencia Artificial,2022-1,41,1.8,3.0,2.3,Califica de forma injusta.,En riesgo,NEG,NEG,2.3666666666666667
Docente_11,Ética Profesional,2020-1,34,3.1,4.6,5.0,"Excelente profesor, muy claro.",Mejora,POS,POS,4.233333333333333
Docente_12,Bases de Datos,2020-2,32,3.7,4.7,4.2,Se podría mejorar un poco el material de estudio.,Mejora,NEU,NEG,4.2
Docente_26,Programación Orientada a Objetos,2020-2,36,4.1,4.8,4.4,"Asistencia puntual, pero falta dinamismo.",Mejora,NEG,NEG,4.433333333333333
Docente_1,Ingeniería de Software,2022-1,19,4.0,4.3,4.4,La clase es muy aburrida y monótona.,Estable,NEG,NEG,4.233333333333333
Docente_23,Programación Orientada a Objetos,2021-2,37,3.8,3.7,4.2,"Excelente profesor, muy claro.",Estable,POS,POS,3.9
Docente_44,Estructuras de Datos,2021-2,29,4.6,5.0,4.4,Se podría mejorar un poco el material de estudio.,Mejora,NEU,NEG,4.666666666666667
Docente_4,Ética Profesional,2020-2,27,3.5,4.5,4.1,"El profesor es normal, ni muy bueno ni muy malo.",Estable,NEU,NEU,4.033333333333333
Docente_29,Matemáticas Básicas,2020-1,16,5.0,4.8,4.5,"Asistencia puntual, pero falta dinamismo.",Mejora,NEG,NEG,4.766666666666667
Docente_25,Ética Profesional,2021-2,44,3.7,3.8,4.0,La clase estuvo bien.,Estable,POS,NEU,3.8333333333333335
Docente_24,Programación Orientada a Objetos,2021-2,17,4.1,4.6,4.5,Explica muy bien los temas.,Mejora,POS,POS,4.3999999999999995
Docente_27,Matemáticas Básicas,2020-1,25,4.6,4.0,3.5,Me inspiró a seguir aprendiendo sobre este tema.,Estable,POS,POS,4.033333333333333
Docente_44,Ingeniería de Software,2020-2,22,4.0,3.8,3.6,La clase es muy dinámica y entretenida.,Estable,POS,POS,3.8000000000000003
Docente_43,Programación Orientada a Objetos,2021-1,16,2.9,3.6,3.7,"No explica bien, me siento perdido.",Estable,NEG,NEG,3.4
Docente_33,Matemáticas Básicas,2022-2,25,4.0,5.0,3.6,Llega tarde a las clases frecuentemente.,Estable,NEG,NEG,4.2
Docente_41,Programación Orientada a Objetos,2021-2,44,4.6,4.4,4.9,Cumple con el programa.,Mejora,NEU,NEU,4.633333333333334
Docente_26,Inteligencia Artificial,2020-2,22,3.6,3.7,3.9,Me inspiró a seguir aprendiendo sobre este tema.,Estable,POS,POS,3.733333333333334
Docente_7,Bases de Datos,2022-2,20,2.8,4.2,4.4,Explica muy bien los temas.,Estable,POS,POS,3.8000000000000003
Docente_26,Ingeniería de Software,2022-2,15,3.4,2.7,4.4,"Asistencia puntual, pero falta dinamismo.",Estable,NEG,NEG,3.5
Docente_14,Inteligencia Artificial,2021-2,17,4.4,4.7,4.3,Los temas son difíciles pero se entienden.,Mejora,NEU,NEU,4.466666666666668
Docente_18,Ingeniería de Software,2022-2,16,4.2,2.5,3.0,La clase es muy aburrida y monótona.,En riesgo,NEG,NEG,3.233333333333333
Docente_14,Inteligencia Artificial,2022-1,39,3.3,3.5,4.1,Falta mucha pedagogía.,Estable,NEG,NEG,3.633333333333333
Docente_32,Matemáticas Básicas,2021-1,23,3.7,1.4,1.7,La clase es muy aburrida y monótona.,En riesgo,NEG,NEG,2.2666666666666666
Docente_39,Bases de Datos,2023-1,36,3.5,3.2,3.7,Resuelve las dudas con mucha paciencia.,Estable,NEU,NEU,3.466666666666667
Docente_22,Programación Orientada a Objetos,2022-2,42,2.5,2.5,1.6,Los temas son difíciles pero se entienden.,En riesgo,NEU,NEU,2.1999999999999997
Docente_31,Matemáticas Básicas,2022-2,15,4.3,4.5,3.2,Falta mucha pedagogía.,Estable,NEG,NEG,4.0
Docente_38,Inteligencia Artificial,2023-1,31,4.1,4.9,4.3,Los temas son difíciles pero se entienden.,Mejora,NEU,NEU,4.433333333333334
Docente_48,Programación Orientada a Objetos,2020-1,22,4.3,4.5,3.9,Explica muy bien los temas.,Estable,POS,POS,4.233333333333333
Docente_40,Ética Profesional,2020-2,24,2.9,5.0,4.2,La clase estuvo bien.,Estable,POS,NEU,4.033333333333334
Docente_48,Inteligencia Artificial,2021-2,34,4.4,4.7,3.8,"Excelente profesor, muy claro.",Mejora,POS,POS,4.300000000000001
Docente_4,Programación Orientada a Objetos,2022-2,30,3.6,3.3,4.4,"El profesor es normal, ni muy bueno ni muy malo.",Estable,NEU,NEU,3.766666666666667
Docente_13,Programación Orientada a Objetos,2023-1,21,4.2,3.9,3.9,"Excelente profesor, muy claro.",Estable,POS,POS,4.0
Docente_16,Ingeniería de Software,2023-2,38,4.7,4.2,4.3,Los temas son difíciles pero se entienden.,Estable,NEU,NEU,4.3999999999999995
Docente_9,Bases de Datos,2022-2,35,3.9,3.4,3.5,"Excelente profesor, muy claro.",Estable,POS,POS,3.6
Docente_34,Ética Profesional,2023-1,35,5.0,5.0,4.9,Resuelve las dudas con mucha paciencia.,Mejora,NEU,NEU,4.966666666666667
Docente_49,Matemáticas Básicas,2021-2,42,4.0,3.7,4.3,Los temas son difíciles pero se entienden.,Estable,NEU,NEU,4.0
Docente_22,Programación Orientada a Objetos,2021-2,32,1.8,3.2,3.2,"No explica bien, me siento perdido.",En riesgo,NEG,NEG,2.733333333333333
Docente_43,Programación Orientada a Objetos,2021-2,34,5.0,3.9,4.8,Me inspiró a seguir aprendiendo sobre este tema.,Mejora,POS,POS,4.566666666666666
Docente_34,Bases de Datos,2021-1,29,4.6,4.8,4.6,Los temas son difíciles pero se entienden.,Mejora,NEU,NEU,4.666666666666666
Docente_1,Matemáticas Básicas,2023-2,17,4.2,4.9,3.9,Me inspiró a seguir aprendiendo sobre este tema.,Estable,POS,POS,4.333333333333334
Docente_4,Ingeniería de Software,2021-1,45,2.9,2.3,2.5,No resuelve las dudas de los estudiantes.,En riesgo,NEG,NEG,2.5666666666666664
Docente_9,Matemáticas Básicas,2021-1,33,2.9,3.0,2.3,Cumple con el programa.,En riesgo,NEU,NEU,2.733333333333333
Docente_14,Programación Orientada a Objetos,2020-2,28,2.3,3.3,3.2,La clase es muy aburrida y monótona.,Estable,NEG,NEG,2.9333333333333336
Docente_20,Programación Orientada a Objetos,2021-2,22,3.9,4.7,3.5,"No explica bien, me siento perdido.",Estable,NEG,NEG,4.033333333333333
Docente_12,Estructuras de Datos,2021-2,24,3.9,4.2,3.9,"El profesor es normal, ni muy bueno ni muy malo.",Estable,NEU,NEU,4.0
Docente_37,Inteligencia Artificial,2021-2,23,3.7,4.8,4.1,Califica de forma injusta.,Estable,NEG,NEG,4.2
Docente_6,Bases de Datos,2023-1,27,1.9,3.6,1.6,Califica de forma injusta.,En riesgo,NEG,NEG,2.3666666666666667
Docente_31,Inteligencia Artificial,2023-1,31,3.6,5.0,4.7,"El profesor es normal, ni muy bueno ni muy malo.",Mejora,NEU,NEU,4.433333333333334
Docente_48,Inteligencia Artificial,2021-1,41,3.3,1.4,3.0,"Asistencia puntual, pero falta dinamismo.",En riesgo,NEG,NEG,2.5666666666666664
Docente_31,Matemáticas Básicas,2023-1,28,4.9,4.7,4.6,"Excelente profesor, muy claro.",Mejora,POS,POS,4.733333333333333
Docente_49,Bases de Datos,2021-1,32,4.6,3.8,3.5,Se podría mejorar un poco el material de estudio.,Mejora,NEU,NEG,3.9666666666666663
Docente_12,Bases de Datos,2023-1,29,2.7,2.3,2.3,Llega tarde a las clases frecuentemente.,En riesgo,NEG,NEG,2.433333333333333
Docente_30,Bases de Datos,2023-1,32,2.6,4.3,3.5,Falta mucha pedagogía.,Estable,NEG,NEG,3.466666666666667
Docente_31,Matemáticas Básicas,2022-2,19,2.2,3.6,1.5,Se podría mejorar un poco el material de estudio.,En riesgo,NEU,NEG,2.4333333333333336
Docente_31,Programación Orientada a Objetos,2021-1,44,4.2,3.8,2.9,Me inspiró a seguir aprendiendo sobre este tema.,Estable,POS,POS,3.6333333333333333
Docente_1,Matemáticas Básicas,2022-2,30,4.9,3.9,3.7,"Asistencia puntual, pero falta dinamismo.",Estable,NEG,NEG,4.166666666666667
Docente_27,Inteligencia Artificial,2022-2,27,4.4,3.4,4.1,Califica de forma injusta.,Estable,NEG,NEG,3.966666666666667
Docente_20,Ingeniería de Software,2020-2,28,3.0,3.0,2.2,"No explica bien, me siento perdido.",En riesgo,NEG,NEG,2.733333333333333
Docente_8,Inteligencia Artificial,2021-1,21,4.5,3.5,3.9,"No explica bien, me siento perdido.",Estable,NEG,NEG,3.966666666666667
Docente_17,Ética Profesional,2022-2,31,3.7,4.4,3.2,Califica de forma injusta.,Estable,NEG,NEG,3.766666666666667
Docente_41,Ingeniería de Software,2022-2,37,4.7,3.0,4.6,"Excelente profesor, muy claro.",Estable,POS,POS,4.1000000000000005
Docente_42,Inteligencia Artificial,2023-1,38,3.9,3.5,4.1,La clase estuvo bien.,Estable,POS,NEU,3.8333333333333335
Docente_16,Inteligencia Artificial,2020-1,44,4.2,4.2,3.2,Se podría mejorar un poco el material de estudio.,Estable,NEU,NEG,3.866666666666667
Docente_41,Ingeniería de Software,2020-1,37,1.0,2.1,3.0,Los temas son difíciles pero se entienden.,En riesgo,NEU,NEU,2.033333333333333
Docente_42,Programación Orientada a Objetos,2022-1,34,4.1,4.8,3.6,La clase es muy aburrida y monótona.,Estable,NEG,NEG,4.166666666666666
Docente_44,Programación Orientada a Objetos,2022-1,22,1.9,3.1,2.0,"El profesor es normal, ni muy bueno ni muy malo.",En riesgo,NEU,NEU,2.3333333333333335
Docente_38,Ingeniería de Software,2021-1,15,4.3,5.0,4.9,"Excelente profesor, muy claro.",Mejora,POS,POS,4.733333333333333
Docente_50,Matemáticas Básicas,2023-1,27,2.2,2.6,2.2,Se podría mejorar un poco el material de estudio.,En riesgo,NEU,NEG,2.3333333333333335
Docente_38,Matemáticas Básicas,2021-2,43,4.4,3.7,4.0,"No explica bien, me siento perdido.",Estable,NEG,NEG,4.033333333333334
Docente_11,Ética Profesional,2023-1,23,4.4,5.0,5.0,Se podría mejorar un poco el material de estudio.,Mejora,NEU,NEG,4.8
Docente_20,Estructuras de Datos,2023-1,33,5.0,4.4,4.0,Resuelve las dudas con mucha paciencia.,Mejora,NEU,NEU,4.466666666666667
Docente_47,Inteligencia Artificial,2020-2,18,4.4,3.5,3.8,Los parciales no tienen nada que ver con lo visto en clase.,Estable,NEU,NEG,3.9
Docente_50,Ética Profesional,2022-2,41,2.6,2.7,2.6,Califica de forma injusta.,En riesgo,NEG,NEG,2.6333333333333333
Docente_18,Ingeniería de Software,2021-2,44,3.9,4.1,3.8,"Asistencia puntual, pero falta dinamismo.",Estable,NEG,NEG,3.9333333333333336
Docente_45,Bases de Datos,2020-1,20,4.7,4.3,3.2,Califica de forma injusta.,Estable,NEG,NEG,4.066666666666666
Docente_1,Matemáticas Básicas,2020-2,39,4.3,3.4,4.0,"No explica bien, me siento perdido.",Estable,NEG,NEG,3.9
Docente_34,Inteligencia Artificial,2022-1,38,4.0,4.7,4.8,Me inspiró a seguir aprendiendo sobre este tema.,Mejora,POS,POS,4.5
Docente_11,Programación Orientada a Objetos,2022-2,20,3.5,4.3,3.8,Resuelve las dudas con mucha paciencia.,Estable,NEU,NEU,3.8666666666666667
Docente_13,Inteligencia Artificial,2021-1,31,5.0,4.0,4.6,"Excelente profesor, muy claro.",Mejora,POS,POS,4.533333333333333
Docente_29,Estructuras de Datos,2021-2,20,2.7,2.1,2.8,No resuelve las dudas de los estudiantes.,En riesgo,NEG,NEG,2.5333333333333337
Docente_4,Ingeniería de Software,2021-1,40,4.0,4.5,4.9,"Asistencia puntual, pero falta dinamismo.",Mejora,NEG,NEG,4.466666666666667
Docente_13,Bases de Datos,2023-1,29,5.0,4.4,4.7,Los temas son difíciles pero se entienden.,Mejora,NEU,NEU,4.7
Docente_40,Matemáticas Básicas,2021-1,17,3.4,4.8,3.4,"El profesor es normal, ni muy bueno ni muy malo.",Estable,NEU,NEU,3.8666666666666667
Docente_6,Inteligencia Artificial,2020-2,23,3.8,4.0,3.9,Se nota que sabe mucho de la materia.,Estable,NEU,NEU,3.9
Docente_22,Matemáticas Básicas,2021-2,30,4.7,3.6,4.5,Califica de forma injusta.,Estable,NEG,NEG,4.266666666666667
Docente_44,Ética Profesional,2020-2,15,3.7,4.0,3.4,"Excelente profesor, muy claro.",Estable,POS,POS,3.6999999999999997
Docente_18,Ética Profesional,2020-1,36,5.0,5.0,4.3,"El profesor es normal, ni muy bueno ni muy malo.",Mejora,NEU,NEU,4.766666666666667
Docente_3,Matemáticas Básicas,2021-2,31,5.0,4.8,4.2,"Asistencia puntual, pero falta dinamismo.",Mejora,NEG,NEG,4.666666666666667
Docente_1,Inteligencia Artificial,2022-1,44,3.9,4.5,4.3,La clase estuvo bien.,Mejora,POS,NEU,4.233333333333333
Docente_31,Ética Profesional,2022-2,34,4.6,4.4,3.6,"No explica bien, me siento perdido.",Estable,NEG,NEG,4.2
Docente_22,Bases de Datos,2022-2,25,4.1,4.1,3.7,La clase estuvo bien.,Estable,POS,NEU,3.9666666666666663
Docente_24,Ingeniería de Software,2023-1,27,3.0,2.6,2.2,"El profesor es normal, ni muy bueno ni muy malo.",En riesgo,NEU,NEU,2.6
Docente_4,Bases de Datos,2022-2,40,1.8,1.9,2.9,La clase es muy aburrida y monótona.,En riesgo,NEG,NEG,2.1999999999999997
Docente_1,Inteligencia Artificial,2023-1,38,3.0,4.2,4.0,Resuelve las dudas con mucha paciencia.,Estable,NEU,NEU,3.733333333333333
Docente_2,Estructuras de Datos,2020-2,42,3.5,3.7,3.9,No resuelve las dudas de los estudiantes.,Estable,NEG,NEG,3.6999999999999997
Docente_18,Ingeniería de Software,2021-2,26,4.1,4.4,4.0,La clase estuvo bien.,Mejora,POS,NEU,4.166666666666667
Docente_40,Ingeniería de Software,2023-2,31,5.0,4.8,4.0,Me inspiró a seguir aprendiendo sobre este tema.,Mejora,POS,POS,4.6000000000000005
Docente_43,Programación Orientada a Objetos,2020-1,35,4.9,4.5,4.5,Los talleres son muy útiles para aprender.,Mejora,POS,POS,4.633333333333334
Docente_2,Ingeniería de Software,2022-2,42,2.0,1.2,2.8,"No explica bien, me siento perdido.",En riesgo,NEG,NEG,2.0
Docente_48,Bases de Datos,2023-2,22,4.6,4.7,4.0,Falta mucha pedagogía.,Estable,NEG,NEG,4.433333333333334
Docente_32,Inteligencia Artificial,2020-2,26,4.5,4.5,4.6,Me inspiró a seguir aprendiendo sobre este tema.,Mejora,POS,POS,4.533333333333333
Docente_31,Ingeniería de Software,2020-2,38,4.1,4.1,4.2,Me inspiró a seguir aprendiendo sobre este tema.,Mejora,POS,POS,4.133333333333333
Docente_19,Estructuras de Datos,2021-2,37,4.0,3.5,2.2,Resuelve las dudas con mucha paciencia.,Estable,NEU,NEU,3.233333333333333
Docente_34,Estructuras de Datos,2020-1,19,3.1,1.9,3.7,La clase estuvo bien.,En riesgo,POS,NEU,2.9
Docente_6,Bases de Datos,2023-2,20,3.9,4.2,3.1,La clase es muy aburrida y monótona.,Estable,NEG,NEG,3.733333333333333
Docente_8,Inteligencia Artificial,2021-2,22,4.7,4.5,4.6,La clase es muy dinámica y entretenida.,Mejora,POS,POS,4.6
Docente_11,Ética Profesional,2020-2,18,3.4,4.2,2.9,"No explica bien, me siento perdido.",Estable,NEG,NEG,3.5
Docente_46,Matemáticas Básicas,2021-1,44,4.8,4.5,4.9,Los talleres son muy útiles para aprender.,Mejora,POS,POS,4.733333333333333
Docente_25,Ética Profesional,2022-1,22,3.6,3.3,3.6,Cumple con el programa.,Estable,NEU,NEU,3.5
Docente_43,Inteligencia Artificial,2020-2,36,3.1,2.8,2.3,Califica de forma injusta.,En riesgo,NEG,NEG,2.733333333333333
Docente_35,Ingeniería de Software,2023-2,17,4.4,4.1,3.9,Los temas son difíciles pero se entienden.,Estable,NEU,NEU,4.133333333333334
Docente_15,Estructuras de Datos,2020-2,35,3.9,3.7,4.5,Los temas son difíciles pero se entienden.,Estable,NEU,NEU,4.033333333333333
Docente_25,Ingeniería de Software,2023-1,35,3.1,3.6,3.5,Llega tarde a las clases frecuentemente.,Estable,NEG,NEG,3.4
Docente_28,Ética Profesional,2021-2,22,3.6,3.0,2.3,Llega tarde a las clases frecuentemente.,En riesgo,NEG,NEG,2.9666666666666663
Docente_8,Bases de Datos,2020-2,18,3.0,2.2,2.9,La clase es muy aburrida y monótona.,En riesgo,NEG,NEG,2.6999999999999997
Docente_22,Ingeniería de Software,2021-2,38,3.7,3.8,4.6,La clase es muy dinámica y entretenida.,Estable,POS,POS,4.033333333333333
Docente_37,Bases de Datos,2021-1,42,4.3,4.1,4.7,Los talleres son muy útiles para aprender.,Mejora,POS,POS,4.366666666666666
Docente_25,Estructuras de Datos,2020-1,24,4.5,3.8,2.9,"Excelente profesor, muy claro.",Estable,POS,POS,3.733333333333334
Docente_38,Estructuras de Datos,2021-2,42,4.4,4.6,4.6,Me inspiró a seguir aprendiendo sobre este tema.,Mejora,POS,POS,4.533333333333333
Docente_28,Bases de Datos,2022-2,40,3.3,3.6,4.2,Resuelve las dudas con mucha paciencia.,Estable,NEU,NEU,3.7000000000000006
Docente_34,Ingeniería de Software,2021-2,18,3.2,4.5,3.2,"Asistencia puntual, pero falta dinamismo.",Estable,NEG,NEG,3.6333333333333333
Docente_1,Estructuras de Datos,2023-2,25,3.9,3.8,4.3,Resuelve las dudas con mucha paciencia.,Estable,NEU,NEU,4.0
Docente_19,Ética Profesional,2021-2,30,1.6,2.9,2.5,Los temas son difíciles pero se entienden.,En riesgo,NEU,NEU,2.3333333333333335
Docente_30,Programación Orientada a Objetos,2022-1,19,5.0,3.8,3.3,"Excelente profesor, muy claro.",Estable,POS,POS,4.033333333333334
Docente_39,Bases de Datos,2022-1,31,4.4,4.3,4.6,Se podría mejorar un poco el material de estudio.,Mejora,NEU,NEG,4.433333333333333
Docente_8,Bases de Datos,2023-2,35,3.7,4.0,4.6,Me inspiró a seguir aprendiendo sobre este tema.,Estable,POS,POS,4.1000000000000005
Docente_32,Bases de Datos,2023-1,16,4.4,4.0,3.4,Los temas son difíciles pero se entienden.,Estable,NEU,NEU,3.9333333333333336
Docente_10,Ética Profesional,2021-2,42,3.7,3.9,3.7,La clase estuvo bien.,Estable,POS,NEU,3.766666666666667
Docente_45,Ingeniería de Software,2020-1,44,4.6,4.6,5.0,"Asistencia puntual, pero falta dinamismo.",Mejora,NEG,NEG,4.733333333333333
Docente_12,Ética Profesional,2023-2,38,3.7,4.3,3.8,"Asistencia puntual, pero falta dinamismo.",Estable,NEG,NEG,3.9333333333333336
Docente_20,Ética Profesional,2021-1,15,2.0,3.3,1.5,Cumple con el programa.,En riesgo,NEU,NEU,2.2666666666666666
Docente_26,Bases de Datos,2023-1,36,3.9,4.5,3.8,Califica de forma injusta.,Estable,NEG,NEG,4.066666666666666
Docente_23,Ética Profesional,2023-1,27,2.3,2.6,2.3,La clase es muy aburrida y monótona.,En riesgo,NEG,NEG,2.4
Docente_34,Ingeniería de Software,2022-1,24,3.9,3.9,3.6,Me inspiró a seguir aprendiendo sobre este tema.,Estable,POS,POS,3.8000000000000003
Docente_45,Ética Profesional,2023-1,18,2.4,2.0,2.8,Califica de forma injusta.,En riesgo,NEG,NEG,2.4
Docente_21,Ética Profesional,2020-1,42,2.3,2.5,2.3,Se podría mejorar un poco el material de estudio.,En riesgo,NEU,NEG,2.3666666666666667
Docente_20,Inteligencia Artificial,2021-1,33,4.4,3.3,3.3,Resuelve las dudas con mucha paciencia.,Estable,NEU,NEU,3.6666666666666665
Docente_29,Ingeniería de Software,2023-2,24,3.0,2.0,2.7,Califica de forma injusta.,En riesgo,NEG,NEG,2.566666666666667
Docente_14,Programación Orientada a Objetos,2021-2,38,3.3,4.5,4.0,Explica muy bien los temas.,Estable,POS,POS,3.9333333333333336
Docente_24,Ingeniería de Software,2020-2,36,4.4,4.9,4.6,Resuelve las dudas con mucha paciencia.,Estable,NEU,NEU,4.633333333333334
Docente_25,Inteligencia Artificial,2021-1,44,3.7,4.2,5.0,Explica muy bien los temas.,Mejora,POS,POS,4.3
Docente_7,Bases de Datos,2023-2,20,3.5,3.8,4.0,"Excelente profesor, muy claro.",Estable,POS,POS,3.766666666666667
Docente_8,Estructuras de Datos,2022-2,33,3.9,4.6,3.5,"No explica bien, me siento perdido.",Estable,NEG,NEG,4.0
Docente_10,Ingeniería de Software,2023-1,22,3.8,4.2,3.6,"Excelente profesor, muy claro.",Estable,POS,POS,3.8666666666666667
Docente_8,Programación Orientada a Objetos,2023-1,30,4.1,2.9,3.6,"El profesor es normal, ni muy bueno ni muy malo.",Estable,NEU,NEU,3.533333333333333
Docente_45,Estructuras de Datos,2021-1,35,3.3,4.0,3.6,"Asistencia puntual, pero falta dinamismo.",Estable,NEG,NEG,3.6333333333333333
Docente_50,Ingeniería de Software,2020-2,39,3.5,2.1,1.5,La clase estuvo bien.,En riesgo,POS,NEU,2.3666666666666667
Docente_42,Inteligencia Artificial,2022-1,35,5.0,4.9,4.6,Los temas son difíciles pero se entienden.,Mejora,NEU,NEU,4.833333333333333
Docente_29,Bases de Datos,2020-1,18,3.9,3.5,3.6,La clase es muy dinámica y entretenida.,Estable,POS,POS,3.6666666666666665
Docente_6,Matemáticas Básicas,2023-2,35,2.7,3.9,2.7,Los temas son difíciles pero se entienden.,En riesgo,NEU,NEU,3.1
Docente_33,Programación Orientada a Objetos,2020-1,33,2.3,1.9,3.9,"El profesor es normal, ni muy bueno ni muy malo.",En riesgo,NEU,NEU,2.6999999999999997
Docente_37,Inteligencia Artificial,2022-1,37,3.9,3.9,4.5,La clase es muy dinámica y entretenida.,Estable,POS,POS,4.1000000000000005
Docente_38,Programación Orientada a Objetos,2023-1,30,4.0,2.5,3.8,"No explica bien, me siento perdido.",Estable,NEG,NEG,3.4333333333333336
Docente_20,Estructuras de Datos,2021-1,18,3.0,3.0,1.9,Los parciales no tienen nada que ver con lo visto en clase.,En riesgo,NEU,NEG,2.6333333333333333
Docente_5,Ingeniería de Software,2021-1,27,3.2,3.7,3.1,Se podría mejorar un poco el material de estudio.,En riesgo,NEU,NEG,3.3333333333333335
Docente_2,Inteligencia Artificial,2023-2,17,2.6,1.5,2.1,Cumple con el programa.,En riesgo,NEU,NEU,2.0666666666666664
Docente_38,Estructuras de Datos,2020-2,39,3.4,2.4,1.8,"Asistencia puntual, pero falta dinamismo.",En riesgo,NEG,NEG,2.533333333333333
Docente_14,Ingeniería de Software,2020-2,20,3.8,3.7,2.9,Falta mucha pedagogía.,Estable,NEG,NEG,3.466666666666667
Docente_45,Programación Orientada a Objetos,2020-1,32,5.0,4.3,4.6,La clase estuvo bien.,Mejora,POS,NEU,4.633333333333334
Docente_21,Matemáticas Básicas,2020-1,19,1.8,3.3,2.7,"El profesor es normal, ni muy bueno ni muy malo.",En riesgo,NEU,NEU,2.6
Docente_14,Ingeniería de Software,2021-1,17,4.7,4.5,4.8,Cumple con el programa.,Mejora,NEU,NEU,4.666666666666667
Docente_17,Ética Profesional,2020-1,17,4.5,3.6,3.7,La clase es muy dinámica y entretenida.,Estable,POS,POS,3.9333333333333336
Docente_33,Bases de Datos,2022-2,45,3.6,4.9,3.7,Llega tarde a las clases frecuentemente.,Estable,NEG,NEG,4.066666666666666
Docente_11,Inteligencia Artificial,2020-1,22,4.9,4.7,4.6,Resuelve las dudas con mucha paciencia.,Mejora,NEU,NEU,4.733333333333333
Docente_3,Estructuras de Datos,2022-1,36,3.6,3.7,3.2,Llega tarde a las clases frecuentemente.,Estable,NEG,NEG,3.5
Docente_29,Programación Orientada a Objetos,2023-2,37,3.6,3.5,2.1,Los parciales no tienen nada que ver con lo visto en clase.,En riesgo,NEU,NEG,3.0666666666666664
Docente_34,Bases de Datos,2021-2,37,4.2,3.8,3.4,La clase es muy dinámica y entretenida.,Estable,POS,POS,3.8000000000000003
Docente_43,Ética Profesional,2020-1,22,2.0,2.5,2.4,"No explica bien, me siento perdido.",En riesgo,NEG,NEG,2.3000000000000003
Docente_13,Programación Orientada a Objetos,2022-1,42,2.6,1.8,2.2,No resuelve las dudas de los estudiantes.,En riesgo,NEG,NEG,2.2
Docente_9,Estructuras de Datos,2021-2,33,4.4,4.6,5.0,Los talleres son muy útiles para aprender.,Mejora,POS,POS,4.666666666666667
Docente_18,Programación Orientada a Objetos,2023-1,17,4.2,3.8,3.9,Llega tarde a las clases frecuentemente.,Estable,NEG,NEG,3.966666666666667
Docente_17,Bases de Datos,2023-1,35,2.8,1.9,1.5,Califica de forma injusta.,En riesgo,NEG,NEG,2.0666666666666664
Docente_26,Inteligencia Artificial,2020-2,45,3.6,5.0,3.9,Cumple con el programa.,Estable,NEU,NEU,4.166666666666667
Docente_44,Inteligencia Artificial,2021-1,32,2.5,3.8,2.1,No resuelve las dudas de los estudiantes.,En riesgo,NEG,NEG,2.8000000000000003
Docente_5,Ingeniería de Software,2022-1,35,4.4,4.3,4.3,Se podría mejorar un poco el material de estudio.,Mejora,NEU,NEG,4.333333333333333
Docente_42,Programación Orientada a Objetos,2022-2,33,2.5,3.3,1.3,Los temas son difíciles pero se entienden.,En riesgo,NEU,NEU,2.3666666666666667
Docente_42,Ética Profesional,2021-1,28,4.8,4.7,4.8,Se nota que sabe mucho de la materia.,Mejora,NEU,NEU,4.766666666666667
Docente_21,Ética Profesional,2023-1,27,2.2,3.4,2.7,"No explica bien, me siento perdido.",En riesgo,NEG,NEG,2.766666666666667
Docente_39,Programación Orientada a Objetos,2020-2,23,4.3,3.0,4.1,La clase es muy dinámica y entretenida.,Estable,POS,POS,3.7999999999999994
Docente_35,Matemáticas Básicas,2023-1,17,5.0,4.2,4.2,Los talleres son muy útiles para aprender.,Mejora,POS,POS,4.466666666666666
Docente_41,Matemáticas Básicas,2022-2,44,4.1,4.2,4.7,Los talleres son muy útiles para aprender.,Mejora,POS,POS,4.333333333333333
Docente_50,Bases de Datos,2021-1,42,5.0,4.4,4.1,"Asistencia puntual, pero falta dinamismo.",Mejora,NEG,NEG,4.5
Docente_15,Bases de Datos,2020-1,18,3.5,3.9,3.4,"Asistencia puntual, pero falta dinamismo.",Estable,NEG,NEG,3.6
Docente_15,Inteligencia Artificial,2020-2,40,4.4,4.2,3.0,La clase es muy dinámica y entretenida.,Estable,POS,POS,3.866666666666667
Docente_12,Estructuras de Datos,2022-1,33,3.7,4.0,3.6,Califica de forma injusta.,Estable,NEG,NEG,3.766666666666667
Docente_7,Estructuras de Datos,2022-2,37,1.1,2.6,1.7,"El profesor es normal, ni muy bueno ni muy malo.",En riesgo,NEU,NEU,1.8
Docente_19,Estructuras de Datos,2022-1,34,4.0,4.4,4.6,"Excelente profesor, muy claro.",Mejora,POS,POS,4.333333333333333
Docente_4,Programación Orientada a Objetos,2022-2,45,2.6,3.5,1.4,"Asistencia puntual, pero falta dinamismo.",En riesgo,NEG,NEG,2.5
Docente_25,Programación Orientada a Objetos,2022-2,40,2.7,2.1,1.6,Se podría mejorar un poco el material de estudio.,En riesgo,NEU,NEG,2.1333333333333333
Docente_44,Ética Profesional,2023-1,30,3.6,4.0,3.6,Los parciales no tienen nada que ver con lo visto en clase.,Estable,NEU,NEG,3.733333333333333
Docente_9,Bases de Datos,2020-1,36,4.1,4.5,4.4,Cumple con el programa.,Mejora,NEU,NEU,4.333333333333333
Docente_46,Programación Orientada a Objetos,2021-1,19,4.4,2.9,4.5,"Asistencia puntual, pero falta dinamismo.",Estable,NEG,NEG,3.9333333333333336
Docente_37,Ingeniería de Software,2022-1,16,4.2,4.7,4.6,Se podría mejorar un poco el material de estudio.,Mejora,NEU,NEG,4.5
Docente_41,Bases de Datos,2021-2,36,4.2,4.5,3.4,"El profesor es normal, ni muy bueno ni muy malo.",Mejora,NEU,NEU,4.033333333333333
Docente_27,Ingeniería de Software,2023-2,20,4.2,4.6,4.5,La clase es muy aburrida y monótona.,Estable,NEG,NEG,4.433333333333334
Docente_23,Ética Profesional,2023-2,31,5.0,4.3,3.5,Resuelve las dudas con mucha paciencia.,Mejora,NEU,NEU,4.266666666666667
Docente_18,Inteligencia Artificial,2021-2,24,3.8,3.4,4.0,Se nota que sabe mucho de la materia.,Estable,NEU,NEU,3.733333333333333
Docente_20,Inteligencia Artificial,2022-2,42,4.8,4.7,3.1,"Excelente profesor, muy claro.",Mejora,POS,POS,4.2
Docente_41,Matemáticas Básicas,2020-2,38,3.9,2.7,2.5,No resuelve las dudas de los estudiantes.,En riesgo,NEG,NEG,3.033333333333333
Docente_6,Programación Orientada a Objetos,2020-1,17,4.0,5.0,3.9,Se podría mejorar un poco el material de estudio.,Mejora,NEU,NEG,4.3
Docente_19,Estructuras de Datos,2023-2,40,4.4,4.4,4.0,Explica muy bien los temas.,Mejora,POS,POS,4.266666666666667
Docente_28,Ingeniería de Software,2021-1,30,3.6,4.1,4.2,Califica de forma injusta.,Estable,NEG,NEG,3.9666666666666663
Docente_33,Ingeniería de Software,2020-2,27,5.0,4.8,4.8,Explica muy bien los temas.,Mejora,POS,POS,4.866666666666667
Docente_40,Programación Orientada a Objetos,2020-1,37,3.4,2.8,3.0,Falta mucha pedagogía.,En riesgo,NEG,NEG,3.0666666666666664
Docente_45,Estructuras de Datos,2022-2,22,4.3,4.1,3.7,No resuelve las dudas de los estudiantes.,Estable,NEG,NEG,4.033333333333332
Docente_44,Estructuras de Datos,2020-1,34,1.6,2.5,1.5,La clase estuvo bien.,En riesgo,POS,NEU,1.8666666666666665
Docente_11,Ingeniería de Software,2021-2,20,3.9,4.4,3.7,"Excelente profesor, muy claro.",Mejora,POS,POS,4.0
Docente_24,Ética Profesional,2021-1,31,1.5,2.3,2.2,Los parciales no tienen nada que ver con lo visto en clase.,En riesgo,NEU,NEG,2.0
Docente_4,Inteligencia Artificial,2023-2,27,5.0,4.8,4.8,Se nota que sabe mucho de la materia.,Mejora,NEU,NEU,4.866666666666667
Docente_24,Matemáticas Básicas,2022-2,44,3.4,4.0,4.1,La clase estuvo bien.,Estable,POS,NEU,3.8333333333333335
Docente_35,Ética Profesional,2020-2,24,4.1,4.2,3.3,"El profesor es normal, ni muy bueno ni muy malo.",Estable,NEU,NEU,3.866666666666667
Docente_31,Bases de Datos,2022-1,21,1.6,3.6,2.3,"No explica bien, me siento perdido.",En riesgo,NEG,NEG,2.5
Docente_48,Ingeniería de Software,2023-1,21,3.8,4.3,3.9,"El profesor es normal, ni muy bueno ni muy malo.",Estable,NEU,NEU,4.0
Docente_42,Estructuras de Datos,2020-1,44,3.4,3.9,3.7,La clase es muy aburrida y monótona.,Estable,NEG,NEG,3.6666666666666665
Docente_40,Ética Profesional,2023-2,16,2.1,3.3,2.6,Los parciales no tienen nada que ver con lo visto en clase.,En riesgo,NEU,NEG,2.6666666666666665
Docente_1,Estructuras de Datos,2023-2,25,5.0,3.7,4.6,Resuelve las dudas con mucha paciencia.,Mejora,NEU,NEU,4.433333333333333
Docente_23,Matemáticas Básicas,2020-1,26,3.9,4.0,3.8,Los talleres son muy útiles para aprender.,Estable,POS,POS,3.9
Docente_26,Bases de Datos,2020-1,18,3.7,3.9,3.9,"No explica bien, me siento perdido.",Estable,NEG,NEG,3.8333333333333335
Docente_32,Programación Orientada a Objetos,2020-2,31,4.4,4.1,4.8,No resuelve las dudas de los estudiantes.,Estable,NEG,NEG,4.433333333333334
Docente_10,Inteligencia Artificial,2020-2,44,1.8,1.5,2.4,La clase estuvo bien.,En riesgo,POS,NEU,1.8999999999999997
Docente_1,Programación Orientada a Objetos,2022-1,22,4.4,4.4,4.7,La clase estuvo bien.,Mejora,POS,NEU,4.5
Docente_26,Bases de Datos,2022-1,26,2.9,3.7,3.9,"No explica bien, me siento perdido.",Estable,NEG,NEG,3.5
Docente_12,Estructuras de Datos,2022-1,18,3.4,4.6,4.2,La clase estuvo bien.,Mejora,POS,NEU,4.066666666666666
Docente_43,Ética Profesional,2023-2,20,2.4,2.1,2.6,Califica de forma injusta.,En riesgo,NEG,NEG,2.3666666666666667
Docente_23,Ingeniería de Software,2023-1,15,5.0,4.3,4.8,Los talleres son muy útiles para aprender.,Mejora,POS,POS,4.7
Docente_46,Programación Orientada a Objetos,2020-2,21,4.2,3.8,3.8,"El profesor es normal, ni muy bueno ni muy malo.",Estable,NEU,NEU,3.9333333333333336
Docente_3,Programación Orientada a Objetos,2023-1,28,1.6,2.9,2.6,Se podría mejorar un poco el material de estudio.,En riesgo,NEU,NEG,2.3666666666666667
Docente_22,Matemáticas Básicas,2021-1,36,4.7,4.9,4.2,La clase es muy dinámica y entretenida.,Mejora,POS,POS,4.6000000000000005
Docente_31,Ingeniería de Software,2022-1,18,4.5,4.4,4.8,Me inspiró a seguir aprendiendo sobre este tema.,Mejora,POS,POS,4.566666666666666
Docente_32,Estructuras de Datos,2023-2,40,3.3,3.3,3.6,Resuelve las dudas con mucha paciencia.,Estable,NEU,NEU,3.4
Docente_21,Ética Profesional,2023-1,31,3.4,3.8,3.4,"Asistencia puntual, pero falta dinamismo.",Estable,NEG,NEG,3.533333333333333
Docente_9,Matemáticas Básicas,2020-2,40,4.5,4.8,4.2,Explica muy bien los temas.,Mejora,POS,POS,4.5
Docente_9,Programación Orientada a Objetos,2022-2,31,2.1,3.3,2.6,"No explica bien, me siento perdido.",En riesgo,NEG,NEG,2.6666666666666665
Docente_50,Ingeniería de Software,2021-2,16,2.9,4.0,3.7,Los temas son difíciles pero se entienden.,Estable,NEU,NEU,3.5333333333333337
Docente_28,Estructuras de Datos,2020-1,28,2.8,3.2,2.4,La clase estuvo bien.,En riesgo,POS,NEU,2.8000000000000003
Docente_19,Bases de Datos,2023-2,17,2.9,1.9,2.0,"Asistencia puntual, pero falta dinamismo.",En riesgo,NEG,NEG,2.2666666666666666
Docente_28,Programación Orientada a Objetos,2021-1,38,4.3,3.8,3.7,No resuelve las dudas de los estudiantes.,Estable,NEG,NEG,3.9333333333333336
Docente_12,Programación Orientada a Objetos,2022-1,39,3.6,3.8,3.5,La clase es muy dinámica y entretenida.,Estable,POS,POS,3.6333333333333333
Docente_17,Ingeniería de Software,2021-2,36,3.3,4.1,3.7,"No explica bien, me siento perdido.",Estable,NEG,NEG,3.6999999999999997
Docente_13,Inteligencia Artificial,2020-2,37,3.3,1.4,2.2,Se podría mejorar un poco el material de estudio.,En riesgo,NEU,NEG,2.3
Docente_33,Estructuras de Datos,2021-1,21,4.5,4.5,4.3,"El profesor es normal, ni muy bueno ni muy malo.",Mejora,NEU,NEU,4.433333333333334
Docente_41,Ingeniería de Software,2021-1,22,3.4,3.5,3.5,La clase es muy dinámica y entretenida.,Estable,POS,POS,3.466666666666667
Docente_9,Inteligencia Artificial,2020-1,23,4.0,3.8,4.4,Me inspiró a seguir aprendiendo sobre este tema.,Estable,POS,POS,4.066666666666666
Docente_10,Inteligencia Artificial,2020-1,34,3.8,4.9,4.0,La clase es muy dinámica y entretenida.,Mejora,POS,POS,4.233333333333333
Docente_6,Ética Profesional,2020-1,27,3.7,4.3,3.7,"No explica bien, me siento perdido.",Estable,NEG,NEG,3.9
Docente_34,Bases de Datos,2021-2,22,3.2,2.5,2.6,Los parciales no tienen nada que ver con lo visto en clase.,En riesgo,NEU,NEG,2.766666666666667
Docente_28,Inteligencia Artificial,2020-1,31,2.2,2.9,2.0,Falta mucha pedagogía.,En riesgo,NEG,NEG,2.3666666666666667
Docente_42,Matemáticas Básicas,2022-1,18,2.6,3.6,1.3,Llega tarde a las clases frecuentemente.,En riesgo,NEG,NEG,2.5
Docente_24,Bases de Datos,2022-2,37,2.5,2.9,1.4,Falta mucha pedagogía.,En riesgo,NEG,NEG,2.266666666666667
Docente_16,Bases de Datos,2020-1,20,4.8,2.8,3.8,"Excelente profesor, muy claro.",Estable,POS,POS,3.7999999999999994
Docente_1,Matemáticas Básicas,2022-2,21,4.3,4.0,3.0,"El profesor es normal, ni muy bueno ni muy malo.",Estable,NEU,NEU,3.766666666666667
Docente_31,Bases de Datos,2020-2,28,2.7,1.6,2.6,Califica de forma injusta.,En riesgo,NEG,NEG,2.3000000000000003
Docente_17,Inteligencia Artificial,2022-2,25,4.3,3.7,4.7,"El profesor es normal, ni muy bueno ni muy malo.",Estable,NEU,NEU,4.233333333333333
Docente_8,Matemáticas Básicas,2020-1,36,4.3,4.7,4.4,Cumple con el programa.,Mejora,NEU,NEU,4.466666666666667
Docente_50,Ética Profesional,2021-1,25,2.2,2.1,3.1,Los parciales no tienen nada que ver con lo visto en clase.,En riesgo,NEU,NEG,2.466666666666667
Docente_48,Ética Profesional,2022-2,38,3.1,3.9,4.6,Los parciales no tienen nada que ver con lo visto en clase.,Estable,NEU,NEG,3.8666666666666667
Docente_34,Estructuras de Datos,2022-2,22,1.8,2.5,2.8,Los temas son difíciles pero se entienden.,En riesgo,NEU,NEU,2.3666666666666667
Docente_18,Programación Orientada a Objetos,2023-1,17,3.8,4.8,4.3,La clase es muy dinámica y entretenida.,Estable,POS,POS,4.3
Docente_9,Ingeniería de Software,2020-2,16,1.2,2.1,2.2,"El profesor es normal, ni muy bueno ni muy malo.",En riesgo,NEU,NEU,1.8333333333333333
Docente_42,Ética Profesional,2021-2,21,2.8,4.4,3.7,La clase es muy aburrida y monótona.,Estable,NEG,NEG,3.6333333333333333
Docente_7,Matemáticas Básicas,2022-2,24,4.3,4.6,4.6,Se podría mejorar un poco el material de estudio.,Mejora,NEU,NEG,4.499999999999999
Docente_31,Ética Profesional,2021-2,32,4.5,3.8,3.6,Resuelve las dudas con mucha paciencia.,Estable,NEU,NEU,3.966666666666667
Docente_3,Programación Orientada a Objetos,2021-2,28,4.8,4.5,2.9,Llega tarde a las clases frecuentemente.,Estable,NEG,NEG,4.066666666666667
Docente_46,Bases de Datos,2022-2,43,4.7,4.1,4.6,Los talleres son muy útiles para aprender.,Mejora,POS,POS,4.466666666666667
Docente_29,Ingeniería de Software,2020-2,44,4.7,4.8,3.9,Me inspiró a seguir aprendiendo sobre este tema.,Mejora,POS,POS,4.466666666666667
Docente_5,Inteligencia Artificial,2023-1,31,5.0,4.9,4.2,Cumple con el programa.,Mejora,NEU,NEU,4.7
Docente_2,Programación Orientada a Objetos,2022-1,37,3.5,3.0,3.8,Resuelve las dudas con mucha paciencia.,Estable,NEU,NEU,3.4333333333333336
Docente_19,Matemáticas Básicas,2020-1,40,3.8,4.3,3.5,Me inspiró a seguir aprendiendo sobre este tema.,Estable,POS,POS,3.8666666666666667
Docente_48,Ética Profesional,2023-1,30,2.5,2.0,2.8,Los temas son difíciles pero se entienden.,En riesgo,NEU,NEU,2.433333333333333
Docente_35,Ética Profesional,2020-2,20,4.1,3.6,2.8,La clase es muy aburrida y monótona.,Estable,NEG,NEG,3.5
Docente_49,Estructuras de Datos,2023-1,32,3.7,4.1,4.9,"Asistencia puntual, pero falta dinamismo.",Estable,NEG,NEG,4.233333333333333
Docente_26,Estructuras de Datos,2022-1,21,4.1,4.4,4.2,Se nota que sabe mucho de la materia.,Mejora,NEU,NEU,4.233333333333333
Docente_1,Programación Orientada a Objetos,2021-2,33,5.0,4.3,4.0,Se podría mejorar un poco el material de estudio.,Mejora,NEU,NEG,4.433333333333334
Docente_1,Ética Profesional,2023-2,31,2.7,2.9,2.5,Se podría mejorar un poco el material de estudio.,En riesgo,NEU,NEG,2.6999999999999997
Docente_47,Estructuras de Datos,2022-1,24,3.7,3.2,3.7,La clase estuvo bien.,Estable,POS,NEU,3.5333333333333337
Docente_19,Ingeniería de Software,2022-1,32,4.5,4.4,4.1,"Excelente profesor, muy claro.",Mejora,POS,POS,4.333333333333333
Docente_11,Programación Orientada a Objetos,2020-1,32,3.2,3.9,4.3,La clase estuvo bien.,Estable,POS,NEU,3.7999999999999994
Docente_19,Matemáticas Básicas,2021-1,45,5.0,4.2,4.2,Resuelve las dudas con mucha paciencia.,Mejora,NEU,NEU,4.466666666666666
Docente_9,Bases de Datos,2020-1,35,4.2,5.0,3.5,La clase estuvo bien.,Estable,POS,NEU,4.233333333333333
Docente_14,Estructuras de Datos,2020-2,15,3.2,4.1,4.1,Se podría mejorar un poco el material de estudio.,Estable,NEU,NEG,3.7999999999999994
Docente_41,Estructuras de Datos,2022-2,25,3.1,3.2,3.7,Se nota que sabe mucho de la materia.,Estable,NEU,NEU,3.3333333333333335
Docente_46,Estructuras de Datos,2022-1,38,3.8,3.4,3.8,Resuelve las dudas con mucha paciencia.,Estable,NEU,NEU,3.6666666666666665
Docente_27,Estructuras de Datos,2022-1,25,4.6,5.0,4.0,Explica muy bien los temas.,Mejora,POS,POS,4.533333333333333
Docente_41,Ética Profesional,2020-1,41,3.7,4.3,4.6,Se podría mejorar un poco el material de estudio.,Estable,NEU,NEG,4.2
Docente_15,Ingeniería de Software,2022-1,20,4.8,3.2,3.0,Cumple con el programa.,Estable,NEU,NEU,3.6666666666666665
Docente_2,Estructuras de Datos,2020-2,38,4.2,3.7,4.0,"Asistencia puntual, pero falta dinamismo.",Estable,NEG,NEG,3.966666666666667
Docente_42,Bases de Datos,2021-2,41,3.9,5.0,4.2,La clase estuvo bien.,Mejora,POS,NEU,4.366666666666667
Docente_15,Bases de Datos,2022-1,21,4.0,4.0,4.2,Los parciales no tienen nada que ver con lo visto en clase.,Estable,NEU,NEG,4.066666666666666
Docente_41,Ética Profesional,2023-1,19,4.1,3.2,3.9,La clase es muy aburrida y monótona.,Estable,NEG,NEG,3.733333333333333
Docente_15,Ingeniería de Software,2023-1,26,2.5,2.0,3.6,Califica de forma injusta.,En riesgo,NEG,NEG,2.6999999999999997
Docente_31,Matemáticas Básicas,2023-2,20,3.5,4.1,3.5,La clase es muy aburrida y monótona.,Estable,NEG,NEG,3.6999999999999997
Docente_12,Ética Profesional,2021-1,21,4.4,4.6,3.7,"El profesor es normal, ni muy bueno ni muy malo.",Mejora,NEU,NEU,4.233333333333333
Docente_32,Ingeniería de Software,2021-1,35,2.8,3.8,3.8,"El profesor es normal, ni muy bueno ni muy malo.",Estable,NEU,NEU,3.4666666666666663
Docente_2,Bases de Datos,2021-1,43,4.1,4.7,4.4,Se nota que sabe mucho de la materia.,Mejora,NEU,NEU,4.4
Docente_26,Ingeniería de Software,2021-2,17,4.4,4.0,4.3,Se nota que sabe mucho de la materia.,Mejora,NEU,NEU,4.233333333333333
Docente_5,Inteligencia Artificial,2021-2,29,3.0,3.4,2.8,Los temas son difíciles pero se entienden.,En riesgo,NEU,NEU,3.0666666666666664
Docente_26,Matemáticas Básicas,2021-1,38,4.5,4.0,3.0,Explica muy bien los temas.,Estable,POS,POS,3.8333333333333335
Docente_39,Matemáticas Básicas,2023-1,27,4.2,4.6,3.9,Explica muy bien los temas.,Estable,POS,POS,4.233333333333333
Docente_8,Ética Profesional,2020-1,39,3.5,2.3,2.5,Los temas son difíciles pero se entienden.,En riesgo,NEU,NEU,2.766666666666667
Docente_3,Programación Orientada a Objetos,2021-2,39,3.7,3.8,3.6,Se nota que sabe mucho de la materia.,Estable,NEU,NEU,3.6999999999999997
Docente_18,Programación Orientada a Objetos,2020-1,40,3.3,4.5,4.5,Explica muy bien los temas.,Estable,POS,POS,4.1000000000000005
Docente_7,Estructuras de Datos,2022-2,42,3.5,3.4,4.6,Se nota que sabe mucho de la materia.,Estable,NEU,NEU,3.8333333333333335
Docente_13,Programación Orientada a Objetos,2023-2,39,3.0,3.6,4.2,Los parciales no tienen nada que ver con lo visto en clase.,Estable,NEU,NEG,3.6
Docente_29,Ética Profesional,2021-1,24,4.9,3.8,3.6,Los talleres son muy útiles para aprender.,Mejora,POS,POS,4.1
Docente_31,Programación Orientada a Objetos,2021-2,16,1.3,2.5,2.4,Cumple con el programa.,En riesgo,NEU,NEU,2.0666666666666664
Docente_45,Bases de Datos,2020-2,15,4.3,3.8,3.4,"Excelente profesor, muy claro.",Estable,POS,POS,3.8333333333333335
Docente_7,Estructuras de Datos,2022-1,18,1.3,3.3,2.8,Cumple con el programa.,En riesgo,NEU,NEU,2.4666666666666663
Docente_27,Programación Orientada a Objetos,2020-1,44,4.6,4.8,4.4,La clase es muy dinámica y entretenida.,Mejora,POS,POS,4.6
Docente_2,Programación Orientada a Objetos,2023-1,27,4.9,5.0,3.8,Se nota que sabe mucho de la materia.,Mejora,NEU,NEU,4.566666666666666
Docente_23,Ingeniería de Software,2022-1,22,4.5,3.4,4.1,"Asistencia puntual, pero falta dinamismo.",Estable,NEG,NEG,4.0
Docente_44,Ingeniería de Software,2020-2,30,3.8,4.1,3.1,Los talleres son muy útiles para aprender.,Estable,POS,POS,3.6666666666666665
Docente_8,Programación Orientada a Objetos,2020-2,45,4.0,3.7,3.9,"El profesor es normal, ni muy bueno ni muy malo.",Estable,NEU,NEU,3.8666666666666667
Docente_23,Matemáticas Básicas,2022-2,18,2.8,1.7,2.3,Los parciales no tienen nada que ver con lo visto en clase.,En riesgo,NEU,NEG,2.2666666666666666
Docente_6,Matemáticas Básicas,2021-1,20,4.7,4.6,3.7,Me inspiró a seguir aprendiendo sobre este tema.,Mejora,POS,POS,4.333333333333333
Docente_34,Bases de Datos,2021-1,36,4.0,3.4,3.2,"No explica bien, me siento perdido.",Estable,NEG,NEG,3.5333333333333337
Docente_10,Ingeniería de Software,2022-1,34,3.2,4.6,3.7,"El profesor es normal, ni muy bueno ni muy malo.",Estable,NEU,NEU,3.8333333333333335
Docente_23,Matemáticas Básicas,2022-1,44,4.8,4.2,4.2,La clase estuvo bien.,Mejora,POS,NEU,4.3999999999999995
Docente_43,Bases de Datos,2022-1,40,4.1,3.2,3.9,Se nota que sabe mucho de la materia.,Estable,NEU,NEU,3.733333333333333
Docente_1,Ética Profesional,2021-1,39,2.1,2.9,3.3,Los temas son difíciles pero se entienden.,En riesgo,NEU,NEU,2.766666666666667
Docente_10,Bases de Datos,2021-1,27,3.7,3.7,3.9,La clase es muy aburrida y monótona.,Estable,NEG,NEG,3.766666666666667
Docente_47,Ética Profesional,2023-2,41,3.9,3.8,3.1,Se nota que sabe mucho de la materia.,Estable,NEU,NEU,3.5999999999999996
Docente_8,Estructuras de Datos,2023-1,45,1.9,2.5,2.1,Se podría mejorar un poco el material de estudio.,En riesgo,NEU,NEG,2.1666666666666665
Docente_18,Programación Orientada a Objetos,2020-2,25,4.0,3.8,3.9,Resuelve las dudas con mucha paciencia.,Estable,NEU,NEU,3.9
Docente_12,Ética Profesional,2023-1,26,3.8,3.1,1.3,Los parciales no tienen nada que ver con lo visto en clase.,En riesgo,NEU,NEG,2.733333333333334
Docente_32,Inteligencia Artificial,2023-2,37,2.3,3.5,4.1,"No explica bien, me siento perdido.",Estable,NEG,NEG,3.2999999999999994
Docente_39,Ética Profesional,2022-2,19,3.4,4.1,3.9,La clase estuvo bien.,Estable,POS,NEU,3.8000000000000003
Docente_25,Inteligencia Artificial,2023-2,32,3.9,4.0,4.4,Llega tarde a las clases frecuentemente.,Estable,NEG,NEG,4.1000000000000005
Docente_32,Estructuras de Datos,2021-2,27,3.7,4.0,4.5,"Excelente profesor, muy claro.",Mejora,POS,POS,4.066666666666666
Docente_38,Ingeniería de Software,2023-1,31,2.6,4.3,3.7,Los parciales no tienen nada que ver con lo visto en clase.,Estable,NEU,NEG,3.5333333333333337
Docente_50,Ingeniería de Software,2021-2,37,2.7,2.7,1.8,La clase es muy aburrida y monótona.,En riesgo,NEG,NEG,2.4
Docente_16,Bases de Datos,2020-1,21,3.9,3.9,3.2,Explica muy bien los temas.,Estable,POS,POS,3.6666666666666665
Docente_24,Estructuras de Datos,2023-2,45,3.7,4.4,4.1,Resuelve las dudas con mucha paciencia.,Estable,NEU,NEU,4.066666666666667
Docente_8,Matemáticas Básicas,2022-2,26,3.0,4.2,3.0,Resuelve las dudas con mucha paciencia.,Estable,NEU,NEU,3.4
Docente_19,Inteligencia Artificial,2021-1,41,2.8,1.1,2.3,Cumple con el programa.,En riesgo,NEU,NEU,2.0666666666666664
Docente_27,Programación Orientada a Objetos,2021-2,41,4.8,4.4,4.8,La clase es muy dinámica y entretenida.,Mejora,POS,POS,4.666666666666667
Docente_4,Ingeniería de Software,2021-1,18,4.6,4.6,4.4,Se podría mejorar un poco el material de estudio.,Mejora,NEU,NEG,4.533333333333333
Docente_46,Programación Orientada a Objetos,2023-1,38,4.2,3.7,3.5,Explica muy bien los temas.,Estable,POS,POS,3.8000000000000003
Docente_45,Inteligencia Artificial,2022-2,16,5.0,4.5,3.6,Se podría mejorar un poco el material de estudio.,Mejora,NEU,NEG,4.366666666666666
Docente_7,Ingeniería de Software,2020-2,30,3.4,3.6,3.4,Falta mucha pedagogía.,Estable,NEG,NEG,3.466666666666667
Docente_11,Matemáticas Básicas,2021-1,26,5.0,4.4,4.2,Se nota que sabe mucho de la materia.,Mejora,NEU,NEU,4.533333333333334
Docente_6,Programación Orientada a Objetos,2020-2,15,4.6,4.3,3.2,Los parciales no tienen nada que ver con lo visto en clase.,Estable,NEU,NEG,4.033333333333332
Docente_27,Programación Orientada a Objetos,2021-1,30,4.3,3.3,4.5,Resuelve las dudas con mucha paciencia.,Estable,NEU,NEU,4.033333333333333
Docente_48,Estructuras de Datos,2022-1,30,3.8,4.3,4.2,Me inspiró a seguir aprendiendo sobre este tema.,Mejora,POS,POS,4.1000000000000005
Docente_47,Bases de Datos,2023-2,40,4.8,4.3,4.7,Los temas son difíciles pero se entienden.,Mejora,NEU,NEU,4.6000000000000005
Docente_45,Matemáticas Básicas,2022-1,18,4.1,4.2,3.5,Resuelve las dudas con mucha paciencia.,Estable,NEU,NEU,3.9333333333333336
Docente_4,Ingeniería de Software,2020-1,34,3.9,4.8,5.0,"Asistencia puntual, pero falta dinamismo.",Mejora,NEG,NEG,4.566666666666666
Docente_12,Estructuras de Datos,2021-1,15,4.0,4.1,3.2,"Asistencia puntual, pero falta dinamismo.",Estable,NEG,NEG,3.766666666666667
Docente_28,Ingeniería de Software,2023-2,32,3.5,2.8,2.5,Se podría mejorar un poco el material de estudio.,En riesgo,NEU,NEG,2.9333333333333336
Docente_17,Estructuras de Datos,2022-1,37,4.3,4.9,5.0,La clase es muy dinámica y entretenida.,Mejora,POS,POS,4.733333333333333
Docente_28,Programación Orientada a Objetos,2022-1,17,3.8,4.1,3.8,No resuelve las dudas de los estudiantes.,Estable,NEG,NEG,3.9
Docente_25,Programación Orientada a Objetos,2021-2,27,3.5,4.0,4.0,Falta mucha pedagogía.,Estable,NEG,NEG,3.8333333333333335
Docente_4,Programación Orientada a Objetos,2023-1,20,4.3,3.9,3.7,Llega tarde a las clases frecuentemente.,Estable,NEG,NEG,3.9666666666666663
Docente_39,Ética Profesional,2020-2,41,4.2,4.4,4.2,Se podría mejorar un poco el material de estudio.,Mejora,NEU,NEG,4.266666666666667
Docente_30,Inteligencia Artificial,2022-2,35,3.9,4.0,3.2,"Asistencia puntual, pero falta dinamismo.",Estable,NEG,NEG,3.7000000000000006
Docente_25,Programación Orientada a Objetos,2020-1,40,3.3,4.3,4.1,Se podría mejorar un poco el material de estudio.,Estable,NEU,NEG,3.9
Docente_42,Inteligencia Artificial,2021-2,23,4.4,4.4,4.3,"Excelente profesor, muy claro.",Mejora,POS,POS,4.366666666666667
Docente_7,Matemáticas Básicas,2022-2,34,4.3,4.6,3.8,Los temas son difíciles pero se entienden.,Estable,NEU,NEU,4.233333333333333
Docente_2,Programación Orientada a Objetos,2022-1,20,5.0,5.0,3.8,Cumple con el programa.,Mejora,NEU,NEU,4.6000000000000005
Docente_7,Matemáticas Básicas,2021-2,34,4.8,4.1,4.2,Explica muy bien los temas.,Estable,POS,POS,4.366666666666666
Docente_49,Bases de Datos,2021-2,32,4.0,3.5,4.2,Me inspiró a seguir aprendiendo sobre este tema.,Estable,POS,POS,3.9
Docente_41,Matemáticas Básicas,2021-2,23,3.7,4.3,4.2,Se nota que sabe mucho de la materia.,Estable,NEU,NEU,4.066666666666666
Docente_37,Estructuras de Datos,2020-1,33,4.9,4.2,4.5,"Asistencia puntual, pero falta dinamismo.",Mejora,NEG,NEG,4.533333333333334
Docente_31,Matemáticas Básicas,2020-1,25,2.5,2.6,2.5,La clase es muy aburrida y monótona.,En riesgo,NEG,NEG,2.533333333333333
Docente_20,Matemáticas Básicas,2022-2,39,3.3,3.9,3.5,"El profesor es normal, ni muy bueno ni muy malo.",Estable,NEU,NEU,3.5666666666666664
Docente_26,Estructuras de Datos,2021-2,25,3.9,4.0,3.5,"Asistencia puntual, pero falta dinamismo.",Estable,NEG,NEG,3.8000000000000003
Docente_47,Bases de Datos,2021-1,37,4.8,4.9,4.0,Los temas son difíciles pero se entienden.,Mejora,NEU,NEU,4.566666666666666
Docente_7,Bases de Datos,2023-1,43,2.9,2.9,1.6,Se podría mejorar un poco el material de estudio.,En riesgo,NEU,NEG,2.466666666666667
Docente_33,Matemáticas Básicas,2021-1,15,4.6,3.6,4.7,Los parciales no tienen nada que ver con lo visto en clase.,Estable,NEU,NEG,4.3
Docente_25,Inteligencia Artificial,2020-1,24,2.9,4.1,2.6,Los talleres son muy útiles para aprender.,Estable,POS,POS,3.1999999999999997
Docente_10,Ingeniería de Software,2023-2,17,2.8,3.8,4.5,Se nota que sabe mucho de la materia.,Estable,NEU,NEU,3.6999999999999997
Docente_46,Programación Orientada a Objetos,2021-2,40,3.6,4.2,4.0,Resuelve las dudas con mucha paciencia.,Estable,NEU,NEU,3.9333333333333336
Docente_50,Ingeniería de Software,2021-1,45,3.7,4.1,3.3,No resuelve las dudas de los estudiantes.,Estable,NEG,NEG,3.6999999999999997
Docente_34,Ingeniería de Software,2022-2,29,3.5,3.4,3.5,Resuelve las dudas con mucha paciencia.,Estable,NEU,NEU,3.466666666666667
Docente_22,Bases de Datos,2022-2,34,1.6,3.7,2.7,Falta mucha pedagogía.,En riesgo,NEG,NEG,2.6666666666666665
Docente_3,Ingeniería de Software,2023-1,22,4.7,4.1,4.2,Me inspiró a seguir aprendiendo sobre este tema.,Estable,POS,POS,4.333333333333333
Docente_40,Estructuras de Datos,2020-2,45,1.9,3.7,2.1,Califica de forma injusta.,En riesgo,NEG,NEG,2.5666666666666664
Docente_37,Ingeniería de Software,2023-2,18,4.4,4.3,3.2,Explica muy bien los temas.,Estable,POS,POS,3.9666666666666663
Docente_10,Ética Profesional,2022-1,32,4.3,4.8,4.5,"Asistencia puntual, pero falta dinamismo.",Mejora,NEG,NEG,4.533333333333333
Docente_6,Inteligencia Artificial,2020-2,29,3.5,3.5,2.9,Los temas son difíciles pero se entienden.,Estable,NEU,NEU,3.3000000000000003
Docente_11,Bases de Datos,2021-1,17,4.3,5.0,4.5,Resuelve las dudas con mucha paciencia.,Mejora,NEU,NEU,4.6000000000000005
Docente_37,Bases de Datos,2022-2,17,5.0,5.0,4.1,"Excelente profesor, muy claro.",Mejora,POS,POS,4.7
Docente_12,Ingeniería de Software,2023-2,23,4.8,4.1,4.1,Califica de forma injusta.,Estable,NEG,NEG,4.333333333333333
Docente_17,Ética Profesional,2023-2,35,3.9,3.5,3.7,Resuelve las dudas con mucha paciencia.,Estable,NEU,NEU,3.7000000000000006
Docente_8,Estructuras de Datos,2023-2,16,3.6,4.4,3.4,Se podría mejorar un poco el material de estudio.,Estable,NEU,NEG,3.8000000000000003
Docente_19,Inteligencia Artificial,2023-1,42,4.2,3.4,3.5,Falta mucha pedagogía.,Estable,NEG,NEG,3.6999999999999997
Docente_44,Programación Orientada a Objetos,2023-2,26,5.0,4.9,4.4,Cumple con el programa.,Mejora,NEU,NEU,4.766666666666667
Docente_40,Bases de Datos,2022-2,17,4.1,3.4,4.7,"No explica bien, me siento perdido.",Estable,NEG,NEG,4.066666666666666
Docente_33,Inteligencia Artificial,2022-1,43,3.0,4.6,3.8,"Excelente profesor, muy claro.",Estable,POS,POS,3.7999999999999994
Docente_40,Ingeniería de Software,2020-1,38,3.3,4.1,3.8,La clase estuvo bien.,Estable,POS,NEU,3.733333333333333
Docente_45,Ética Profesional,2020-1,19,3.9,4.9,4.9,"Excelente profesor, muy claro.",Mejora,POS,POS,4.566666666666667
Docente_19,Inteligencia Artificial,2021-1,33,4.4,4.7,4.3,Me inspiró a seguir aprendiendo sobre este tema.,Mejora,POS,POS,4.466666666666668
Docente_5,Programación Orientada a Objetos,2023-1,42,4.5,3.7,3.6,La clase es muy aburrida y monótona.,Estable,NEG,NEG,3.933333333333333
Docente_43,Matemáticas Básicas,2022-2,29,3.3,4.0,4.2,La clase es muy aburrida y monótona.,Estable,NEG,NEG,3.8333333333333335
Docente_42,Estructuras de Datos,2023-2,18,5.0,4.3,4.5,"Excelente profesor, muy claro.",Mejora,POS,POS,4.6000000000000005
Docente_12,Ingeniería de Software,2020-2,44,2.7,3.0,2.6,Falta mucha pedagogía.,En riesgo,NEG,NEG,2.766666666666667
Docente_50,Inteligencia Artificial,2021-2,27,4.4,3.6,3.3,Los temas son difíciles pero se entienden.,Estable,NEU,NEU,3.766666666666667
Docente_5,Bases de Datos,2022-2,34,3.5,3.5,3.0,Califica de forma injusta.,Estable,NEG,NEG,3.3333333333333335
Docente_14,Ingeniería de Software,2023-2,18,3.7,4.0,3.9,Cumple con el programa.,Estable,NEU,NEU,3.8666666666666667
Docente_30,Matemáticas Básicas,2021-1,45,3.6,5.0,3.6,Califica de forma injusta.,Estable,NEG,NEG,4.066666666666666
Docente_10,Ingeniería de Software,2021-2,25,3.7,3.7,3.2,Los parciales no tienen nada que ver con lo visto en clase.,Estable,NEU,NEG,3.5333333333333337
Docente_3,Estructuras de Datos,2023-1,16,4.4,4.5,4.5,"Asistencia puntual, pero falta dinamismo.",Mejora,NEG,NEG,4.466666666666667
Docente_24,Ética Profesional,2023-1,30,2.2,3.2,2.2,No resuelve las dudas de los estudiantes.,En riesgo,NEG,NEG,2.5333333333333337
Docente_4,Programación Orientada a Objetos,2020-1,45,4.1,4.4,3.8,"Asistencia puntual, pero falta dinamismo.",Mejora,NEG,NEG,4.1000000000000005
Docente_44,Inteligencia Artificial,2022-1,23,4.7,4.0,4.6,Los talleres son muy útiles para aprender.,Estable,POS,POS,4.433333333333333
Docente_6,Programación Orientada a Objetos,2020-2,23,3.7,4.1,4.5,"Asistencia puntual, pero falta dinamismo.",Estable,NEG,NEG,4.1000000000000005
Docente_6,Bases de Datos,2023-2,42,3.4,3.7,3.2,"No explica bien, me siento perdido.",Estable,NEG,NEG,3.4333333333333336
Docente_34,Programación Orientada a Objetos,2022-1,20,3.2,3.7,3.8,"Excelente profesor, muy claro.",Estable,POS,POS,3.5666666666666664
Docente_6,Inteligencia Artificial,2022-2,45,3.8,4.2,4.0,"El profesor es normal, ni muy bueno ni muy malo.",Estable,NEU,NEU,4.0
Docente_11,Programación Orientada a Objetos,2022-2,45,4.6,3.9,4.4,Me inspiró a seguir aprendiendo sobre este tema.,Mejora,POS,POS,4.3
Docente_31,Inteligencia Artificial,2021-1,45,4.0,3.5,3.5,"No explica bien, me siento perdido.",Estable,NEG,NEG,3.6666666666666665
Docente_23,Ingeniería de Software,2023-1,41,3.7,4.2,4.8,Explica muy bien los temas.,Estable,POS,POS,4.233333333333333
Docente_36,Ética Profesional,2021-2,17,3.7,3.6,3.8,Los parciales no tienen nada que ver con lo visto en clase.,Estable,NEU,NEG,3.7000000000000006
Docente_40,Programación Orientada a Objetos,2022-2,36,3.5,4.2,3.7,Los temas son difíciles pero se entienden.,Estable,NEU,NEU,3.8000000000000003
Docente_1,Programación Orientada a Objetos,2023-2,44,2.8,4.2,3.0,Resuelve las dudas con mucha paciencia.,Estable,NEU,NEU,3.3333333333333335
Docente_32,Ética Profesional,2022-2,18,4.6,4.5,4.4,"Asistencia puntual, pero falta dinamismo.",Mejora,NEG,NEG,4.5
Docente_44,Inteligencia Artificial,2022-1,31,4.1,4.0,3.2,Explica muy bien los temas.,Estable,POS,POS,3.766666666666667
Docente_29,Ética Profesional,2021-1,35,4.8,4.7,4.7,La clase estuvo bien.,Mejora,POS,NEU,4.733333333333333
Docente_41,Estructuras de Datos,2020-2,16,4.1,4.3,4.3,La clase es muy dinámica y entretenida.,Mejora,POS,POS,4.233333333333333
Docente_48,Programación Orientada a Objetos,2023-1,37,3.6,3.3,3.0,Llega tarde a las clases frecuentemente.,Estable,NEG,NEG,3.3000000000000003
Docente_50,Programación Orientada a Objetos,2023-1,21,3.4,3.8,4.2,Se podría mejorar un poco el material de estudio.,Estable,NEU,NEG,3.7999999999999994
Docente_14,Programación Orientada a Objetos,2020-1,26,4.8,4.4,3.7,Los talleres son muy útiles para aprender.,Mejora,POS,POS,4.3
Docente_2,Bases de Datos,2022-1,31,5.0,3.9,4.2,"Excelente profesor, muy claro.",Mejora,POS,POS,4.366666666666667
Docente_45,Inteligencia Artificial,2023-2,28,1.4,2.7,3.0,Falta mucha pedagogía.,En riesgo,NEG,NEG,2.3666666666666667
Docente_23,Bases de Datos,2023-1,31,3.7,3.4,3.5,Los temas son difíciles pero se entienden.,Estable,NEU,NEU,3.533333333333333
Docente_8,Programación Orientada a Objetos,2023-2,28,2.1,4.2,2.0,Los parciales no tienen nada que ver con lo visto en clase.,En riesgo,NEU,NEG,2.766666666666667
Docente_12,Estructuras de Datos,2021-1,32,1.7,1.0,2.7,Falta mucha pedagogía.,En riesgo,NEG,NEG,1.8
Docente_25,Bases de Datos,2023-1,35,3.5,4.5,4.0,"El profesor es normal, ni muy bueno ni muy malo.",Estable,NEU,NEU,4.0
Docente_45,Estructuras de Datos,2020-2,17,3.2,4.2,4.0,La clase es muy dinámica y entretenida.,Estable,POS,POS,3.8000000000000003
Docente_6,Ingeniería de Software,2020-1,34,4.8,3.4,4.1,"No explica bien, me siento perdido.",Estable,NEG,NEG,4.1
Docente_7,Inteligencia Artificial,2020-2,35,5.0,4.9,4.7,La clase estuvo bien.,Mejora,POS,NEU,4.866666666666667
Docente_33,Estructuras de Datos,2020-1,36,3.3,3.9,3.7,"El profesor es normal, ni muy bueno ni muy malo.",Estable,NEU,NEU,3.633333333333333
Docente_27,Programación Orientada a Objetos,2021-2,39,3.5,4.0,4.9,La clase es muy aburrida y monótona.,Estable,NEG,NEG,4.133333333333334
Docente_36,Inteligencia Artificial,2020-2,21,4.5,4.7,4.4,La clase estuvo bien.,Mejora,POS,NEU,4.533333333333333
Docente_8,Bases de Datos,2023-2,28,1.8,2.4,2.7,Los temas son difíciles pero se entienden.,En riesgo,NEU,NEU,2.3000000000000003
Docente_46,Ética Profesional,2023-1,15,5.0,5.0,4.7,Los talleres son muy útiles para aprender.,Mejora,POS,POS,4.8999999999999995
Docente_15,Estructuras de Datos,2022-1,23,2.9,2.9,2.4,Los temas son difíciles pero se entienden.,En riesgo,NEU,NEU,2.733333333333333
Docente_17,Bases de Datos,2023-1,36,1.0,2.6,2.1,No resuelve las dudas de los estudiantes.,En riesgo,NEG,NEG,1.9000000000000001
Docente_1,Inteligencia Artificial,2020-1,15,3.9,3.7,4.0,Explica muy bien los temas.,Estable,POS,POS,3.8666666666666667
Docente_10,Ética Profesional,2022-2,41,3.7,4.2,3.4,No resuelve las dudas de los estudiantes.,Estable,NEG,NEG,3.766666666666667
Docente_48,Estructuras de Datos,2022-2,25,2.8,4.5,4.1,Los talleres son muy útiles para aprender.,Estable,POS,POS,3.7999999999999994
Docente_37,Inteligencia Artificial,2021-2,32,3.9,4.6,4.4,"Asistencia puntual, pero falta dinamismo.",Estable,NEG,NEG,4.3
Docente_13,Estructuras de Datos,2023-1,41,3.2,3.6,3.8,"Excelente profesor, muy claro.",Estable,POS,POS,3.5333333333333337
Docente_37,Inteligencia Artificial,2021-1,45,4.0,4.2,4.0,Los temas son difíciles pero se entienden.,Mejora,NEU,NEU,4.066666666666666
Docente_25,Ingeniería de Software,2021-1,27,4.2,3.2,3.9,Los temas son difíciles pero se entienden.,Estable,NEU,NEU,3.766666666666667
Docente_34,Programación Orientada a Objetos,2023-1,22,2.4,2.0,2.6,La clase es muy aburrida y monótona.,En riesgo,NEG,NEG,2.3333333333333335
Docente_46,Ética Profesional,2021-1,31,5.0,5.0,4.1,"Excelente profesor, muy claro.",Mejora,POS,POS,4.7
Docente_41,Estructuras de Datos,2023-1,41,2.3,3.1,2.1,"Asistencia puntual, pero falta dinamismo.",En riesgo,NEG,NEG,2.5
Docente_41,Bases de Datos,2021-1,45,3.1,3.2,4.1,Los temas son difíciles pero se entienden.,Estable,NEU,NEU,3.466666666666667
Docente_14,Matemáticas Básicas,2020-2,15,3.6,4.0,3.4,"No explica bien, me siento perdido.",Estable,NEG,NEG,3.6666666666666665
Docente_1,Ingeniería de Software,2021-1,15,4.1,4.2,3.7,Falta mucha pedagogía.,Estable,NEG,NEG,4.0
Docente_46,Estructuras de Datos,2020-2,33,2.5,2.5,1.9,Falta mucha pedagogía.,En riesgo,NEG,NEG,2.3000000000000003
Docente_2,Ingeniería de Software,2021-1,29,4.5,4.8,4.3,Los temas son difíciles pero se entienden.,Mejora,NEU,NEU,4.533333333333334
Docente_41,Ética Profesional,2022-2,20,3.6,4.4,3.9,La clase estuvo bien.,Estable,POS,NEU,3.966666666666667
Docente_42,Programación Orientada a Objetos,2022-1,21,3.2,3.5,4.1,Llega tarde a las clases frecuentemente.,Estable,NEG,NEG,3.6
Docente_16,Ingeniería de Software,2023-1,39,3.2,2.9,1.0,Llega tarde a las clases frecuentemente.,En riesgo,NEG,NEG,2.3666666666666667
Docente_43,Matemáticas Básicas,2022-1,17,3.3,3.3,2.5,Califica de forma injusta.,En riesgo,NEG,NEG,3.033333333333333
Docente_41,Matemáticas Básicas,2020-2,18,2.9,4.0,2.1,La clase estuvo bien.,En riesgo,POS,NEU,3.0
Docente_39,Matemáticas Básicas,2020-2,19,4.2,4.2,3.7,Resuelve las dudas con mucha paciencia.,Mejora,NEU,NEU,4.033333333333334
Docente_17,Programación Orientada a Objetos,2020-2,17,4.0,4.9,4.8,Califica de forma injusta.,Estable,NEG,NEG,4.566666666666666
Docente_24,Ética Profesional,2021-2,27,1.9,3.9,1.8,La clase es muy aburrida y monótona.,En riesgo,NEG,NEG,2.533333333333333
Docente_32,Ética Profesional,2020-1,28,2.3,3.4,1.8,La clase es muy aburrida y monótona.,En riesgo,NEG,NEG,2.4999999999999996
Docente_32,Ingeniería de Software,2020-2,21,4.0,3.9,4.0,"No explica bien, me siento perdido.",Estable,NEG,NEG,3.966666666666667
Docente_25,Bases de Datos,2023-2,40,2.1,2.7,1.4,Califica de forma injusta.,En riesgo,NEG,NEG,2.066666666666667
Docente_12,Bases de Datos,2020-1,43,4.8,4.4,4.8,Se nota que sabe mucho de la materia.,Mejora,NEU,NEU,4.666666666666667
Docente_43,Estructuras de Datos,2020-1,18,3.4,3.6,3.8,Los temas son difíciles pero se entienden.,Estable,NEU,NEU,3.6
Docente_23,Inteligencia Artificial,2020-1,20,3.9,4.5,4.8,No resuelve las dudas de los estudiantes.,Estable,NEG,NEG,4.3999999999999995
Docente_48,Bases de Datos,2020-2,21,1.9,3.8,2.3,"El profesor es normal, ni muy bueno ni muy malo.",En riesgo,NEU,NEU,2.6666666666666665
Docente_2,Estructuras de Datos,2020-1,31,3.9,4.0,4.0,No resuelve las dudas de los estudiantes.,Estable,NEG,NEG,3.966666666666667
Docente_49,Programación Orientada a Objetos,2021-2,42,3.2,2.9,2.4,Los parciales no tienen nada que ver con lo visto en clase.,En riesgo,NEU,NEG,2.8333333333333335
Docente_8,Programación Orientada a Objetos,2020-1,25,4.5,5.0,4.3,Se nota que sabe mucho de la materia.,Mejora,NEU,NEU,4.6000000000000005
Docente_15,Matemáticas Básicas,2021-1,23,3.9,4.4,3.9,Resuelve las dudas con mucha paciencia.,Mejora,NEU,NEU,4.066666666666667
Docente_31,Programación Orientada a Objetos,2020-2,26,4.3,4.4,3.4,Se podría mejorar un poco el material de estudio.,Mejora,NEU,NEG,4.033333333333333
Docente_36,Ingeniería de Software,2022-1,29,4.0,4.3,4.8,Se podría mejorar un poco el material de estudio.,Mejora,NEU,NEG,4.366666666666667
Docente_32,Inteligencia Artificial,2023-1,44,4.3,4.3,3.7,Me inspiró a seguir aprendiendo sobre este tema.,Estable,POS,POS,4.1000000000000005
Docente_17,Programación Orientada a Objetos,2021-2,36,2.1,2.2,1.9,Se podría mejorar un poco el material de estudio.,En riesgo,NEU,NEG,2.066666666666667
Docente_18,Inteligencia Artificial,2020-2,33,3.8,4.2,5.0,Los parciales no tienen nada que ver con lo visto en clase.,Estable,NEU,NEG,4.333333333333333
Docente_20,Programación Orientada a Objetos,2021-2,45,4.1,3.9,4.1,Califica de forma injusta.,Estable,NEG,NEG,4.033333333333333
Docente_28,Inteligencia Artificial,2023-1,34,3.9,4.6,4.0,Se podría mejorar un poco el material de estudio.,Mejora,NEU,NEG,4.166666666666667
Docente_18,Ética Profesional,2022-2,34,5.0,4.8,4.7,"Excelente profesor, muy claro.",Mejora,POS,POS,4.833333333333333
Docente_39,Inteligencia Artificial,2023-1,21,4.0,4.1,5.0,"El profesor es normal, ni muy bueno ni muy malo.",Mejora,NEU,NEU,4.366666666666666
Docente_23,Bases de Datos,2020-2,29,3.4,3.2,3.8,Los talleres son muy útiles para aprender.,Estable,POS,POS,3.4666666666666663
Docente_3,Estructuras de Datos,2022-1,33,3.8,4.4,4.2,"No explica bien, me siento perdido.",Estable,NEG,NEG,4.133333333333333
Docente_19,Estructuras de Datos,2022-2,27,3.9,4.3,4.5,Explica muy bien los temas.,Mejora,POS,POS,4.233333333333333
Docente_8,Programación Orientada a Objetos,2022-2,28,3.2,3.4,3.8,Los talleres son muy útiles para aprender.,Estable,POS,POS,3.4666666666666663
Docente_23,Programación Orientada a Objetos,2020-2,21,3.7,3.6,3.9,Se podría mejorar un poco el material de estudio.,Estable,NEU,NEG,3.733333333333334
Docente_24,Programación Orientada a Objetos,2022-2,18,3.1,2.7,4.4,Explica muy bien los temas.,Estable,POS,POS,3.4000000000000004
Docente_21,Ingeniería de Software,2020-1,37,3.6,4.2,4.2,Los temas son difíciles pero se entienden.,Estable,NEU,NEU,4.0
Docente_14,Inteligencia Artificial,2022-2,43,4.2,3.8,2.9,La clase estuvo bien.,Estable,POS,NEU,3.6333333333333333
Docente_36,Matemáticas Básicas,2023-1,24,4.5,4.1,4.2,"El profesor es normal, ni muy bueno ni muy malo.",Mejora,NEU,NEU,4.266666666666667
Docente_14,Estructuras de Datos,2021-2,18,2.9,2.3,3.0,Cumple con el programa.,En riesgo,NEU,NEU,2.733333333333333
Docente_18,Ingeniería de Software,2020-2,33,5.0,5.0,3.3,Los temas son difíciles pero se entienden.,Mejora,NEU,NEU,4.433333333333334
Docente_27,Ingeniería de Software,2023-1,25,4.6,4.6,4.3,Los talleres son muy útiles para aprender.,Mejora,POS,POS,4.5
Docente_13,Programación Orientada a Objetos,2020-1,40,3.8,4.6,3.9,Califica de forma injusta.,Estable,NEG,NEG,4.1
Docente_32,Matemáticas Básicas,2022-1,28,3.0,2.6,2.4,La clase es muy aburrida y monótona.,En riesgo,NEG,NEG,2.6666666666666665
Docente_8,Inteligencia Artificial,2021-1,34,3.6,3.7,2.8,Los temas son difíciles pero se entienden.,Estable,NEU,NEU,3.366666666666667
Docente_38,Inteligencia Artificial,2021-2,33,3.6,3.7,4.3,Explica muy bien los temas.,Estable,POS,POS,3.866666666666667
Docente_19,Matemáticas Básicas,2020-1,44,3.7,4.4,3.6,La clase es muy aburrida y monótona.,Estable,NEG,NEG,3.9000000000000004
Docente_19,Programación Orientada a Objetos,2023-1,16,3.1,3.7,3.5,Llega tarde a las clases frecuentemente.,Estable,NEG,NEG,3.4333333333333336
Docente_34,Matemáticas Básicas,2022-2,35,5.0,4.5,4.9,Explica muy bien los temas.,Mejora,POS,POS,4.8
Docente_5,Inteligencia Artificial,2020-2,41,4.3,3.4,3.6,"No explica bien, me siento perdido.",Estable,NEG,NEG,3.766666666666666
Docente_47,Bases de Datos,2022-1,25,4.7,3.8,2.8,Se podría mejorar un poco el material de estudio.,Estable,NEU,NEG,3.766666666666667
Docente_26,Matemáticas Básicas,2022-2,30,4.1,4.3,4.0,"El profesor es normal, ni muy bueno ni muy malo.",Mejora,NEU,NEU,4.133333333333333
Docente_4,Inteligencia Artificial,2022-1,37,4.4,4.6,4.7,La clase estuvo bien.,Mejora,POS,NEU,4.566666666666666
Docente_32,Ética Profesional,2020-2,41,3.4,4.5,4.3,Se podría mejorar un poco el material de estudio.,Estable,NEU,NEG,4.066666666666666
Docente_40,Matemáticas Básicas,2020-1,22,3.7,4.0,3.3,"Excelente profesor, muy claro.",Estable,POS,POS,3.6666666666666665
Docente_1,Programación Orientada a Objetos,2020-2,25,3.5,3.4,4.4,"No explica bien, me siento perdido.",Estable,NEG,NEG,3.766666666666667
Docente_15,Programación Orientada a Objetos,2020-2,21,3.4,4.8,4.0,Se podría mejorar un poco el material de estudio.,Estable,NEU,NEG,4.066666666666666
Docente_35,Matemáticas Básicas,2020-1,23,4.8,4.1,4.7,"Asistencia puntual, pero falta dinamismo.",Mejora,NEG,NEG,4.533333333333332
Docente_3,Matemáticas Básicas,2020-1,45,3.0,3.5,3.9,"El profesor es normal, ni muy bueno ni muy malo.",Estable,NEU,NEU,3.466666666666667
Docente_5,Bases de Datos,2022-2,37,3.7,4.2,4.1,"El profesor es normal, ni muy bueno ni muy malo.",Mejora,NEU,NEU,4.0
Docente_25,Bases de Datos,2021-1,44,1.9,3.5,2.4,Califica de forma injusta.,En riesgo,NEG,NEG,2.6
Docente_38,Inteligencia Artificial,2020-2,19,4.0,5.0,4.5,Los talleres son muy útiles para aprender.,Mejora,POS,POS,4.5
Docente_10,Ética Profesional,2023-1,35,4.1,5.0,2.8,La clase es muy aburrida y monótona.,Estable,NEG,NEG,3.9666666666666663
Docente_43,Matemáticas Básicas,2021-2,33,3.9,4.1,3.2,Califica de forma injusta.,Estable,NEG,NEG,3.733333333333333
Docente_43,Inteligencia Artificial,2022-1,25,3.8,3.9,4.3,Califica de forma injusta.,Estable,NEG,NEG,4.0
Docente_15,Matemáticas Básicas,2022-1,39,3.8,3.3,4.4,"El profesor es normal, ni muy bueno ni muy malo.",Estable,NEU,NEU,3.8333333333333335
Docente_46,Matemáticas Básicas,2022-2,32,4.8,3.6,3.8,La clase estuvo bien.,Estable,POS,NEU,4.066666666666666
Docente_43,Ingeniería de Software,2021-2,37,4.2,4.7,4.4,"Excelente profesor, muy claro.",Mejora,POS,POS,4.433333333333334
Docente_5,Inteligencia Artificial,2020-1,21,4.6,3.8,4.3,Explica muy bien los temas.,Mejora,POS,POS,4.233333333333333
Docente_43,Programación Orientada a Objetos,2023-2,41,4.3,3.7,4.2,"Asistencia puntual, pero falta dinamismo.",Estable,NEG,NEG,4.066666666666666
Docente_13,Inteligencia Artificial,2020-2,25,4.3,3.7,3.8,Me inspiró a seguir aprendiendo sobre este tema.,Estable,POS,POS,3.9333333333333336
Docente_38,Ética Profesional,2022-2,39,3.7,3.0,4.7,"El profesor es normal, ni muy bueno ni muy malo.",Estable,NEU,NEU,3.8000000000000003
Docente_46,Inteligencia Artificial,2021-1,42,3.6,3.2,4.3,No resuelve las dudas de los estudiantes.,Estable,NEG,NEG,3.7000000000000006
Docente_7,Programación Orientada a Objetos,2021-2,44,4.5,4.7,4.9,Los talleres son muy útiles para aprender.,Mejora,POS,POS,4.7
Docente_25,Inteligencia Artificial,2021-2,39,4.0,4.3,3.6,Me inspiró a seguir aprendiendo sobre este tema.,Mejora,POS,POS,3.966666666666667
Docente_13,Matemáticas Básicas,2022-1,28,3.2,4.4,3.0,Los talleres son muy útiles para aprender.,Estable,POS,POS,3.5333333333333337
Docente_44,Bases de Datos,2020-2,19,4.7,4.8,5.0,La clase estuvo bien.,Mejora,POS,NEU,4.833333333333333
Docente_7,Ingeniería de Software,2020-2,22,4.5,4.6,4.3,Explica muy bien los temas.,Mejora,POS,POS,4.466666666666666
Docente_30,Programación Orientada a Objetos,2022-1,15,4.3,4.0,3.8,Califica de forma injusta.,Estable,NEG,NEG,4.033333333333334
Docente_43,Estructuras de Datos,2023-2,26,3.9,3.7,4.6,Cumple con el programa.,Estable,NEU,NEU,4.066666666666666
Docente_8,Estructuras de Datos,2020-2,26,4.2,3.1,4.0,"No explica bien, me siento perdido.",Estable,NEG,NEG,3.766666666666667
Docente_14,Programación Orientada a Objetos,2023-1,31,3.9,4.5,4.2,Me inspiró a seguir aprendiendo sobre este tema.,Mejora,POS,POS,4.2
Docente_33,Bases de Datos,2020-1,29,4.6,4.1,4.1,Resuelve las dudas con mucha paciencia.,Mejora,NEU,NEU,4.266666666666667
Docente_24,Matemáticas Básicas,2020-1,35,4.5,4.4,3.3,Me inspiró a seguir aprendiendo sobre este tema.,Mejora,POS,POS,4.066666666666666
Docente_47,Inteligencia Artificial,2021-2,24,5.0,4.1,4.3,La clase es muy dinámica y entretenida.,Mejora,POS,POS,4.466666666666666
Docente_26,Programación Orientada a Objetos,2022-1,31,2.6,2.4,2.2,"El profesor es normal, ni muy bueno ni muy malo.",En riesgo,NEU,NEU,2.4
Docente_32,Estructuras de Datos,2023-1,18,4.1,4.6,4.7,Los temas son difíciles pero se entienden.,Mejora,NEU,NEU,4.466666666666666
Docente_4,Ingeniería de Software,2021-2,45,3.6,4.0,4.0,La clase es muy dinámica y entretenida.,Estable,POS,POS,3.8666666666666667
Docente_15,Matemáticas Básicas,2020-1,43,3.4,4.3,3.4,"Excelente profesor, muy claro.",Estable,POS,POS,3.6999999999999997
Docente_37,Bases de Datos,2021-2,17,2.3,2.7,1.3,Cumple con el programa.,En riesgo,NEU,NEU,2.1
Docente_7,Bases de Datos,2021-2,43,3.7,4.0,4.1,Falta mucha pedagogía.,Estable,NEG,NEG,3.9333333333333336
Docente_45,Ingeniería de Software,2023-1,27,4.0,4.6,3.5,"Asistencia puntual, pero falta dinamismo.",Estable,NEG,NEG,4.033333333333333
Docente_7,Programación Orientada a Objetos,2022-1,30,1.9,3.1,2.2,No resuelve las dudas de los estudiantes.,En riesgo,NEG,NEG,2.4
Docente_11,Ética Profesional,2021-2,26,4.2,3.7,4.0,"El profesor es normal, ni muy bueno ni muy malo.",Estable,NEU,NEU,3.966666666666667
Docente_46,Estructuras de Datos,2022-1,38,4.2,4.0,3.7,Explica muy bien los temas.,Estable,POS,POS,3.9666666666666663
Docente_7,Programación Orientada a Objetos,2023-2,38,1.6,3.5,2.0,Llega tarde a las clases frecuentemente.,En riesgo,NEG,NEG,2.3666666666666667
Docente_45,Programación Orientada a Objetos,2021-1,25,4.3,5.0,3.6,Se nota que sabe mucho de la materia.,Estable,NEU,NEU,4.3
Docente_11,Programación Orientada a Objetos,2022-2,43,4.1,4.1,3.2,La clase es muy aburrida y monótona.,Estable,NEG,NEG,3.7999999999999994
Docente_10,Matemáticas Básicas,2023-2,28,4.3,3.8,4.1,Los talleres son muy útiles para aprender.,Mejora,POS,POS,4.066666666666666
Docente_2,Programación Orientada a Objetos,2022-1,43,3.8,2.0,2.5,La clase es muy aburrida y monótona.,En riesgo,NEG,NEG,2.766666666666667
Docente_11,Ingeniería de Software,2020-1,34,3.8,4.0,3.3,Se podría mejorar un poco el material de estudio.,Estable,NEU,NEG,3.6999999999999997
Docente_31,Estructuras de Datos,2020-1,30,4.2,3.8,3.9,La clase estuvo bien.,Estable,POS,NEU,3.966666666666667
Docente_31,Matemáticas Básicas,2020-1,41,5.0,4.4,4.7,Explica muy bien los temas.,Mejora,POS,POS,4.7
Docente_37,Ingeniería de Software,2022-1,41,4.4,5.0,4.0,La clase es muy dinámica y entretenida.,Mejora,POS,POS,4.466666666666667
Docente_34,Estructuras de Datos,2021-1,39,4.0,4.8,4.4,Se nota que sabe mucho de la materia.,Mejora,NEU,NEU,4.4
Docente_50,Matemáticas Básicas,2020-2,24,4.2,4.4,2.9,Los temas son difíciles pero se entienden.,Estable,NEU,NEU,3.833333333333334
Docente_29,Inteligencia Artificial,2022-2,32,3.0,5.0,3.7,Cumple con el programa.,Estable,NEU,NEU,3.9
Docente_43,Inteligencia Artificial,2022-1,26,4.6,4.0,4.1,La clase estuvo bien.,Mejora,POS,NEU,4.233333333333333
Docente_1,Ética Profesional,2022-2,24,4.6,5.0,4.5,Se podría mejorar un poco el material de estudio.,Mejora,NEU,NEG,4.7
Docente_22,Estructuras de Datos,2023-2,18,4.6,4.3,4.4,Resuelve las dudas con mucha paciencia.,Mejora,NEU,NEU,4.433333333333333
Docente_44,Estructuras de Datos,2020-1,19,1.3,1.6,2.2,Falta mucha pedagogía.,En riesgo,NEG,NEG,1.7000000000000002
Docente_15,Ingeniería de Software,2021-1,26,3.6,5.0,4.1,La clase estuvo bien.,Mejora,POS,NEU,4.233333333333333
Docente_2,Programación Orientada a Objetos,2023-1,26,2.3,1.3,2.3,No resuelve las dudas de los estudiantes.,En riesgo,NEG,NEG,1.9666666666666666
Docente_48,Matemáticas Básicas,2021-2,44,4.0,4.6,4.9,"Asistencia puntual, pero falta dinamismo.",Estable,NEG,NEG,4.5
Docente_41,Matemáticas Básicas,2022-1,43,2.3,2.1,3.2,Los temas son difíciles pero se entienden.,En riesgo,NEU,NEU,2.5333333333333337
Docente_44,Estructuras de Datos,2023-2,45,4.6,4.4,5.0,Cumple con el programa.,Mejora,NEU,NEU,4.666666666666667
Docente_12,Bases de Datos,2022-2,43,4.3,4.7,4.0,Los talleres son muy útiles para aprender.,Mejora,POS,POS,4.333333333333333
Docente_26,Estructuras de Datos,2023-1,45,3.8,4.5,4.9,Cumple con el programa.,Estable,NEU,NEU,4.4
Docente_20,Programación Orientada a Objetos,2020-1,33,3.1,3.7,4.1,No resuelve las dudas de los estudiantes.,Estable,NEG,NEG,3.6333333333333333
Docente_45,Bases de Datos,2020-2,28,2.5,2.6,2.8,"Asistencia puntual, pero falta dinamismo.",En riesgo,NEG,NEG,2.6333333333333333
Docente_30,Estructuras de Datos,2022-2,24,3.5,4.4,4.1,La clase es muy dinámica y entretenida.,Estable,POS,POS,4.0
Docente_1,Inteligencia Artificial,2021-1,29,3.8,4.2,3.4,Resuelve las dudas con mucha paciencia.,Estable,NEU,NEU,3.8000000000000003
Docente_34,Bases de Datos,2021-1,24,4.1,4.3,4.8,La clase estuvo bien.,Mejora,POS,NEU,4.3999999999999995
Docente_19,Matemáticas Básicas,2022-1,15,2.4,1.0,1.7,La clase estuvo bien.,En riesgo,POS,NEU,1.7
Docente_3,Programación Orientada a Objetos,2022-1,41,3.7,3.2,3.6,Los parciales no tienen nada que ver con lo visto en clase.,Estable,NEU,NEG,3.5
Docente_8,Matemáticas Básicas,2023-2,24,4.5,5.0,3.9,Explica muy bien los temas.,Mejora,POS,POS,4.466666666666667
Docente_28,Bases de Datos,2020-1,16,5.0,3.8,4.2,Resuelve las dudas con mucha paciencia.,Mejora,NEU,NEU,4.333333333333333
Docente_9,Bases de Datos,2022-1,40,4.9,5.0,4.4,Cumple con el programa.,Mejora,NEU,NEU,4.766666666666667
Docente_43,Ética Profesional,2021-1,45,4.3,4.6,4.4,"Excelente profesor, muy claro.",Mejora,POS,POS,4.433333333333333
Docente_46,Bases de Datos,2021-1,38,4.2,4.7,4.9,La clase es muy dinámica y entretenida.,Mejora,POS,POS,4.6000000000000005
Docente_28,Estructuras de Datos,2020-2,24,3.8,2.6,4.4,La clase estuvo bien.,Estable,POS,NEU,3.6
Docente_3,Inteligencia Artificial,2022-2,22,3.4,2.4,3.4,"Asistencia puntual, pero falta dinamismo.",En riesgo,NEG,NEG,3.0666666666666664
Docente_44,Ingeniería de Software,2023-1,28,3.9,4.9,4.9,"Asistencia puntual, pero falta dinamismo.",Estable,NEG,NEG,4.566666666666667
Docente_7,Bases de Datos,2022-1,34,3.6,4.5,4.6,"El profesor es normal, ni muy bueno ni muy malo.",Estable,NEU,NEU,4.233333333333333
Docente_12,Estructuras de Datos,2023-1,36,4.0,5.0,3.5,Los temas son difíciles pero se entienden.,Estable,NEU,NEU,4.166666666666667
Docente_38,Programación Orientada a Objetos,2021-2,23,5.0,4.8,4.4,Se nota que sabe mucho de la materia.,Mejora,NEU,NEU,4.733333333333333
Docente_27,Estructuras de Datos,2021-2,24,3.2,3.7,4.1,"El profesor es normal, ni muy bueno ni muy malo.",Estable,NEU,NEU,3.6666666666666665
Docente_6,Bases de Datos,2023-2,32,3.1,4.4,3.8,Los talleres son muy útiles para aprender.,Estable,POS,POS,3.766666666666667
Docente_25,Ética Profesional,2023-1,18,4.1,3.7,3.7,Resuelve las dudas con mucha paciencia.,Estable,NEU,NEU,3.8333333333333335
Docente_34,Inteligencia Artificial,2022-2,31,4.6,4.5,4.2,Los temas son difíciles pero se entienden.,Mejora,NEU,NEU,4.433333333333334
Docente_46,Bases de Datos,2023-2,26,1.1,3.3,2.3,Falta mucha pedagogía.,En riesgo,NEG,NEG,2.2333333333333334
Docente_30,Inteligencia Artificial,2023-1,29,4.3,3.9,4.4,Explica muy bien los temas.,Estable,POS,POS,4.2
Docente_36,Matemáticas Básicas,2023-1,17,3.9,3.3,3.8,Resuelve las dudas con mucha paciencia.,Estable,NEU,NEU,3.6666666666666665
Docente_40,Bases de Datos,2021-2,33,5.0,4.3,4.7,Cumple con el programa.,Mejora,NEU,NEU,4.666666666666667
Docente_24,Programación Orientada a Objetos,2022-1,16,3.3,3.5,4.3,"Asistencia puntual, pero falta dinamismo.",Estable,NEG,NEG,3.6999999999999997
Docente_9,Inteligencia Artificial,2020-1,29,4.2,3.4,3.8,No resuelve las dudas de los estudiantes.,Estable,NEG,NEG,3.7999999999999994
Docente_30,Ética Profesional,2020-1,17,3.6,4.6,4.0,"Excelente profesor, muy claro.",Estable,POS,POS,4.066666666666666
Docente_18,Ética Profesional,2020-2,25,4.3,4.4,4.1,"El profesor es normal, ni muy bueno ni muy malo.",Mejora,NEU,NEU,4.266666666666667
Docente_7,Ética Profesional,2022-1,33,3.5,4.4,3.8,Califica de forma injusta.,Estable,NEG,NEG,3.9
Docente_45,Bases de Datos,2020-1,18,3.4,3.6,3.5,Los parciales no tienen nada que ver con lo visto en clase.,Estable,NEU,NEG,3.5
Docente_44,Estructuras de Datos,2020-1,37,2.1,3.0,2.0,No resuelve las dudas de los estudiantes.,En riesgo,NEG,NEG,2.3666666666666667
Docente_34,Programación Orientada a Objetos,2023-2,19,3.2,3.5,4.1,La clase estuvo bien.,Estable,POS,NEU,3.6
Docente_44,Ingeniería de Software,2021-1,24,2.2,2.8,2.2,Los temas son difíciles pero se entienden.,En riesgo,NEU,NEU,2.4
Docente_20,Ingeniería de Software,2020-1,40,4.8,5.0,5.0,La clase estuvo bien.,Mejora,POS,NEU,4.933333333333334
Docente_40,Ingeniería de Software,2021-2,18,5.0,5.0,3.9,"Excelente profesor, muy claro.",Mejora,POS,POS,4.633333333333334
Docente_1,Programación Orientada a Objetos,2020-2,31,4.1,4.7,3.7,"Excelente profesor, muy claro.",Mejora,POS,POS,4.166666666666667
Docente_16,Programación Orientada a Objetos,2020-2,30,3.6,4.1,3.6,Explica muy bien los temas.,Estable,POS,POS,3.766666666666666
Docente_33,Inteligencia Artificial,2023-1,16,3.8,3.9,4.5,La clase es muy dinámica y entretenida.,Estable,POS,POS,4.066666666666666
Docente_20,Inteligencia Artificial,2023-2,20,5.0,4.8,4.5,La clase es muy dinámica y entretenida.,Mejora,POS,POS,4.766666666666667
Docente_35,Bases de Datos,2023-2,42,1.6,3.1,2.8,Los temas son difíciles pero se entienden.,En riesgo,NEU,NEU,2.5
Docente_40,Matemáticas Básicas,2023-1,19,2.4,3.1,3.2,Los temas son difíciles pero se entienden.,En riesgo,NEU,NEU,2.9
Docente_2,Programación Orientada a Objetos,2021-1,41,4.0,3.2,3.4,La clase estuvo bien.,Estable,POS,NEU,3.533333333333333
Docente_11,Estructuras de Datos,2021-2,30,4.9,4.2,4.5,La clase estuvo bien.,Mejora,POS,NEU,4.533333333333334
Docente_19,Bases de Datos,2020-2,45,3.6,3.5,3.4,Los parciales no tienen nada que ver con lo visto en clase.,Estable,NEU,NEG,3.5
Docente_32,Bases de Datos,2022-1,27,4.0,4.1,4.2,"Asistencia puntual, pero falta dinamismo.",Estable,NEG,NEG,4.1000000000000005
Docente_45,Ética Profesional,2020-2,29,2.6,2.6,2.7,Falta mucha pedagogía.,En riesgo,NEG,NEG,2.6333333333333333
Docente_28,Programación Orientada a Objetos,2020-1,24,3.7,3.4,3.3,La clase es muy aburrida y monótona.,Estable,NEG,NEG,3.4666666666666663
Docente_8,Estructuras de Datos,2023-1,15,4.0,4.2,4.1,"El profesor es normal, ni muy bueno ni muy malo.",Mejora,NEU,NEU,4.1
Docente_20,Matemáticas Básicas,2023-2,16,3.4,3.5,4.9,Se podría mejorar un poco el material de estudio.,Estable,NEU,NEG,3.9333333333333336
Docente_9,Inteligencia Artificial,2023-2,23,4.4,4.4,4.1,Explica muy bien los temas.,Mejora,POS,POS,4.3
Docente_11,Bases de Datos,2021-2,26,3.6,1.5,2.4,Se podría mejorar un poco el material de estudio.,En riesgo,NEU,NEG,2.5
Docente_34,Inteligencia Artificial,2020-2,20,3.7,4.6,4.1,Los temas son difíciles pero se entienden.,Mejora,NEU,NEU,4.133333333333334
Docente_10,Bases de Datos,2022-2,29,4.0,3.5,4.0,Resuelve las dudas con mucha paciencia.,Estable,NEU,NEU,3.8333333333333335
Docente_18,Ética Profesional,2022-1,44,2.6,3.8,2.2,Falta mucha pedagogía.,En riesgo,NEG,NEG,2.866666666666667
Docente_5,Ética Profesional,2023-2,27,3.6,4.6,4.3,La clase estuvo bien.,Mejora,POS,NEU,4.166666666666667
Docente_39,Ingeniería de Software,2021-1,33,3.9,4.4,5.0,Se podría mejorar un poco el material de estudio.,Mejora,NEU,NEG,4.433333333333334
Docente_33,Ética Profesional,2022-1,19,3.9,3.9,3.7,Los temas son difíciles pero se entienden.,Estable,NEU,NEU,3.8333333333333335
Docente_38,Estructuras de Datos,2022-2,33,2.1,1.0,2.8,"El profesor es normal, ni muy bueno ni muy malo.",En riesgo,NEU,NEU,1.9666666666666668
Docente_26,Matemáticas Básicas,2020-1,15,3.3,3.4,4.0,Los talleres son muy útiles para aprender.,Estable,POS,POS,3.5666666666666664
Docente_15,Matemáticas Básicas,2020-2,30,4.1,3.6,4.2,Califica de forma injusta.,Estable,NEG,NEG,3.9666666666666663
Docente_21,Ética Profesional,2021-2,39,4.5,3.8,4.3,La clase estuvo bien.,Estable,POS,NEU,4.2
Docente_7,Programación Orientada a Objetos,2023-1,39,1.5,2.1,2.3,Falta mucha pedagogía.,En riesgo,NEG,NEG,1.9666666666666668
Docente_5,Matemáticas Básicas,2022-1,18,4.5,3.3,3.8,"Excelente profesor, muy claro.",Estable,POS,POS,3.8666666666666667
Docente_48,Matemáticas Básicas,2023-2,39,4.1,3.5,3.9,Se podría mejorar un poco el material de estudio.,Estable,NEU,NEG,3.8333333333333335
Docente_39,Ingeniería de Software,2020-1,44,4.6,4.8,4.9,Se nota que sabe mucho de la materia.,Mejora,NEU,NEU,4.766666666666667
Docente_21,Matemáticas Básicas,2023-2,27,3.0,2.9,2.3,Califica de forma injusta.,En riesgo,NEG,NEG,2.733333333333333
Docente_41,Estructuras de Datos,2021-2,21,4.2,4.7,3.6,Cumple con el programa.,Estable,NEU,NEU,4.166666666666667
Docente_32,Inteligencia Artificial,2022-1,22,2.1,3.4,2.6,No resuelve las dudas de los estudiantes.,En riesgo,NEG,NEG,2.6999999999999997
Docente_48,Programación Orientada a Objetos,2023-1,41,4.1,3.8,4.1,No resuelve las dudas de los estudiantes.,Estable,NEG,NEG,4.0
Docente_13,Matemáticas Básicas,2020-1,35,4.3,5.0,4.5,Los temas son difíciles pero se entienden.,Mejora,NEU,NEU,4.6000000000000005
Docente_7,Programación Orientada a Objetos,2020-1,40,4.2,4.2,3.9,Resuelve las dudas con mucha paciencia.,Estable,NEU,NEU,4.1000000000000005
Docente_1,Bases de Datos,2023-1,33,3.9,3.6,3.6,Llega tarde a las clases frecuentemente.,Estable,NEG,NEG,3.6999999999999997
Docente_5,Bases de Datos,2021-1,36,2.9,4.5,3.8,No resuelve las dudas de los estudiantes.,Estable,NEG,NEG,3.733333333333333
Docente_32,Programación Orientada a Objetos,2021-2,33,4.6,5.0,4.8,La clase estuvo bien.,Mejora,POS,NEU,4.8
Docente_33,Bases de Datos,2022-2,34,3.6,3.8,3.5,Llega tarde a las clases frecuentemente.,Estable,NEG,NEG,3.6333333333333333
Docente_9,Ética Profesional,2020-2,29,2.0,2.5,1.9,Falta mucha pedagogía.,En riesgo,NEG,NEG,2.1333333333333333
Docente_41,Inteligencia Artificial,2020-2,33,3.6,4.0,4.6,Se nota que sabe mucho de la materia.,Estable,NEU,NEU,4.066666666666666
Docente_9,Ética Profesional,2022-1,18,3.2,4.2,3.0,La clase es muy dinámica y entretenida.,Estable,POS,POS,3.466666666666667
Docente_32,Programación Orientada a Objetos,2020-1,34,1.5,2.7,3.3,Cumple con el programa.,En riesgo,NEU,NEU,2.5
Docente_22,Matemáticas Básicas,2021-2,41,2.7,2.2,2.7,Llega tarde a las clases frecuentemente.,En riesgo,NEG,NEG,2.5333333333333337
Docente_17,Inteligencia Artificial,2022-2,17,3.7,3.8,3.6,Los talleres son muy útiles para aprender.,Estable,POS,POS,3.6999999999999997
Docente_19,Matemáticas Básicas,2021-2,42,4.8,4.6,4.6,Cumple con el programa.,Mejora,NEU,NEU,4.666666666666666
Docente_40,Estructuras de Datos,2022-1,27,4.2,4.5,3.8,"El profesor es normal, ni muy bueno ni muy malo.",Mejora,NEU,NEU,4.166666666666667
Docente_4,Estructuras de Datos,2020-2,33,4.0,3.8,4.3,Califica de forma injusta.,Estable,NEG,NEG,4.033333333333333
Docente_17,Ingeniería de Software,2020-1,16,1.0,2.6,2.3,Los parciales no tienen nada que ver con lo visto en clase.,En riesgo,NEU,NEG,1.9666666666666668
Docente_27,Bases de Datos,2021-2,25,4.6,4.5,5.0,"Asistencia puntual, pero falta dinamismo.",Mejora,NEG,NEG,4.7
Docente_4,Programación Orientada a Objetos,2021-2,32,3.7,4.3,3.8,Los temas son difíciles pero se entienden.,Estable,NEU,NEU,3.9333333333333336
Docente_49,Ingeniería de Software,2020-1,22,4.3,3.2,2.0,La clase estuvo bien.,En riesgo,POS,NEU,3.1666666666666665
Docente_5,Ética Profesional,2020-1,26,4.7,4.5,4.0,"Excelente profesor, muy claro.",Mejora,POS,POS,4.3999999999999995
Docente_27,Estructuras de Datos,2020-2,43,3.8,3.9,4.9,Cumple con el programa.,Mejora,NEU,NEU,4.2
Docente_31,Programación Orientada a Objetos,2022-1,38,3.7,3.5,3.8,"Excelente profesor, muy claro.",Estable,POS,POS,3.6666666666666665
Docente_7,Matemáticas Básicas,2023-2,31,4.5,5.0,4.6,La clase es muy dinámica y entretenida.,Mejora,POS,POS,4.7
Docente_42,Bases de Datos,2023-1,30,4.8,3.6,4.6,Resuelve las dudas con mucha paciencia.,Mejora,NEU,NEU,4.333333333333333
Docente_15,Matemáticas Básicas,2020-1,15,4.0,4.4,3.9,"Asistencia puntual, pero falta dinamismo.",Mejora,NEG,NEG,4.1000000000000005
Docente_13,Estructuras de Datos,2023-1,36,5.0,4.2,3.7,Los temas son difíciles pero se entienden.,Mejora,NEU,NEU,4.3
Docente_48,Matemáticas Básicas,2023-2,16,2.8,3.5,2.4,Falta mucha pedagogía.,En riesgo,NEG,NEG,2.9
Docente_50,Inteligencia Artificial,2021-1,28,3.8,4.2,4.6,"No explica bien, me siento perdido.",Estable,NEG,NEG,4.2
Docente_36,Programación Orientada a Objetos,2020-2,29,2.4,2.6,2.5,La clase es muy aburrida y monótona.,En riesgo,NEG,NEG,2.5
Docente_40,Bases de Datos,2022-2,21,3.9,3.2,3.5,Los temas son difíciles pero se entienden.,Estable,NEU,NEU,3.533333333333333
Docente_28,Matemáticas Básicas,2021-2,22,1.8,2.9,1.8,La clase es muy aburrida y monótona.,En riesgo,NEG,NEG,2.1666666666666665
Docente_38,Matemáticas Básicas,2021-2,28,3.6,3.5,3.1,Llega tarde a las clases frecuentemente.,Estable,NEG,NEG,3.4
Docente_37,Matemáticas Básicas,2020-1,42,2.7,2.5,1.6,Se podría mejorar un poco el material de estudio.,En riesgo,NEU,NEG,2.266666666666667
Docente_16,Ética Profesional,2020-1,17,4.1,3.9,3.1,"Excelente profesor, muy claro.",Estable,POS,POS,3.6999999999999997
Docente_9,Inteligencia Artificial,2021-1,24,1.2,3.4,3.0,"No explica bien, me siento perdido.",En riesgo,NEG,NEG,2.533333333333333
Docente_21,Bases de Datos,2021-2,24,4.0,4.2,3.3,Resuelve las dudas con mucha paciencia.,Estable,NEU,NEU,3.8333333333333335
Docente_39,Inteligencia Artificial,2023-2,36,4.3,3.5,4.3,La clase es muy dinámica y entretenida.,Estable,POS,POS,4.033333333333333
Docente_43,Matemáticas Básicas,2020-2,23,4.2,3.6,3.2,Llega tarde a las clases frecuentemente.,Estable,NEG,NEG,3.6666666666666665
Docente_14,Inteligencia Artificial,2022-2,43,4.0,3.4,3.2,La clase estuvo bien.,Estable,POS,NEU,3.5333333333333337
Docente_29,Ingeniería de Software,2022-1,45,3.8,3.8,4.5,Se podría mejorar un poco el material de estudio.,Estable,NEU,NEG,4.033333333333333
Docente_50,Estructuras de Datos,2022-1,42,3.2,4.5,4.2,La clase estuvo bien.,Estable,POS,NEU,3.966666666666667
Docente_34,Bases de Datos,2022-2,37,4.0,3.5,3.0,Llega tarde a las clases frecuentemente.,Estable,NEG,NEG,3.5
Docente_33,Matemáticas Básicas,2020-1,26,2.8,3.4,4.4,"No explica bien, me siento perdido.",Estable,NEG,NEG,3.533333333333333
Docente_46,Estructuras de Datos,2023-2,23,3.9,3.7,2.8,Se nota que sabe mucho de la materia.,Estable,NEU,NEU,3.4666666666666663
Docente_14,Programación Orientada a Objetos,2021-2,24,4.2,2.9,5.0,Llega tarde a las clases frecuentemente.,Estable,NEG,NEG,4.033333333333333
Docente_14,Matemáticas Básicas,2022-2,38,4.5,4.5,3.4,Resuelve las dudas con mucha paciencia.,Estable,NEU,NEU,4.133333333333334
Docente_3,Programación Orientada a Objetos,2023-2,35,4.3,5.0,4.6,"Asistencia puntual, pero falta dinamismo.",Mejora,NEG,NEG,4.633333333333334
Docente_30,Matemáticas Básicas,2020-1,30,4.1,3.6,4.3,"Excelente profesor, muy claro.",Estable,POS,POS,4.0
Docente_18,Bases de Datos,2023-1,24,4.7,4.5,4.5,"Excelente profesor, muy claro.",Mejora,POS,POS,4.566666666666666
Docente_4,Bases de Datos,2023-1,30,2.8,3.8,3.7,Explica muy bien los temas.,Estable,POS,POS,3.4333333333333336
Docente_25,Inteligencia Artificial,2023-2,16,3.9,4.4,4.1,La clase estuvo bien.,Estable,POS,NEU,4.133333333333334
Docente_14,Inteligencia Artificial,2021-1,36,2.2,3.1,1.9,Falta mucha pedagogía.,En riesgo,NEG,NEG,2.4000000000000004
Docente_35,Matemáticas Básicas,2022-1,16,4.6,4.5,4.1,Cumple con el programa.,Mejora,NEU,NEU,4.3999999999999995
Docente_49,Bases de Datos,2020-1,44,3.1,1.2,1.5,"El profesor es normal, ni muy bueno ni muy malo.",En riesgo,NEU,NEU,1.9333333333333333
Docente_49,Bases de Datos,2022-1,40,1.0,3.2,1.5,"Asistencia puntual, pero falta dinamismo.",En riesgo,NEG,NEG,1.9000000000000001
Docente_38,Programación Orientada a Objetos,2020-1,25,3.8,3.5,4.2,Falta mucha pedagogía.,Estable,NEG,NEG,3.8333333333333335
Docente_28,Ética Profesional,2023-1,40,4.3,4.4,3.8,"Excelente profesor, muy claro.",Estable,POS,POS,4.166666666666667
Docente_7,Estructuras de Datos,2023-1,45,4.0,4.1,3.5,"El profesor es normal, ni muy bueno ni muy malo.",Estable,NEU,NEU,3.8666666666666667
Docente_35,Inteligencia Artificial,2023-1,33,4.0,3.0,2.2,Se podría mejorar un poco el material de estudio.,En riesgo,NEU,NEG,3.0666666666666664
Docente_37,Ética Profesional,2022-1,20,3.6,3.6,4.8,"Asistencia puntual, pero falta dinamismo.",Estable,NEG,NEG,4.0
Docente_30,Ingeniería de Software,2021-2,19,2.4,3.2,1.0,"No explica bien, me siento perdido.",En riesgo,NEG,NEG,2.1999999999999997
Docente_18,Ética Profesional,2022-1,17,4.4,5.0,3.3,La clase estuvo bien.,Estable,POS,NEU,4.233333333333333
Docente_50,Estructuras de Datos,2022-1,25,3.0,2.5,2.5,"El profesor es normal, ni muy bueno ni muy malo.",En riesgo,NEU,NEU,2.6666666666666665
Docente_26,Matemáticas Básicas,2022-1,26,4.0,3.7,4.6,Cumple con el programa.,Estable,NEU,NEU,4.1000000000000005
Docente_43,Bases de Datos,2020-1,18,4.3,5.0,4.4,Resuelve las dudas con mucha paciencia.,Mejora,NEU,NEU,4.566666666666667
Docente_37,Ingeniería de Software,2022-2,41,2.3,3.0,2.3,Llega tarde a las clases frecuentemente.,En riesgo,NEG,NEG,2.533333333333333
Docente_12,Inteligencia Artificial,2023-2,15,1.9,3.5,2.3,La clase estuvo bien.,En riesgo,POS,NEU,2.566666666666667
Docente_1,Inteligencia Artificial,2020-1,45,3.8,2.9,3.2,Se podría mejorar un poco el material de estudio.,Estable,NEU,NEG,3.2999999999999994
Docente_31,Ingeniería de Software,2021-2,28,3.7,3.6,3.5,"Excelente profesor, muy claro.",Estable,POS,POS,3.6
Docente_38,Matemáticas Básicas,2022-1,43,5.0,4.6,4.9,"El profesor es normal, ni muy bueno ni muy malo.",Mejora,NEU,NEU,4.833333333333333
Docente_36,Bases de Datos,2020-2,29,3.9,4.4,4.4,Los talleres son muy útiles para aprender.,Estable,POS,POS,4.233333333333333
Docente_17,Ética Profesional,2022-1,23,3.6,4.0,4.0,Califica de forma injusta.,Estable,NEG,NEG,3.8666666666666667
Docente_9,Programación Orientada a Objetos,2021-1,19,4.7,4.9,4.8,"El profesor es normal, ni muy bueno ni muy malo.",Mejora,NEU,NEU,4.800000000000001
Docente_42,Matemáticas Básicas,2021-2,18,2.5,2.5,1.9,Los temas son difíciles pero se entienden.,En riesgo,NEU,NEU,2.3000000000000003
Docente_3,Programación Orientada a Objetos,2023-2,33,4.0,5.0,3.6,Los temas son difíciles pero se entienden.,Estable,NEU,NEU,4.2
Docente_3,Estructuras de Datos,2021-2,16,4.2,4.4,4.0,Se podría mejorar un poco el material de estudio.,Mejora,NEU,NEG,4.2
Docente_17,Bases de Datos,2020-1,36,3.4,3.5,4.8,Se podría mejorar un poco el material de estudio.,Estable,NEU,NEG,3.9
Docente_35,Ingeniería de Software,2020-1,34,3.5,4.1,3.8,La clase estuvo bien.,Estable,POS,NEU,3.7999999999999994
Docente_23,Matemáticas Básicas,2020-2,31,3.7,3.0,3.2,La clase es muy aburrida y monótona.,Estable,NEG,NEG,3.3000000000000003
Docente_8,Estructuras de Datos,2020-2,22,4.1,4.2,4.4,La clase es muy dinámica y entretenida.,Mejora,POS,POS,4.233333333333333
Docente_21,Estructuras de Datos,2022-2,41,2.9,2.1,1.1,Los temas son difíciles pero se entienden.,En riesgo,NEU,NEU,2.033333333333333
Docente_27,Matemáticas Básicas,2023-1,43,3.6,3.8,3.2,"El profesor es normal, ni muy bueno ni muy malo.",Estable,NEU,NEU,3.5333333333333337
Docente_10,Matemáticas Básicas,2022-2,34,3.6,3.8,3.3,Se podría mejorar un poco el material de estudio.,Estable,NEU,NEG,3.5666666666666664
Docente_22,Inteligencia Artificial,2022-2,30,4.1,4.5,4.6,Resuelve las dudas con mucha paciencia.,Mejora,NEU,NEU,4.3999999999999995
Docente_40,Matemáticas Básicas,2021-1,26,3.8,4.4,4.0,"Excelente profesor, muy claro.",Estable,POS,POS,4.066666666666666
Docente_19,Programación Orientada a Objetos,2020-1,18,4.6,4.6,4.6,"El profesor es normal, ni muy bueno ni muy malo.",Mejora,NEU,NEU,4.6
Docente_14,Ética Profesional,2022-2,31,4.0,4.0,4.6,No resuelve las dudas de los estudiantes.,Estable,NEG,NEG,4.2
Docente_38,Ingeniería de Software,2022-2,45,2.7,2.8,1.7,No resuelve las dudas de los estudiantes.,En riesgo,NEG,NEG,2.4
Docente_25,Ética Profesional,2020-1,36,5.0,4.7,4.7,Se podría mejorar un poco el material de estudio.,Mejora,NEU,NEG,4.8
Docente_10,Inteligencia Artificial,2020-2,45,4.6,4.5,4.6,"Excelente profesor, muy claro.",Mejora,POS,POS,4.566666666666666
Docente_15,Estructuras de Datos,2023-1,32,4.0,3.2,3.3,La clase es muy dinámica y entretenida.,Estable,POS,POS,3.5
Docente_34,Ética Profesional,2020-1,34,4.5,5.0,4.8,La clase estuvo bien.,Mejora,POS,NEU,4.766666666666667
Docente_43,Estructuras de Datos,2023-2,25,4.5,4.6,4.1,Resuelve las dudas con mucha paciencia.,Mejora,NEU,NEU,4.3999999999999995
Docente_13,Ética Profesional,2022-1,44,4.6,5.0,5.0,La clase es muy dinámica y entretenida.,Mejora,POS,POS,4.866666666666666
Docente_22,Programación Orientada a Objetos,2022-2,22,4.0,4.6,3.9,La clase es muy aburrida y monótona.,Estable,NEG,NEG,4.166666666666667
Docente_21,Ingeniería de Software,2020-2,37,4.1,3.2,4.5,La clase estuvo bien.,Estable,POS,NEU,3.9333333333333336
Docente_29,Ingeniería de Software,2023-1,26,4.2,3.9,4.1,Se nota que sabe mucho de la materia.,Estable,NEU,NEU,4.066666666666666
Docente_23,Estructuras de Datos,2020-2,44,3.7,3.5,4.2,Se podría mejorar un poco el material de estudio.,Estable,NEU,NEG,3.8000000000000003
Docente_42,Inteligencia Artificial,2021-2,29,5.0,4.3,4.4,"Asistencia puntual, pero falta dinamismo.",Mejora,NEG,NEG,4.566666666666667
Docente_27,Programación Orientada a Objetos,2021-1,44,3.4,2.0,3.6,Cumple con el programa.,En riesgo,NEU,NEU,3.0
Docente_16,Ética Profesional,2023-1,36,3.4,3.5,2.9,Los parciales no tienen nada que ver con lo visto en clase.,Estable,NEU,NEG,3.266666666666667
Docente_43,Programación Orientada a Objetos,2022-1,40,4.3,5.0,4.8,Resuelve las dudas con mucha paciencia.,Mejora,NEU,NEU,4.7
Docente_22,Bases de Datos,2020-2,17,3.7,4.2,3.8,"No explica bien, me siento perdido.",Estable,NEG,NEG,3.9
Docente_27,Estructuras de Datos,2021-1,33,2.4,1.7,2.4,La clase estuvo bien.,En riesgo,POS,NEU,2.1666666666666665
Docente_41,Ética Profesional,2021-2,43,3.9,3.8,3.7,Los talleres son muy útiles para aprender.,Estable,POS,POS,3.7999999999999994
